PRAGMA foreign_keys=OFF;
BEGIN TRANSACTION;
/*CREATE TABLE bd_bModel_master_Categories (
  ID NVARCHAR(36) NOT NULL,
  createdAt TIMESTAMP_TEXT,
  createdBy NVARCHAR(255),
  modifiedAt TIMESTAMP_TEXT,
  modifiedBy NVARCHAR(255),
  CategoryName NVARCHAR(100) NOT NULL,
  Description NVARCHAR(255),
  PRIMARY KEY(ID)
);
*/INSERT INTO bd_bModel_master_Categories VALUES('68f67d3c-afe2-4f11-a473-32a5d253d719','2025-10-27T13:29:22.666Z','anonymous','2025-10-27T13:29:22.666Z','anonymous','Beverages','Soft drinks, coffees, teas, beers, and ales');
INSERT INTO bd_bModel_master_Categories VALUES('7889b9c8-ce1b-4560-a45d-8c16a3740a92','2025-10-27T13:29:22.666Z','anonymous','2025-10-27T13:29:22.666Z','anonymous','Condiments','Sweet and savory sauces, relishes, spreads, and seasonings');
INSERT INTO bd_bModel_master_Categories VALUES('f84dc87c-affb-402c-ad51-d55f328eb152','2025-10-27T13:29:22.666Z','anonymous','2025-10-27T13:29:22.666Z','anonymous','Confections','Desserts, candies, and sweet breads');
INSERT INTO bd_bModel_master_Categories VALUES('f5550c69-4895-4cbb-a17e-c4b28065e818','2025-10-27T13:29:22.666Z','anonymous','2025-10-27T13:29:22.666Z','anonymous','Dairy Products','Cheeses');
INSERT INTO bd_bModel_master_Categories VALUES('bae1d83c-dada-4d9c-9a83-dcdf2e213d2c','2025-10-27T13:29:22.666Z','anonymous','2025-10-27T13:29:22.666Z','anonymous','Grains/Cereals','Breads, crackers, pasta, and cereal');
INSERT INTO bd_bModel_master_Categories VALUES('b99f1dce-9501-429f-b92b-0752a0d89ef7','2025-10-27T13:29:22.666Z','anonymous','2025-10-27T13:29:22.666Z','anonymous','Meat/Poultry','Prepared meats');
INSERT INTO bd_bModel_master_Categories VALUES('2decc9d4-95d0-4b79-91c7-6dc3adbd1a79','2025-10-27T13:29:22.666Z','anonymous','2025-10-27T13:29:22.666Z','anonymous','Produce','Dried fruit and bean curd');
INSERT INTO bd_bModel_master_Categories VALUES('f5439b8c-113d-4058-ad62-131c7d126ed9','2025-10-27T13:29:22.666Z','anonymous','2025-10-27T13:29:22.666Z','anonymous','Seafood','Seaweed and fish');
/*CREATE TABLE bd_bModel_master_Products (
  ID NVARCHAR(36) NOT NULL,
  createdAt TIMESTAMP_TEXT,
  createdBy NVARCHAR(255),
  modifiedAt TIMESTAMP_TEXT,
  modifiedBy NVARCHAR(255),
  CategoryID INTEGER,
  SupplierID INTEGER,
  ProductName NVARCHAR(100) NOT NULL,
  supplier_ID NVARCHAR(36),
  category_ID NVARCHAR(36),
  QuantityPerUnit NVARCHAR(100),
  UnitPrice DECIMAL(15, 2),
  UnitsInStock INTEGER,
  UnitsOnOrder INTEGER,
  ReorderLevel INTEGER,
  Discontinued BOOLEAN,
  PRIMARY KEY(ID)
);
*/INSERT INTO bd_bModel_master_Products VALUES('7de6743b-6020-4311-a567-e8593d1c9194','2025-10-27T13:29:22.666Z','anonymous','2025-10-27T13:29:22.666Z','anonymous',1,1,'Chai','8d7bb7a4-6c6e-41dd-8808-5f9fed02009a','68f67d3c-afe2-4f11-a473-32a5d253d719','10 boxes x 20 bags',18,39,0,10,0);
INSERT INTO bd_bModel_master_Products VALUES('d035bf2d-d722-4141-8418-3f51bf3c26a0','2025-10-27T13:29:22.666Z','anonymous','2025-10-27T13:29:22.666Z','anonymous',1,1,'Chang','8d7bb7a4-6c6e-41dd-8808-5f9fed02009a','68f67d3c-afe2-4f11-a473-32a5d253d719','24 - 12 oz bottles',19,17,40,25,0);
INSERT INTO bd_bModel_master_Products VALUES('fd8f09fa-b580-4de0-a23f-59993c884a5d','2025-10-27T13:29:22.666Z','anonymous','2025-10-27T13:29:22.666Z','anonymous',2,1,'Aniseed Syrup','8d7bb7a4-6c6e-41dd-8808-5f9fed02009a','7889b9c8-ce1b-4560-a45d-8c16a3740a92','12 - 550 ml bottles',10,13,70,25,0);
INSERT INTO bd_bModel_master_Products VALUES('377f893e-4e4b-4d30-b9e6-46fdf909c875','2025-10-27T13:29:22.666Z','anonymous','2025-10-27T13:29:22.666Z','anonymous',2,2,'Chef Anton''s Cajun Seasoning','aca0dc78-533e-4657-a5a1-e500b417b50c','7889b9c8-ce1b-4560-a45d-8c16a3740a92','48 - 6 oz jars',22,53,0,0,0);
INSERT INTO bd_bModel_master_Products VALUES('55f538c0-9c54-449a-bb52-df63806a235b','2025-10-27T13:29:22.666Z','anonymous','2025-10-27T13:29:22.666Z','anonymous',2,2,'Chef Anton''s Gumbo Mix','aca0dc78-533e-4657-a5a1-e500b417b50c','7889b9c8-ce1b-4560-a45d-8c16a3740a92','36 boxes',21.35000000000000142,0,0,0,1);
INSERT INTO bd_bModel_master_Products VALUES('bf2483f5-acd5-4ce6-86d2-f97865307646','2025-10-27T13:29:22.666Z','anonymous','2025-10-27T13:29:22.666Z','anonymous',2,3,'Grandma''s Boysenberry Spread','8ad92cff-0490-4035-add4-de96fa2f91b8','7889b9c8-ce1b-4560-a45d-8c16a3740a92','12 - 8 oz jars',25,120,0,25,0);
INSERT INTO bd_bModel_master_Products VALUES('6ceacd29-44b7-4a1e-b42c-d79f62e98434','2025-10-27T13:29:22.666Z','anonymous','2025-10-27T13:29:22.666Z','anonymous',7,3,'Uncle Bob''s Organic Dried Pears','8ad92cff-0490-4035-add4-de96fa2f91b8','2decc9d4-95d0-4b79-91c7-6dc3adbd1a79','12 - 1 lb pkgs.',30,15,0,10,0);
INSERT INTO bd_bModel_master_Products VALUES('83ca1d46-51dd-40a1-adea-0a554c73589d','2025-10-27T13:29:22.666Z','anonymous','2025-10-27T13:29:22.666Z','anonymous',2,3,'Northwoods Cranberry Sauce','8ad92cff-0490-4035-add4-de96fa2f91b8','7889b9c8-ce1b-4560-a45d-8c16a3740a92','12 - 12 oz jars',40,6,0,0,0);
INSERT INTO bd_bModel_master_Products VALUES('c94ca1e6-5e7b-4120-94b0-95bf0f020281','2025-10-27T13:29:22.666Z','anonymous','2025-10-27T13:29:22.666Z','anonymous',6,4,'Mishi Kobe Niku','c2fee4c8-c1d8-427a-9557-a3af41dd84fe','b99f1dce-9501-429f-b92b-0752a0d89ef7','18 - 500 g pkgs.',97,29,0,0,1);
INSERT INTO bd_bModel_master_Products VALUES('6b4ba78c-9fc2-4d0c-b782-000f23f19b45','2025-10-27T13:29:22.666Z','anonymous','2025-10-27T13:29:22.666Z','anonymous',8,4,'Ikura','c2fee4c8-c1d8-427a-9557-a3af41dd84fe','f5439b8c-113d-4058-ad62-131c7d126ed9','12 - 200 ml jars',31,31,0,0,0);
INSERT INTO bd_bModel_master_Products VALUES('daab8b86-f920-4398-a6ad-31c8405acde5','2025-10-27T13:29:22.666Z','anonymous','2025-10-27T13:29:22.666Z','anonymous',4,5,'Queso Cabrales','f44e3eff-64e2-400d-af42-61bf094e2f04','f5550c69-4895-4cbb-a17e-c4b28065e818','1 kg pkg.',21,22,30,30,0);
INSERT INTO bd_bModel_master_Products VALUES('2734832e-293d-4f68-a68f-94f76b82baeb','2025-10-27T13:29:22.666Z','anonymous','2025-10-27T13:29:22.666Z','anonymous',4,5,'Queso Manchego La Pastora','f44e3eff-64e2-400d-af42-61bf094e2f04','f5550c69-4895-4cbb-a17e-c4b28065e818','10 - 500 g pkgs.',38,86,0,0,0);
INSERT INTO bd_bModel_master_Products VALUES('2892fb11-61f6-49d2-853f-2be3d75bca38','2025-10-27T13:29:22.666Z','anonymous','2025-10-27T13:29:22.666Z','anonymous',8,6,'Konbu','c0951073-ca62-41db-b1dd-c2f324fcbbfb','f5439b8c-113d-4058-ad62-131c7d126ed9','2 kg box',6,24,0,5,0);
INSERT INTO bd_bModel_master_Products VALUES('aeb124c7-33b6-43d2-82b8-37a159d119a5','2025-10-27T13:29:22.666Z','anonymous','2025-10-27T13:29:22.666Z','anonymous',7,6,'Tofu','c0951073-ca62-41db-b1dd-c2f324fcbbfb','2decc9d4-95d0-4b79-91c7-6dc3adbd1a79','40 - 100 g pkgs.',23.25,35,0,0,0);
INSERT INTO bd_bModel_master_Products VALUES('33606a6b-a285-4ab6-a796-da9f04e5a03a','2025-10-27T13:29:22.666Z','anonymous','2025-10-27T13:29:22.666Z','anonymous',2,6,'Genen Shouyu','c0951073-ca62-41db-b1dd-c2f324fcbbfb','7889b9c8-ce1b-4560-a45d-8c16a3740a92','24 - 250 ml bottles',15.499999999999999999,39,0,5,0);
INSERT INTO bd_bModel_master_Products VALUES('6a1c725b-dee6-4eb9-8a75-495f304b77b7','2025-10-27T13:29:22.666Z','anonymous','2025-10-27T13:29:22.666Z','anonymous',3,7,'Pavlova','d4fcf7b2-92a2-469e-bb6d-e3a71729a92b','f84dc87c-affb-402c-ad51-d55f328eb152','32 - 500 g boxes',17.449999999999999289,29,0,10,0);
INSERT INTO bd_bModel_master_Products VALUES('5f93efa9-286d-4b5c-95cf-5a0025e04ad4','2025-10-27T13:29:22.666Z','anonymous','2025-10-27T13:29:22.666Z','anonymous',6,7,'Alice Mutton','d4fcf7b2-92a2-469e-bb6d-e3a71729a92b','b99f1dce-9501-429f-b92b-0752a0d89ef7','20 - 1 kg tins',39,0,0,0,1);
INSERT INTO bd_bModel_master_Products VALUES('db942f84-facb-4e37-90db-01ef82b42b58','2025-10-27T13:29:22.666Z','anonymous','2025-10-27T13:29:22.666Z','anonymous',8,7,'Carnarvon Tigers','d4fcf7b2-92a2-469e-bb6d-e3a71729a92b','f5439b8c-113d-4058-ad62-131c7d126ed9','16 kg pkg.',62.5,42,0,0,0);
INSERT INTO bd_bModel_master_Products VALUES('38167d1b-53c8-4a4f-a7aa-56974b7fb238','2025-10-27T13:29:22.666Z','anonymous','2025-10-27T13:29:22.666Z','anonymous',3,8,'Teatime Chocolate Biscuits','73a84c5d-f85e-4b72-ad78-1c1f0daf5102','f84dc87c-affb-402c-ad51-d55f328eb152','10 boxes x 12 pieces',9.1999999999999992894,25,0,5,0);
INSERT INTO bd_bModel_master_Products VALUES('7f1ee843-9277-4b9b-9170-af013620fadb','2025-10-27T13:29:22.666Z','anonymous','2025-10-27T13:29:22.666Z','anonymous',3,8,'Sir Rodney''s Marmalade','73a84c5d-f85e-4b72-ad78-1c1f0daf5102','f84dc87c-affb-402c-ad51-d55f328eb152','30 gift boxes',81,40,0,0,0);
INSERT INTO bd_bModel_master_Products VALUES('e4be96da-d22f-4f97-b9ae-261079922e53','2025-10-27T13:29:22.666Z','anonymous','2025-10-27T13:29:22.666Z','anonymous',3,8,'Sir Rodney''s Scones','73a84c5d-f85e-4b72-ad78-1c1f0daf5102','f84dc87c-affb-402c-ad51-d55f328eb152','24 pkgs. x 4 pieces',10,3,40,5,0);
INSERT INTO bd_bModel_master_Products VALUES('dd69be7a-4bd2-49dc-947b-7bf2f98d83b3','2025-10-27T13:29:22.666Z','anonymous','2025-10-27T13:29:22.666Z','anonymous',5,9,'Gustaf''s Knäckebröd','e75a48d0-ede3-4847-b6e4-9d31854f9725','bae1d83c-dada-4d9c-9a83-dcdf2e213d2c','24 - 500 g pkgs.',21,104,0,25,0);
INSERT INTO bd_bModel_master_Products VALUES('10186b38-f62c-4dd8-84f2-76ae6b3644bb','2025-10-27T13:29:22.666Z','anonymous','2025-10-27T13:29:22.666Z','anonymous',5,9,'Tunnbröd','e75a48d0-ede3-4847-b6e4-9d31854f9725','bae1d83c-dada-4d9c-9a83-dcdf2e213d2c','12 - 250 g pkgs.',9,61,0,25,0);
INSERT INTO bd_bModel_master_Products VALUES('eb201e52-7e31-4014-bc7c-94e65b4aaab9','2025-10-27T13:29:22.666Z','anonymous','2025-10-27T13:29:22.666Z','anonymous',1,10,'Guaraná Fantástica','9f9e14ef-5130-4f12-86e1-d2d12f78cc0f','68f67d3c-afe2-4f11-a473-32a5d253d719','12 - 355 ml cans',4.5,20,0,0,1);
INSERT INTO bd_bModel_master_Products VALUES('2d67473c-999d-41b4-8f60-d51aa714310e','2025-10-27T13:29:22.666Z','anonymous','2025-10-27T13:29:22.666Z','anonymous',3,11,'NuNuCa Nuß-Nougat-Creme','9f0ee6ab-74b2-4e27-88e2-924378d008aa','f84dc87c-affb-402c-ad51-d55f328eb152','20 - 450 g glasses',14,76,0,30,0);
INSERT INTO bd_bModel_master_Products VALUES('5e60ddf4-b75f-44f5-9f01-08447e967930','2025-10-27T13:29:22.666Z','anonymous','2025-10-27T13:29:22.666Z','anonymous',3,11,'Gumbär Gummibärchen','9f0ee6ab-74b2-4e27-88e2-924378d008aa','f84dc87c-affb-402c-ad51-d55f328eb152','100 - 250 g bags',31.230000000000000426,15,0,0,0);
INSERT INTO bd_bModel_master_Products VALUES('4fd53107-de9b-4a17-b941-6fadcaaf0621','2025-10-27T13:29:22.666Z','anonymous','2025-10-27T13:29:22.666Z','anonymous',3,11,'Schoggi Schokolade','9f0ee6ab-74b2-4e27-88e2-924378d008aa','f84dc87c-affb-402c-ad51-d55f328eb152','100 - 100 g pieces',43.89999999999999858,49,0,30,0);
INSERT INTO bd_bModel_master_Products VALUES('d33484ce-4d80-4b36-b2ff-e5d4984fb426','2025-10-27T13:29:22.666Z','anonymous','2025-10-27T13:29:22.666Z','anonymous',7,12,'Rössle Sauerkraut','4af6a023-a9b1-4b08-9a22-6af515d2aeeb','2decc9d4-95d0-4b79-91c7-6dc3adbd1a79','25 - 825 g cans',45.600000000000001421,26,0,0,1);
INSERT INTO bd_bModel_master_Products VALUES('62df289c-31be-47ca-a287-4bb69fd4f7ce','2025-10-27T13:29:22.666Z','anonymous','2025-10-27T13:29:22.666Z','anonymous',6,12,'Thüringer Rostbratwurst','4af6a023-a9b1-4b08-9a22-6af515d2aeeb','b99f1dce-9501-429f-b92b-0752a0d89ef7','50 bags x 30 sausgs.',123.79000000000000624,0,0,0,1);
INSERT INTO bd_bModel_master_Products VALUES('4db2864c-364c-4b93-8b40-f79888c0b8be','2025-10-27T13:29:22.666Z','anonymous','2025-10-27T13:29:22.666Z','anonymous',8,13,'Nord-Ost Matjeshering','bd3fbd0c-d1d1-430a-90cb-48445a5e0ca8','f5439b8c-113d-4058-ad62-131c7d126ed9','10 - 200 g glasses',25.890000000000000569,10,0,15,0);
INSERT INTO bd_bModel_master_Products VALUES('7b7b9f47-c481-4faa-9aba-d82246db9df9','2025-10-27T13:29:22.666Z','anonymous','2025-10-27T13:29:22.666Z','anonymous',4,14,'Gorgonzola Telino','75f2bea0-49fe-4853-8d45-993a0f8fa0b6','f5550c69-4895-4cbb-a17e-c4b28065e818','12 - 100 g pkgs',12.5,0,70,20,0);
INSERT INTO bd_bModel_master_Products VALUES('6129d6da-4651-49e1-adc3-4e4fe20c7c46','2025-10-27T13:29:22.666Z','anonymous','2025-10-27T13:29:22.666Z','anonymous',4,14,'Mascarpone Fabioli','75f2bea0-49fe-4853-8d45-993a0f8fa0b6','f5550c69-4895-4cbb-a17e-c4b28065e818','24 - 200 g pkgs.',32,9,40,25,0);
INSERT INTO bd_bModel_master_Products VALUES('ceecbc92-43e2-47a0-b254-07e8cf6a34ce','2025-10-27T13:29:22.666Z','anonymous','2025-10-27T13:29:22.666Z','anonymous',4,15,'Geitost','a2953d68-3d1f-4954-a27e-a0d91a9b1645','f5550c69-4895-4cbb-a17e-c4b28065e818','500 g',2.5,112,0,20,0);
INSERT INTO bd_bModel_master_Products VALUES('ec385635-5e7b-4344-af8e-55dd020c3f35','2025-10-27T13:29:22.666Z','anonymous','2025-10-27T13:29:22.666Z','anonymous',1,16,'Sasquatch Ale','e2827c41-8376-468b-b8ad-b85386dc5df3','68f67d3c-afe2-4f11-a473-32a5d253d719','24 - 12 oz bottles',14,111,0,15,0);
INSERT INTO bd_bModel_master_Products VALUES('2f16c2bf-e0ac-4176-b2d5-a54ddc883216','2025-10-27T13:29:22.666Z','anonymous','2025-10-27T13:29:22.666Z','anonymous',1,16,'Steeleye Stout','e2827c41-8376-468b-b8ad-b85386dc5df3','68f67d3c-afe2-4f11-a473-32a5d253d719','24 - 12 oz bottles',18,20,0,15,0);
INSERT INTO bd_bModel_master_Products VALUES('95849f20-38a6-4ba9-be6e-fe3fc089c1a0','2025-10-27T13:29:22.666Z','anonymous','2025-10-27T13:29:22.666Z','anonymous',8,17,'Inlagd Sill','d1c0b2e6-0c95-4c0b-8b14-456ea2bcb683','f5439b8c-113d-4058-ad62-131c7d126ed9','24 - 250 g  jars',19,112,0,20,0);
INSERT INTO bd_bModel_master_Products VALUES('402cedcc-b56f-4944-a72c-14937b105d70','2025-10-27T13:29:22.666Z','anonymous','2025-10-27T13:29:22.666Z','anonymous',8,17,'Gravad lax','d1c0b2e6-0c95-4c0b-8b14-456ea2bcb683','f5439b8c-113d-4058-ad62-131c7d126ed9','12 - 500 g pkgs.',26,11,50,25,0);
INSERT INTO bd_bModel_master_Products VALUES('7922d03a-e47a-4447-8e69-52ae4048096c','2025-10-27T13:29:22.666Z','anonymous','2025-10-27T13:29:22.666Z','anonymous',1,18,'Côte de Blaye','3089ebe7-7eb8-42f3-a277-7267389004c0','68f67d3c-afe2-4f11-a473-32a5d253d719','12 - 75 cl bottles',263.49999999999999999,17,0,15,0);
INSERT INTO bd_bModel_master_Products VALUES('43941126-b9b1-43b9-899d-e5ac8dfea469','2025-10-27T13:29:22.666Z','anonymous','2025-10-27T13:29:22.666Z','anonymous',1,18,'Chartreuse verte','3089ebe7-7eb8-42f3-a277-7267389004c0','68f67d3c-afe2-4f11-a473-32a5d253d719','750 cc per bottle',18,69,0,5,0);
INSERT INTO bd_bModel_master_Products VALUES('9af2661d-5349-466f-94a7-cbab4974ab98','2025-10-27T13:29:22.666Z','anonymous','2025-10-27T13:29:22.666Z','anonymous',8,19,'Boston Crab Meat','c110a7ef-104a-413f-b3f2-3ace7c4a1b18','f5439b8c-113d-4058-ad62-131c7d126ed9','24 - 4 oz tins',18.399999999999998578,123,0,30,0);
INSERT INTO bd_bModel_master_Products VALUES('c9b5f962-eeed-40da-bbea-cc9e34960b3b','2025-10-27T13:29:22.666Z','anonymous','2025-10-27T13:29:22.666Z','anonymous',8,19,'Jack''s New England Clam Chowder','c110a7ef-104a-413f-b3f2-3ace7c4a1b18','f5439b8c-113d-4058-ad62-131c7d126ed9','12 - 12 oz cans',9.6500000000000003552,85,0,10,0);
INSERT INTO bd_bModel_master_Products VALUES('34e5f361-c815-4963-a6a7-fff7fe05c89c','2025-10-27T13:29:22.666Z','anonymous','2025-10-27T13:29:22.666Z','anonymous',5,20,'Singaporean Hokkien Fried Mee','f33f0f83-15f2-48d9-83f8-c438d19fb54d','bae1d83c-dada-4d9c-9a83-dcdf2e213d2c','32 - 1 kg pkgs.',14,26,0,0,1);
INSERT INTO bd_bModel_master_Products VALUES('114995a4-b437-479c-b68d-bd561c459916','2025-10-27T13:29:22.666Z','anonymous','2025-10-27T13:29:22.666Z','anonymous',1,20,'Ipoh Coffee','f33f0f83-15f2-48d9-83f8-c438d19fb54d','68f67d3c-afe2-4f11-a473-32a5d253d719','16 - 500 g tins',46,17,10,25,0);
INSERT INTO bd_bModel_master_Products VALUES('76df74fb-0dd3-4137-98c7-d108bb7768f2','2025-10-27T13:29:22.666Z','anonymous','2025-10-27T13:29:22.666Z','anonymous',2,20,'Gula Malacca','f33f0f83-15f2-48d9-83f8-c438d19fb54d','7889b9c8-ce1b-4560-a45d-8c16a3740a92','20 - 2 kg bags',19.449999999999999289,27,0,15,0);
INSERT INTO bd_bModel_master_Products VALUES('61892a7b-caa4-4e0d-b2b3-648a3d941f0a','2025-10-27T13:29:22.666Z','anonymous','2025-10-27T13:29:22.666Z','anonymous',8,21,'Rogede sild','ff0cfdb3-6410-477c-a510-a3a2b5b81ecb','f5439b8c-113d-4058-ad62-131c7d126ed9','1k pkg.',9.5,5,70,15,0);
INSERT INTO bd_bModel_master_Products VALUES('8fe8ff6c-eab5-4567-bcc4-24f9fa24cb88','2025-10-27T13:29:22.666Z','anonymous','2025-10-27T13:29:22.666Z','anonymous',8,21,'Spegesild','ff0cfdb3-6410-477c-a510-a3a2b5b81ecb','f5439b8c-113d-4058-ad62-131c7d126ed9','4 - 450 g glasses',12,95,0,0,0);
INSERT INTO bd_bModel_master_Products VALUES('345f1c16-04d8-4d16-a04e-8691685dfea8','2025-10-27T13:29:22.666Z','anonymous','2025-10-27T13:29:22.666Z','anonymous',3,22,'Zaanse koeken','2b9ea391-b8a1-4f79-b7e6-4a74c8b823d7','f84dc87c-affb-402c-ad51-d55f328eb152','10 - 4 oz boxes',9.5,36,0,0,0);
INSERT INTO bd_bModel_master_Products VALUES('8266795b-653b-4cd8-9285-4f615dc2b8f2','2025-10-27T13:29:22.666Z','anonymous','2025-10-27T13:29:22.666Z','anonymous',3,22,'Chocolade','2b9ea391-b8a1-4f79-b7e6-4a74c8b823d7','f84dc87c-affb-402c-ad51-d55f328eb152','10 pkgs.',12.749999999999999999,15,70,25,0);
INSERT INTO bd_bModel_master_Products VALUES('ef65072f-79be-47cb-b4b3-2c20dfd6f139','2025-10-27T13:29:22.666Z','anonymous','2025-10-27T13:29:22.666Z','anonymous',3,23,'Maxilaku','91aef6a9-7111-4cfc-b243-7178e0e0132f','f84dc87c-affb-402c-ad51-d55f328eb152','24 - 50 g pkgs.',20,10,60,15,0);
INSERT INTO bd_bModel_master_Products VALUES('29ddd986-0a63-4752-9880-15fcaa81e92d','2025-10-27T13:29:22.666Z','anonymous','2025-10-27T13:29:22.666Z','anonymous',3,23,'Valkoinen suklaa','91aef6a9-7111-4cfc-b243-7178e0e0132f','f84dc87c-affb-402c-ad51-d55f328eb152','12 - 100 g bars',16.25,65,0,30,0);
INSERT INTO bd_bModel_master_Products VALUES('c9e5625b-c3ff-48d9-9cce-caaa33f7bdf7','2025-10-27T13:29:22.666Z','anonymous','2025-10-27T13:29:22.666Z','anonymous',7,24,'Manjimup Dried Apples','770e88f2-15e8-4fe3-a54b-543ef5aeaaea','2decc9d4-95d0-4b79-91c7-6dc3adbd1a79','50 - 300 g pkgs.',53,20,0,10,0);
INSERT INTO bd_bModel_master_Products VALUES('a746ae75-e112-446d-adfb-14f03888ea0c','2025-10-27T13:29:22.666Z','anonymous','2025-10-27T13:29:22.666Z','anonymous',5,24,'Filo Mix','770e88f2-15e8-4fe3-a54b-543ef5aeaaea','bae1d83c-dada-4d9c-9a83-dcdf2e213d2c','16 - 2 kg boxes',7,38,0,25,0);
INSERT INTO bd_bModel_master_Products VALUES('de052bb9-9840-4139-8ec2-5d3009e7c1a7','2025-10-27T13:29:22.666Z','anonymous','2025-10-27T13:29:22.666Z','anonymous',6,24,'Perth Pasties','770e88f2-15e8-4fe3-a54b-543ef5aeaaea','b99f1dce-9501-429f-b92b-0752a0d89ef7','48 pieces',32.799999999999997156,0,0,0,1);
INSERT INTO bd_bModel_master_Products VALUES('563da40c-89ed-4b32-9f84-42ca4cd9795b','2025-10-27T13:29:22.666Z','anonymous','2025-10-27T13:29:22.666Z','anonymous',6,25,'Tourtière','3dd38cad-aade-4ba2-90a1-4b69d856527e','b99f1dce-9501-429f-b92b-0752a0d89ef7','16 pies',7.4500000000000001776,21,0,10,0);
INSERT INTO bd_bModel_master_Products VALUES('3b1ae227-9a06-4679-a53b-98d25d4010c4','2025-10-27T13:29:22.666Z','anonymous','2025-10-27T13:29:22.666Z','anonymous',6,25,'Pâté chinois','3dd38cad-aade-4ba2-90a1-4b69d856527e','b99f1dce-9501-429f-b92b-0752a0d89ef7','24 boxes x 2 pies',24,115,0,20,0);
INSERT INTO bd_bModel_master_Products VALUES('3178b2e2-ef85-43ff-b633-b13c51e21f6e','2025-10-27T13:29:22.666Z','anonymous','2025-10-27T13:29:22.666Z','anonymous',5,26,'Gnocchi di nonna Alice','be055417-b94c-489d-9f8c-ff37e8ec4d25','bae1d83c-dada-4d9c-9a83-dcdf2e213d2c','24 - 250 g pkgs.',38,21,10,30,0);
INSERT INTO bd_bModel_master_Products VALUES('30d75ce4-c7cf-49a1-a883-715efaff8b6c','2025-10-27T13:29:22.666Z','anonymous','2025-10-27T13:29:22.666Z','anonymous',5,26,'Ravioli Angelo','be055417-b94c-489d-9f8c-ff37e8ec4d25','bae1d83c-dada-4d9c-9a83-dcdf2e213d2c','24 - 250 g pkgs.',19.5,36,0,20,0);
INSERT INTO bd_bModel_master_Products VALUES('39cc6c71-643a-4497-8c09-fbacf987b131','2025-10-27T13:29:22.666Z','anonymous','2025-10-27T13:29:22.666Z','anonymous',8,27,'Escargots de Bourgogne','ac853677-aff4-43a4-960c-5057adc8d0d7','f5439b8c-113d-4058-ad62-131c7d126ed9','24 pieces',13.25,62,0,20,0);
INSERT INTO bd_bModel_master_Products VALUES('e52802de-d683-4bbe-aaf9-e919bffc1f57','2025-10-27T13:29:22.666Z','anonymous','2025-10-27T13:29:22.666Z','anonymous',4,28,'Raclette Courdavault','05491e17-404b-4d19-a37d-b3ffd9072845','f5550c69-4895-4cbb-a17e-c4b28065e818','5 kg pkg.',55,79,0,0,0);
INSERT INTO bd_bModel_master_Products VALUES('4a76698c-ec29-4ba4-bff8-14bcd1744d06','2025-10-27T13:29:22.666Z','anonymous','2025-10-27T13:29:22.666Z','anonymous',4,28,'Camembert Pierrot','05491e17-404b-4d19-a37d-b3ffd9072845','f5550c69-4895-4cbb-a17e-c4b28065e818','15 - 300 g rounds',34,19,0,0,0);
INSERT INTO bd_bModel_master_Products VALUES('a6acfdd1-88b6-4c60-aa4d-fff0fb88ab40','2025-10-27T13:29:22.666Z','anonymous','2025-10-27T13:29:22.666Z','anonymous',2,29,'Sirop d''érable','e285699e-f7db-4c1f-8630-3bd8679d66d2','7889b9c8-ce1b-4560-a45d-8c16a3740a92','24 - 500 ml bottles',28.499999999999999999,113,0,25,0);
INSERT INTO bd_bModel_master_Products VALUES('25cae081-3317-4dfe-9bf7-30814bb7d2f0','2025-10-27T13:29:22.666Z','anonymous','2025-10-27T13:29:22.666Z','anonymous',3,29,'Tarte au sucre','e285699e-f7db-4c1f-8630-3bd8679d66d2','f84dc87c-affb-402c-ad51-d55f328eb152','48 pies',49.299999999999997157,17,0,0,0);
INSERT INTO bd_bModel_master_Products VALUES('297c1cdf-be90-486c-ac46-981435c8fb72','2025-10-27T13:29:22.666Z','anonymous','2025-10-27T13:29:22.666Z','anonymous',2,7,'Vegie-spread','d4fcf7b2-92a2-469e-bb6d-e3a71729a92b','7889b9c8-ce1b-4560-a45d-8c16a3740a92','15 - 625 g jars',43.89999999999999858,24,0,5,0);
INSERT INTO bd_bModel_master_Products VALUES('26353ff5-5fb2-4d91-b6ce-1a8405941b39','2025-10-27T13:29:22.666Z','anonymous','2025-10-27T13:29:22.666Z','anonymous',5,12,'Wimmers gute Semmelknödel','4af6a023-a9b1-4b08-9a22-6af515d2aeeb','bae1d83c-dada-4d9c-9a83-dcdf2e213d2c','20 bags x 4 pieces',33.25,22,80,30,0);
INSERT INTO bd_bModel_master_Products VALUES('9e6a4ff2-ae7f-4fbe-bbb0-1d4ba0921230','2025-10-27T13:29:22.666Z','anonymous','2025-10-27T13:29:22.666Z','anonymous',2,2,'Louisiana Fiery Hot Pepper Sauce','aca0dc78-533e-4657-a5a1-e500b417b50c','7889b9c8-ce1b-4560-a45d-8c16a3740a92','32 - 8 oz bottles',21.050000000000000711,76,0,0,0);
INSERT INTO bd_bModel_master_Products VALUES('b446537a-f33b-456f-83f6-65745a1abf68','2025-10-27T13:29:22.666Z','anonymous','2025-10-27T13:29:22.666Z','anonymous',2,2,'Louisiana Hot Spiced Okra','aca0dc78-533e-4657-a5a1-e500b417b50c','7889b9c8-ce1b-4560-a45d-8c16a3740a92','24 - 8 oz jars',17,4,100,20,0);
INSERT INTO bd_bModel_master_Products VALUES('8eed5d5b-a99d-45ab-9fba-bd66d6f3fa1e','2025-10-27T13:29:22.666Z','anonymous','2025-10-27T13:29:22.666Z','anonymous',1,16,'Laughing Lumberjack Lager','e2827c41-8376-468b-b8ad-b85386dc5df3','68f67d3c-afe2-4f11-a473-32a5d253d719','24 - 12 oz bottles',14,52,0,10,0);
INSERT INTO bd_bModel_master_Products VALUES('c6c8f25f-012f-4e27-8b5c-92d1e6a08f18','2025-10-27T13:29:22.666Z','anonymous','2025-10-27T13:29:22.666Z','anonymous',3,8,'Scottish Longbreads','73a84c5d-f85e-4b72-ad78-1c1f0daf5102','f84dc87c-affb-402c-ad51-d55f328eb152','10 boxes x 8 pieces',12.5,6,10,15,0);
INSERT INTO bd_bModel_master_Products VALUES('311215cd-3b3e-48e0-948c-131e8dddae08','2025-10-27T13:29:22.666Z','anonymous','2025-10-27T13:29:22.666Z','anonymous',4,15,'Gudbrandsdalsost','a2953d68-3d1f-4954-a27e-a0d91a9b1645','f5550c69-4895-4cbb-a17e-c4b28065e818','10 kg pkg.',36,26,0,15,0);
INSERT INTO bd_bModel_master_Products VALUES('7c199617-5917-4619-8803-b70028ab85da','2025-10-27T13:29:22.666Z','anonymous','2025-10-27T13:29:22.666Z','anonymous',1,7,'Outback Lager','d4fcf7b2-92a2-469e-bb6d-e3a71729a92b','68f67d3c-afe2-4f11-a473-32a5d253d719','24 - 355 ml bottles',15,15,10,30,0);
INSERT INTO bd_bModel_master_Products VALUES('6b0b026e-d214-4162-b3b0-376fef5f9179','2025-10-27T13:29:22.666Z','anonymous','2025-10-27T13:29:22.666Z','anonymous',4,15,'Flotemysost','a2953d68-3d1f-4954-a27e-a0d91a9b1645','f5550c69-4895-4cbb-a17e-c4b28065e818','10 - 500 g pkgs.',21.5,26,0,0,0);
INSERT INTO bd_bModel_master_Products VALUES('cff69d31-bf54-4acc-ac89-66fa54e3dc96','2025-10-27T13:29:22.666Z','anonymous','2025-10-27T13:29:22.666Z','anonymous',4,14,'Mozzarella di Giovanni','75f2bea0-49fe-4853-8d45-993a0f8fa0b6','f5550c69-4895-4cbb-a17e-c4b28065e818','24 - 200 g pkgs.',34.799999999999997157,14,0,0,0);
INSERT INTO bd_bModel_master_Products VALUES('4003f872-7fbf-451c-826f-8c1d560604f9','2025-10-27T13:29:22.666Z','anonymous','2025-10-27T13:29:22.666Z','anonymous',8,17,'Röd Kaviar','d1c0b2e6-0c95-4c0b-8b14-456ea2bcb683','f5439b8c-113d-4058-ad62-131c7d126ed9','24 - 150 g jars',15,101,0,5,0);
INSERT INTO bd_bModel_master_Products VALUES('739a5f10-a63a-4c3a-995b-d69e65905d0d','2025-10-27T13:29:22.666Z','anonymous','2025-10-27T13:29:22.666Z','anonymous',7,4,'Longlife Tofu','c2fee4c8-c1d8-427a-9557-a3af41dd84fe','2decc9d4-95d0-4b79-91c7-6dc3adbd1a79','5 kg pkg.',10,4,20,5,0);
INSERT INTO bd_bModel_master_Products VALUES('2cf7b716-4467-4ac2-a558-7ed28d8a5835','2025-10-27T13:29:22.666Z','anonymous','2025-10-27T13:29:22.666Z','anonymous',1,12,'Rhönbräu Klosterbier','4af6a023-a9b1-4b08-9a22-6af515d2aeeb','68f67d3c-afe2-4f11-a473-32a5d253d719','24 - 0.5 l bottles',7.75,125,0,25,0);
INSERT INTO bd_bModel_master_Products VALUES('81110c8f-d936-4c69-a5d4-19daf9b55a2f','2025-10-27T13:29:22.666Z','anonymous','2025-10-27T13:29:22.666Z','anonymous',1,23,'Lakkalikööri','91aef6a9-7111-4cfc-b243-7178e0e0132f','68f67d3c-afe2-4f11-a473-32a5d253d719','500 ml',18,57,0,20,0);
INSERT INTO bd_bModel_master_Products VALUES('81077190-5f4f-4015-bc1b-649d785148ce','2025-10-27T13:29:22.666Z','anonymous','2025-10-27T13:29:22.666Z','anonymous',2,12,'Original Frankfurter grüne Soße','4af6a023-a9b1-4b08-9a22-6af515d2aeeb','7889b9c8-ce1b-4560-a45d-8c16a3740a92','12 boxes',13,32,0,15,0);
/*CREATE TABLE bd_bModel_transactional_OrderDetails (
  ID NVARCHAR(36) NOT NULL,
  createdAt TIMESTAMP_TEXT,
  createdBy NVARCHAR(255),
  modifiedAt TIMESTAMP_TEXT,
  modifiedBy NVARCHAR(255),
  ProductID INTEGER,
  OrderID INTEGER,
  order_ID NVARCHAR(36),
  product_ID NVARCHAR(36),
  UnitPrice DECIMAL(15, 2),
  Quantity INTEGER,
  Discount DECIMAL(5, 2),
  PRIMARY KEY(ID)
);
*/INSERT INTO bd_bModel_transactional_OrderDetails VALUES('c22c7c58-43de-465c-8545-794c21c4a3d9','2025-10-28T11:54:29.089Z','anonymous','2025-10-28T11:54:29.089Z','anonymous',11,10248,'38aa2734-fead-4855-a63b-0d233363ed10','daab8b86-f920-4398-a6ad-31c8405acde5',14,12,0);
INSERT INTO bd_bModel_transactional_OrderDetails VALUES('7da02dd4-d336-48c6-a553-5c569d14d143','2025-10-28T11:54:29.089Z','anonymous','2025-10-28T11:54:29.089Z','anonymous',42,10248,'38aa2734-fead-4855-a63b-0d233363ed10','34e5f361-c815-4963-a6a7-fff7fe05c89c',9.8000000000000007105,10,0);
INSERT INTO bd_bModel_transactional_OrderDetails VALUES('57a0dc82-1e16-4cca-abe2-2e365f86b69e','2025-10-28T11:54:29.089Z','anonymous','2025-10-28T11:54:29.089Z','anonymous',72,10248,'38aa2734-fead-4855-a63b-0d233363ed10','cff69d31-bf54-4acc-ac89-66fa54e3dc96',34.799999999999997157,5,0);
INSERT INTO bd_bModel_transactional_OrderDetails VALUES('8027de0b-0ccb-444d-b906-7f5cb4153f89','2025-10-28T11:54:29.089Z','anonymous','2025-10-28T11:54:29.089Z','anonymous',14,10249,'2bea7714-9a00-443a-ad44-eabde829cf7e','aeb124c7-33b6-43d2-82b8-37a159d119a5',18.600000000000001421,9,0);
INSERT INTO bd_bModel_transactional_OrderDetails VALUES('e4c12de9-348d-42c5-ab48-a796ce713bac','2025-10-28T11:54:29.089Z','anonymous','2025-10-28T11:54:29.089Z','anonymous',51,10249,'2bea7714-9a00-443a-ad44-eabde829cf7e','c9e5625b-c3ff-48d9-9cce-caaa33f7bdf7',42.399999999999998579,40,0);
INSERT INTO bd_bModel_transactional_OrderDetails VALUES('fb0a67b3-3a97-43af-a8db-51f682ff8086','2025-10-28T11:54:29.089Z','anonymous','2025-10-28T11:54:29.089Z','anonymous',41,10250,'ef1213e6-ea27-4ff5-9cd1-f4885d9897b4','c9b5f962-eeed-40da-bbea-cc9e34960b3b',7.7000000000000001776,10,0);
INSERT INTO bd_bModel_transactional_OrderDetails VALUES('c979b081-e6f5-4b62-8929-5175378e4543','2025-10-28T11:54:29.089Z','anonymous','2025-10-28T11:54:29.089Z','anonymous',51,10250,'ef1213e6-ea27-4ff5-9cd1-f4885d9897b4','c9e5625b-c3ff-48d9-9cce-caaa33f7bdf7',42.399999999999998579,35,0.14999999999999999444);
INSERT INTO bd_bModel_transactional_OrderDetails VALUES('eb1f2830-8234-4524-874c-01d2f61d72cf','2025-10-28T11:54:29.089Z','anonymous','2025-10-28T11:54:29.089Z','anonymous',65,10250,'ef1213e6-ea27-4ff5-9cd1-f4885d9897b4','9e6a4ff2-ae7f-4fbe-bbb0-1d4ba0921230',16.80000000000000071,15,0.14999999999999999444);
INSERT INTO bd_bModel_transactional_OrderDetails VALUES('85ab3c55-8442-47ea-8f42-7856149d9280','2025-10-28T11:54:29.089Z','anonymous','2025-10-28T11:54:29.089Z','anonymous',22,10251,'c8f2cce7-7cbd-4d7c-b2c6-d53be1c9c7c2','dd69be7a-4bd2-49dc-947b-7bf2f98d83b3',16.80000000000000071,6,0.050000000000000002775);
INSERT INTO bd_bModel_transactional_OrderDetails VALUES('bd90281b-2cd8-46ce-b71c-4a9ef84b7f30','2025-10-28T11:54:29.089Z','anonymous','2025-10-28T11:54:29.089Z','anonymous',57,10251,'c8f2cce7-7cbd-4d7c-b2c6-d53be1c9c7c2','30d75ce4-c7cf-49a1-a883-715efaff8b6c',15.599999999999999644,15,0.050000000000000002775);
INSERT INTO bd_bModel_transactional_OrderDetails VALUES('17b74b8a-c96f-4651-98dd-8f2c812de2ee','2025-10-28T11:54:29.089Z','anonymous','2025-10-28T11:54:29.089Z','anonymous',65,10251,'c8f2cce7-7cbd-4d7c-b2c6-d53be1c9c7c2','9e6a4ff2-ae7f-4fbe-bbb0-1d4ba0921230',16.80000000000000071,20,0);
INSERT INTO bd_bModel_transactional_OrderDetails VALUES('b8b1ecc8-0986-49b7-b09e-a05352375bba','2025-10-28T11:54:29.089Z','anonymous','2025-10-28T11:54:29.089Z','anonymous',20,10252,'39210965-ff19-4e11-84b2-634f34024934','7f1ee843-9277-4b9b-9170-af013620fadb',64.799999999999997159,40,0.050000000000000002775);
INSERT INTO bd_bModel_transactional_OrderDetails VALUES('b95d2f57-a1e2-46da-9acb-96f680efae6a','2025-10-28T11:54:29.089Z','anonymous','2025-10-28T11:54:29.089Z','anonymous',33,10252,'39210965-ff19-4e11-84b2-634f34024934','ceecbc92-43e2-47a0-b254-07e8cf6a34ce',2,25,0.050000000000000002775);
INSERT INTO bd_bModel_transactional_OrderDetails VALUES('30a374ca-3433-4fcd-905a-6c8da63605e3','2025-10-28T11:54:29.089Z','anonymous','2025-10-28T11:54:29.089Z','anonymous',60,10252,'39210965-ff19-4e11-84b2-634f34024934','4a76698c-ec29-4ba4-bff8-14bcd1744d06',27.199999999999999289,40,0);
INSERT INTO bd_bModel_transactional_OrderDetails VALUES('541296d0-65ed-4ab8-aeb6-a5cd8819e4cf','2025-10-28T11:54:29.089Z','anonymous','2025-10-28T11:54:29.089Z','anonymous',31,10253,'8e918e62-da16-412d-ab08-bc675cab2b0a','7b7b9f47-c481-4faa-9aba-d82246db9df9',10,20,0);
INSERT INTO bd_bModel_transactional_OrderDetails VALUES('2337b364-cd17-41ac-bbd1-1e59a8528a7e','2025-10-28T11:54:29.089Z','anonymous','2025-10-28T11:54:29.089Z','anonymous',39,10253,'8e918e62-da16-412d-ab08-bc675cab2b0a','43941126-b9b1-43b9-899d-e5ac8dfea469',14.400000000000000355,42,0);
INSERT INTO bd_bModel_transactional_OrderDetails VALUES('b60bd3e6-f8c3-40ae-9bfa-53a9b9ae87f6','2025-10-28T11:54:29.089Z','anonymous','2025-10-28T11:54:29.089Z','anonymous',49,10253,'8e918e62-da16-412d-ab08-bc675cab2b0a','ef65072f-79be-47cb-b4b3-2c20dfd6f139',16,40,0);
INSERT INTO bd_bModel_transactional_OrderDetails VALUES('14b894b7-3c17-4e68-b409-46907571f429','2025-10-28T11:54:29.089Z','anonymous','2025-10-28T11:54:29.089Z','anonymous',24,10254,'57c6ad55-f48e-4a8c-acf8-17ff5eb18763','eb201e52-7e31-4014-bc7c-94e65b4aaab9',3.6000000000000000888,15,0.14999999999999999444);
INSERT INTO bd_bModel_transactional_OrderDetails VALUES('2a365dfd-9093-42e0-8df6-fd1886a46ad1','2025-10-28T11:54:29.089Z','anonymous','2025-10-28T11:54:29.089Z','anonymous',55,10254,'57c6ad55-f48e-4a8c-acf8-17ff5eb18763','3b1ae227-9a06-4679-a53b-98d25d4010c4',19.199999999999999289,21,0.14999999999999999444);
INSERT INTO bd_bModel_transactional_OrderDetails VALUES('2669b2d4-3086-4e11-85b8-c210c00fbdeb','2025-10-28T11:54:29.089Z','anonymous','2025-10-28T11:54:29.089Z','anonymous',74,10254,'57c6ad55-f48e-4a8c-acf8-17ff5eb18763','739a5f10-a63a-4c3a-995b-d69e65905d0d',8,21,0);
INSERT INTO bd_bModel_transactional_OrderDetails VALUES('071e8429-3a97-40d7-8a62-e33c195e6f82','2025-10-28T11:54:29.089Z','anonymous','2025-10-28T11:54:29.089Z','anonymous',2,10255,'45ff455b-1481-4604-937b-c5ec5f8080c2','035bf2d-d722-4141-8418-3f51bf3c26a0',15.199999999999999289,20,0);
INSERT INTO bd_bModel_transactional_OrderDetails VALUES('fe1b7179-5b56-493f-9c90-e54149df4c1b','2025-10-28T11:54:29.089Z','anonymous','2025-10-28T11:54:29.089Z','anonymous',16,10255,'45ff455b-1481-4604-937b-c5ec5f8080c2','6a1c725b-dee6-4eb9-8a75-495f304b77b7',13.900000000000000355,35,0);
INSERT INTO bd_bModel_transactional_OrderDetails VALUES('d5c21930-ba64-4389-81f9-bc69cf36bc5d','2025-10-28T11:54:29.089Z','anonymous','2025-10-28T11:54:29.089Z','anonymous',36,10255,'45ff455b-1481-4604-937b-c5ec5f8080c2','95849f20-38a6-4ba9-be6e-fe3fc089c1a0',15.199999999999999289,25,0);
INSERT INTO bd_bModel_transactional_OrderDetails VALUES('3c5e3336-31f7-4c1d-b33f-8db598c3ab1c','2025-10-28T11:54:29.089Z','anonymous','2025-10-28T11:54:29.089Z','anonymous',59,10255,'45ff455b-1481-4604-937b-c5ec5f8080c2','e52802de-d683-4bbe-aaf9-e919bffc1f57',44,30,0);
INSERT INTO bd_bModel_transactional_OrderDetails VALUES('78da74be-42b5-4c63-b8b0-400a174c85ed','2025-10-28T11:54:29.089Z','anonymous','2025-10-28T11:54:29.089Z','anonymous',53,10256,'238a4dd3-c1f3-4b30-ab1a-c079badd9136','de052bb9-9840-4139-8ec2-5d3009e7c1a7',26.199999999999999289,15,0);
INSERT INTO bd_bModel_transactional_OrderDetails VALUES('647d8ad7-a461-412e-9d3f-f7e54eaf218f','2025-10-28T11:54:29.089Z','anonymous','2025-10-28T11:54:29.089Z','anonymous',77,10256,'238a4dd3-c1f3-4b30-ab1a-c079badd9136','81077190-5f4f-4015-bc1b-649d785148ce',10.400000000000000355,12,0);
INSERT INTO bd_bModel_transactional_OrderDetails VALUES('dd0a000d-7487-401e-9838-5f4f5c1aa3b4','2025-10-28T11:54:29.089Z','anonymous','2025-10-28T11:54:29.089Z','anonymous',27,10257,'0136d6c8-5d91-4f21-906e-78453f50f14c','4fd53107-de9b-4a17-b941-6fadcaaf0621',35.10000000000000142,25,0);
INSERT INTO bd_bModel_transactional_OrderDetails VALUES('bc6578b5-cd93-40dd-9584-98cd9feec4f7','2025-10-28T11:54:29.089Z','anonymous','2025-10-28T11:54:29.089Z','anonymous',39,10257,'0136d6c8-5d91-4f21-906e-78453f50f14c','43941126-b9b1-43b9-899d-e5ac8dfea469',14.400000000000000355,6,0);
INSERT INTO bd_bModel_transactional_OrderDetails VALUES('2be65057-65c3-4743-9a3b-9d87b562f67f','2025-10-28T11:54:29.089Z','anonymous','2025-10-28T11:54:29.089Z','anonymous',77,10257,'0136d6c8-5d91-4f21-906e-78453f50f14c','81077190-5f4f-4015-bc1b-649d785148ce',10.400000000000000355,15,0);
INSERT INTO bd_bModel_transactional_OrderDetails VALUES('9dbbb122-ecc4-4f2f-84ef-67dde44649fe','2025-10-28T11:54:29.089Z','anonymous','2025-10-28T11:54:29.089Z','anonymous',2,10258,'42d8a531-a38f-4092-bbff-731257536640','035bf2d-d722-4141-8418-3f51bf3c26a0',15.199999999999999289,50,0.2000000000000000111);
INSERT INTO bd_bModel_transactional_OrderDetails VALUES('c7d74357-b1a7-4afe-b440-d63fa523a314','2025-10-28T11:54:29.089Z','anonymous','2025-10-28T11:54:29.089Z','anonymous',5,10258,'42d8a531-a38f-4092-bbff-731257536640','5f538c0-9c54-449a-bb52-df63806a235b',17,65,0.2000000000000000111);
INSERT INTO bd_bModel_transactional_OrderDetails VALUES('e672fb25-1af5-4980-844c-cc4426c44548','2025-10-28T11:54:29.089Z','anonymous','2025-10-28T11:54:29.089Z','anonymous',32,10258,'42d8a531-a38f-4092-bbff-731257536640','6129d6da-4651-49e1-adc3-4e4fe20c7c46',25.600000000000001421,6,0.2000000000000000111);
INSERT INTO bd_bModel_transactional_OrderDetails VALUES('e8288d5f-15cf-41b8-8719-3b381a683f48','2025-10-28T11:54:29.089Z','anonymous','2025-10-28T11:54:29.089Z','anonymous',21,10259,'7eae5432-1947-4703-9a26-4e95575d9ade','e4be96da-d22f-4f97-b9ae-261079922e53',8,10,0);
INSERT INTO bd_bModel_transactional_OrderDetails VALUES('d1e5db95-404a-465d-8cbc-6822b20e30c2','2025-10-28T11:54:29.089Z','anonymous','2025-10-28T11:54:29.089Z','anonymous',37,10259,'7eae5432-1947-4703-9a26-4e95575d9ade','402cedcc-b56f-4944-a72c-14937b105d70',20.80000000000000071,1,0);
INSERT INTO bd_bModel_transactional_OrderDetails VALUES('93a05907-9966-47bd-96d5-aeb7864d3e8b','2025-10-28T11:54:29.089Z','anonymous','2025-10-28T11:54:29.089Z','anonymous',41,10260,'cb47c70d-825c-43d7-8918-fb0be939f943','c9b5f962-eeed-40da-bbea-cc9e34960b3b',7.7000000000000001776,16,0.25);
INSERT INTO bd_bModel_transactional_OrderDetails VALUES('4bdedb07-04af-4d8c-b283-f0da41038cae','2025-10-28T11:54:29.089Z','anonymous','2025-10-28T11:54:29.089Z','anonymous',57,10260,'cb47c70d-825c-43d7-8918-fb0be939f943','30d75ce4-c7cf-49a1-a883-715efaff8b6c',15.599999999999999644,50,0);
INSERT INTO bd_bModel_transactional_OrderDetails VALUES('49ccc772-9bb8-461d-9041-ebef2166643b','2025-10-28T11:54:29.089Z','anonymous','2025-10-28T11:54:29.089Z','anonymous',62,10260,'cb47c70d-825c-43d7-8918-fb0be939f943','25cae081-3317-4dfe-9bf7-30814bb7d2f0',39.399999999999998578,15,0.25);
INSERT INTO bd_bModel_transactional_OrderDetails VALUES('467f6f43-d3ac-4155-9e2f-37b541deeda7','2025-10-28T11:54:29.089Z','anonymous','2025-10-28T11:54:29.089Z','anonymous',70,10260,'cb47c70d-825c-43d7-8918-fb0be939f943','7c199617-5917-4619-8803-b70028ab85da',12,21,0.25);
INSERT INTO bd_bModel_transactional_OrderDetails VALUES('503c69b7-ea21-4d43-9da0-92d715cfcdcd','2025-10-28T11:54:29.089Z','anonymous','2025-10-28T11:54:29.089Z','anonymous',21,10261,'3d1ce436-54fd-4834-a890-cd7597643106','e4be96da-d22f-4f97-b9ae-261079922e53',8,20,0);
INSERT INTO bd_bModel_transactional_OrderDetails VALUES('257bd465-f1a7-48a1-bc36-08fdf6eb6049','2025-10-28T11:54:29.089Z','anonymous','2025-10-28T11:54:29.089Z','anonymous',35,10261,'3d1ce436-54fd-4834-a890-cd7597643106','2f16c2bf-e0ac-4176-b2d5-a54ddc883216',14.400000000000000355,20,0);
INSERT INTO bd_bModel_transactional_OrderDetails VALUES('a7aab8a8-9c5e-4138-9a39-9de9979b942e','2025-10-28T11:54:29.089Z','anonymous','2025-10-28T11:54:29.089Z','anonymous',5,10262,'62f5ae9c-54ec-4404-bc75-f49c9dd7b71d','5f538c0-9c54-449a-bb52-df63806a235b',17,12,0.2000000000000000111);
INSERT INTO bd_bModel_transactional_OrderDetails VALUES('53c825f6-dada-42d0-bef7-8e44a4b14517','2025-10-28T11:54:29.089Z','anonymous','2025-10-28T11:54:29.089Z','anonymous',7,10262,'62f5ae9c-54ec-4404-bc75-f49c9dd7b71d','ceacd29-44b7-4a1e-b42c-d79f62e98434',24,15,0);
INSERT INTO bd_bModel_transactional_OrderDetails VALUES('44059600-61f0-43da-b304-5ba03f8c721a','2025-10-28T11:54:29.089Z','anonymous','2025-10-28T11:54:29.089Z','anonymous',56,10262,'62f5ae9c-54ec-4404-bc75-f49c9dd7b71d','3178b2e2-ef85-43ff-b633-b13c51e21f6e',30.399999999999998579,2,0);
INSERT INTO bd_bModel_transactional_OrderDetails VALUES('a3160140-4ead-482f-85a9-36efdf05b3c1','2025-10-28T11:54:29.089Z','anonymous','2025-10-28T11:54:29.089Z','anonymous',16,10263,'16635b53-d373-47e5-a5b5-8029663afdf3','6a1c725b-dee6-4eb9-8a75-495f304b77b7',13.900000000000000355,60,0.25);
INSERT INTO bd_bModel_transactional_OrderDetails VALUES('5ae047aa-b557-44c4-93dc-a9aca03ae1f8','2025-10-28T11:54:29.089Z','anonymous','2025-10-28T11:54:29.089Z','anonymous',24,10263,'16635b53-d373-47e5-a5b5-8029663afdf3','eb201e52-7e31-4014-bc7c-94e65b4aaab9',3.6000000000000000888,28,0);
INSERT INTO bd_bModel_transactional_OrderDetails VALUES('347a8586-7ece-4075-ad44-8f091cc4d623','2025-10-28T11:54:29.089Z','anonymous','2025-10-28T11:54:29.089Z','anonymous',30,10263,'16635b53-d373-47e5-a5b5-8029663afdf3','4db2864c-364c-4b93-8b40-f79888c0b8be',20.69999999999999929,60,0.25);
INSERT INTO bd_bModel_transactional_OrderDetails VALUES('4389de8b-67ce-43f8-bc16-cbdebd8a7ce3','2025-10-28T11:54:29.089Z','anonymous','2025-10-28T11:54:29.089Z','anonymous',74,10263,'16635b53-d373-47e5-a5b5-8029663afdf3','739a5f10-a63a-4c3a-995b-d69e65905d0d',8,36,0.25);
INSERT INTO bd_bModel_transactional_OrderDetails VALUES('35227432-222c-4152-9aae-0eddfdc1beef','2025-10-28T11:54:29.089Z','anonymous','2025-10-28T11:54:29.089Z','anonymous',2,10264,'c9f8c2ee-fe9b-4385-aa61-729c776163bc','035bf2d-d722-4141-8418-3f51bf3c26a0',15.199999999999999289,35,0);
INSERT INTO bd_bModel_transactional_OrderDetails VALUES('90fd7e5f-a0fe-4739-88c7-2064b902276d','2025-10-28T11:54:29.089Z','anonymous','2025-10-28T11:54:29.089Z','anonymous',41,10264,'c9f8c2ee-fe9b-4385-aa61-729c776163bc','c9b5f962-eeed-40da-bbea-cc9e34960b3b',7.7000000000000001776,25,0.14999999999999999444);
INSERT INTO bd_bModel_transactional_OrderDetails VALUES('d0fa8645-687c-4ef5-a0d5-794561386582','2025-10-28T11:54:29.089Z','anonymous','2025-10-28T11:54:29.089Z','anonymous',17,10265,'a2379f08-270b-4cc3-9af0-eedd7a096029','5f93efa9-286d-4b5c-95cf-5a0025e04ad4',31.199999999999999289,30,0);
INSERT INTO bd_bModel_transactional_OrderDetails VALUES('d07194cb-2702-4aa6-83c4-6cefe96a5543','2025-10-28T11:54:29.089Z','anonymous','2025-10-28T11:54:29.089Z','anonymous',70,10265,'a2379f08-270b-4cc3-9af0-eedd7a096029','7c199617-5917-4619-8803-b70028ab85da',12,20,0);
INSERT INTO bd_bModel_transactional_OrderDetails VALUES('c8690101-1238-4aab-872a-7f39d38bb334','2025-10-28T11:54:29.089Z','anonymous','2025-10-28T11:54:29.089Z','anonymous',12,10266,'84ebc002-a34f-40e4-8db8-cddf86fde0a1','2734832e-293d-4f68-a68f-94f76b82baeb',30.399999999999998579,12,0.050000000000000002775);
INSERT INTO bd_bModel_transactional_OrderDetails VALUES('ec9c14a6-ca35-40d9-ad60-9fb793d5787b','2025-10-28T11:54:29.089Z','anonymous','2025-10-28T11:54:29.089Z','anonymous',40,10267,'363c34cc-56cc-4813-ac0a-d5a99a74b300','9af2661d-5349-466f-94a7-cbab4974ab98',14.699999999999999289,50,0);
INSERT INTO bd_bModel_transactional_OrderDetails VALUES('b5b7eaa9-f2d0-4eec-95b4-f9d33f663a5a','2025-10-28T11:54:29.089Z','anonymous','2025-10-28T11:54:29.089Z','anonymous',59,10267,'363c34cc-56cc-4813-ac0a-d5a99a74b300','e52802de-d683-4bbe-aaf9-e919bffc1f57',44,70,0.14999999999999999444);
INSERT INTO bd_bModel_transactional_OrderDetails VALUES('5a428b42-9378-427b-a451-4e9de465aabf','2025-10-28T11:54:29.089Z','anonymous','2025-10-28T11:54:29.089Z','anonymous',76,10267,'363c34cc-56cc-4813-ac0a-d5a99a74b300','81110c8f-d936-4c69-a5d4-19daf9b55a2f',14.400000000000000355,15,0.14999999999999999444);
INSERT INTO bd_bModel_transactional_OrderDetails VALUES('9610442f-e9a8-4d4d-99b5-0307971b603a','2025-10-28T11:54:29.089Z','anonymous','2025-10-28T11:54:29.089Z','anonymous',29,10268,'a4b6c0da-4718-4afa-b3f9-dbbd40d3ab18','62df289c-31be-47ca-a287-4bb69fd4f7ce',99,10,0);
INSERT INTO bd_bModel_transactional_OrderDetails VALUES('d41a0d88-b53e-4efd-b0de-2d44ebefd4ae','2025-10-28T11:54:29.089Z','anonymous','2025-10-28T11:54:29.089Z','anonymous',72,10268,'a4b6c0da-4718-4afa-b3f9-dbbd40d3ab18','cff69d31-bf54-4acc-ac89-66fa54e3dc96',27.80000000000000071,4,0);
INSERT INTO bd_bModel_transactional_OrderDetails VALUES('0a7108e3-f374-4948-9a83-95e019dec4e4','2025-10-28T11:54:29.089Z','anonymous','2025-10-28T11:54:29.089Z','anonymous',33,10269,'e8a03f9c-59c2-45ba-8ad3-7edbb6a22e39','ceecbc92-43e2-47a0-b254-07e8cf6a34ce',2,60,0.050000000000000002775);
INSERT INTO bd_bModel_transactional_OrderDetails VALUES('75df1216-a11a-470e-ac9f-86d22d79826a','2025-10-28T11:54:29.089Z','anonymous','2025-10-28T11:54:29.089Z','anonymous',72,10269,'e8a03f9c-59c2-45ba-8ad3-7edbb6a22e39','cff69d31-bf54-4acc-ac89-66fa54e3dc96',27.80000000000000071,20,0.050000000000000002775);
INSERT INTO bd_bModel_transactional_OrderDetails VALUES('d5db7308-6dd0-4e2d-b46c-cd3274167755','2025-10-28T11:54:29.089Z','anonymous','2025-10-28T11:54:29.089Z','anonymous',36,10270,'85dfe04c-08c3-4f31-8054-2ec8e4244015','95849f20-38a6-4ba9-be6e-fe3fc089c1a0',15.199999999999999289,30,0);
INSERT INTO bd_bModel_transactional_OrderDetails VALUES('9c39c494-b52d-49a4-abd3-69c84020d650','2025-10-28T11:54:29.089Z','anonymous','2025-10-28T11:54:29.089Z','anonymous',43,10270,'85dfe04c-08c3-4f31-8054-2ec8e4244015','114995a4-b437-479c-b68d-bd561c459916',36.799999999999997157,25,0);
INSERT INTO bd_bModel_transactional_OrderDetails VALUES('740d6aea-d886-4e0e-86f6-ad7b35dcca5c','2025-10-28T11:54:29.089Z','anonymous','2025-10-28T11:54:29.089Z','anonymous',33,10271,'9491f642-7a50-4246-b2b0-c17060fc72ae','ceecbc92-43e2-47a0-b254-07e8cf6a34ce',2,24,0);
INSERT INTO bd_bModel_transactional_OrderDetails VALUES('8ca0fe33-9999-483e-82e0-aa329841ddf6','2025-10-28T11:54:29.089Z','anonymous','2025-10-28T11:54:29.089Z','anonymous',20,10272,'d10fdff3-e191-4ed5-b48a-a90a30d8c01d','7f1ee843-9277-4b9b-9170-af013620fadb',64.799999999999997159,6,0);
INSERT INTO bd_bModel_transactional_OrderDetails VALUES('67dd9c70-d79f-429e-86b4-a68f67f8b54a','2025-10-28T11:54:29.089Z','anonymous','2025-10-28T11:54:29.089Z','anonymous',31,10272,'d10fdff3-e191-4ed5-b48a-a90a30d8c01d','7b7b9f47-c481-4faa-9aba-d82246db9df9',10,40,0);
INSERT INTO bd_bModel_transactional_OrderDetails VALUES('e5782128-eb16-4e84-9148-c6d781c84c06','2025-10-28T11:54:29.089Z','anonymous','2025-10-28T11:54:29.089Z','anonymous',72,10272,'d10fdff3-e191-4ed5-b48a-a90a30d8c01d','cff69d31-bf54-4acc-ac89-66fa54e3dc96',27.80000000000000071,24,0);
INSERT INTO bd_bModel_transactional_OrderDetails VALUES('50472a55-2980-4d83-8ed3-13bde58f6896','2025-10-28T11:54:29.089Z','anonymous','2025-10-28T11:54:29.089Z','anonymous',10,10273,'b22bc530-16b5-483f-b645-9c9d27fea5f3','6b4ba78c-9fc2-4d0c-b782-000f23f19b45',24.800000000000000711,24,0.050000000000000002775);
INSERT INTO bd_bModel_transactional_OrderDetails VALUES('457a52d8-9a15-46b5-89e9-86cb8cfaed06','2025-10-28T11:54:29.089Z','anonymous','2025-10-28T11:54:29.089Z','anonymous',31,10273,'b22bc530-16b5-483f-b645-9c9d27fea5f3','7b7b9f47-c481-4faa-9aba-d82246db9df9',10,15,0.050000000000000002775);
INSERT INTO bd_bModel_transactional_OrderDetails VALUES('dd2f9801-aa06-4658-b6fa-21fa4ad185a8','2025-10-28T11:54:29.089Z','anonymous','2025-10-28T11:54:29.089Z','anonymous',33,10273,'b22bc530-16b5-483f-b645-9c9d27fea5f3','ceecbc92-43e2-47a0-b254-07e8cf6a34ce',2,20,0);
INSERT INTO bd_bModel_transactional_OrderDetails VALUES('f11ad005-0622-4bc5-9ef3-9f4132a9ed31','2025-10-28T11:54:29.089Z','anonymous','2025-10-28T11:54:29.089Z','anonymous',40,10273,'b22bc530-16b5-483f-b645-9c9d27fea5f3','9af2661d-5349-466f-94a7-cbab4974ab98',14.699999999999999289,60,0.050000000000000002775);
INSERT INTO bd_bModel_transactional_OrderDetails VALUES('87db442d-c257-47a3-803a-50e94450b554','2025-10-28T11:54:29.089Z','anonymous','2025-10-28T11:54:29.089Z','anonymous',76,10273,'b22bc530-16b5-483f-b645-9c9d27fea5f3','81110c8f-d936-4c69-a5d4-19daf9b55a2f',14.400000000000000355,33,0.050000000000000002775);
INSERT INTO bd_bModel_transactional_OrderDetails VALUES('7b8110cc-513b-4205-8a68-68952ef41838','2025-10-28T11:54:29.089Z','anonymous','2025-10-28T11:54:29.089Z','anonymous',71,10274,'b72a80d0-f474-4694-a86b-6959c591121d','6b0b026e-d214-4162-b3b0-376fef5f9179',17.199999999999999289,20,0);
INSERT INTO bd_bModel_transactional_OrderDetails VALUES('28cb3ce2-7e4a-4722-ad78-2f9295647809','2025-10-28T11:54:29.089Z','anonymous','2025-10-28T11:54:29.089Z','anonymous',72,10274,'b72a80d0-f474-4694-a86b-6959c591121d','cff69d31-bf54-4acc-ac89-66fa54e3dc96',27.80000000000000071,7,0);
INSERT INTO bd_bModel_transactional_OrderDetails VALUES('e4e0b892-c31c-4f24-9e59-21f2483e7cf5','2025-10-28T11:54:29.089Z','anonymous','2025-10-28T11:54:29.089Z','anonymous',24,10275,'10f36b86-54e1-446e-91af-23978647bbca','eb201e52-7e31-4014-bc7c-94e65b4aaab9',3.6000000000000000888,12,0.050000000000000002775);
INSERT INTO bd_bModel_transactional_OrderDetails VALUES('964474b9-bc2c-468e-b951-c252f75dbaa7','2025-10-28T11:54:29.089Z','anonymous','2025-10-28T11:54:29.089Z','anonymous',59,10275,'10f36b86-54e1-446e-91af-23978647bbca','e52802de-d683-4bbe-aaf9-e919bffc1f57',44,6,0.050000000000000002775);
INSERT INTO bd_bModel_transactional_OrderDetails VALUES('b1bec5d8-c5b1-4cd4-b6b3-6b418283925e','2025-10-28T11:54:29.089Z','anonymous','2025-10-28T11:54:29.089Z','anonymous',10,10276,'afc4fe64-f2a2-4cec-ab26-42bfb9c3dd90','6b4ba78c-9fc2-4d0c-b782-000f23f19b45',24.800000000000000711,15,0);
INSERT INTO bd_bModel_transactional_OrderDetails VALUES('07e68791-652c-4b59-b70e-4e6baedc99d0','2025-10-28T11:54:29.089Z','anonymous','2025-10-28T11:54:29.089Z','anonymous',13,10276,'afc4fe64-f2a2-4cec-ab26-42bfb9c3dd90','2892fb11-61f6-49d2-853f-2be3d75bca38',4.7999999999999998223,10,0);
INSERT INTO bd_bModel_transactional_OrderDetails VALUES('485c7643-2acb-4da2-b12d-fb9c7b47c1e9','2025-10-28T11:54:29.089Z','anonymous','2025-10-28T11:54:29.089Z','anonymous',28,10277,'c0ddd6a2-91ac-4b7c-a039-3027d9f5fb09','d33484ce-4d80-4b36-b2ff-e5d4984fb426',36.399999999999998578,20,0);
INSERT INTO bd_bModel_transactional_OrderDetails VALUES('85da8354-ac51-4d61-aefb-b5a0436c642a','2025-10-28T11:54:29.089Z','anonymous','2025-10-28T11:54:29.089Z','anonymous',62,10277,'c0ddd6a2-91ac-4b7c-a039-3027d9f5fb09','25cae081-3317-4dfe-9bf7-30814bb7d2f0',39.399999999999998578,12,0);
INSERT INTO bd_bModel_transactional_OrderDetails VALUES('10f229eb-c354-47d8-a93e-76110f52c0cc','2025-10-28T11:54:29.089Z','anonymous','2025-10-28T11:54:29.089Z','anonymous',44,10278,'eba870c5-2622-4bbb-a3fd-89290cdafd5f','76df74fb-0dd3-4137-98c7-d108bb7768f2',15.499999999999999999,16,0);
INSERT INTO bd_bModel_transactional_OrderDetails VALUES('113509eb-bbfe-4ace-9ac8-3eb79bc78817','2025-10-28T11:54:29.089Z','anonymous','2025-10-28T11:54:29.089Z','anonymous',59,10278,'eba870c5-2622-4bbb-a3fd-89290cdafd5f','e52802de-d683-4bbe-aaf9-e919bffc1f57',44,15,0);
INSERT INTO bd_bModel_transactional_OrderDetails VALUES('907a524a-b4a9-4f1d-9baf-a7a2b9ab82f7','2025-10-28T11:54:29.089Z','anonymous','2025-10-28T11:54:29.089Z','anonymous',63,10278,'eba870c5-2622-4bbb-a3fd-89290cdafd5f','297c1cdf-be90-486c-ac46-981435c8fb72',35.10000000000000142,8,0);
INSERT INTO bd_bModel_transactional_OrderDetails VALUES('ab3b8132-4c4c-4cbe-b045-a21514341cf1','2025-10-28T11:54:29.089Z','anonymous','2025-10-28T11:54:29.089Z','anonymous',73,10278,'eba870c5-2622-4bbb-a3fd-89290cdafd5f','4003f872-7fbf-451c-826f-8c1d560604f9',12,25,0);
INSERT INTO bd_bModel_transactional_OrderDetails VALUES('56e56558-445d-4c91-adb4-96fdffbc14bc','2025-10-28T11:54:29.089Z','anonymous','2025-10-28T11:54:29.089Z','anonymous',17,10279,'079c0102-ac7e-4e40-a8f9-288e3299a079','5f93efa9-286d-4b5c-95cf-5a0025e04ad4',31.199999999999999289,15,0.25);
INSERT INTO bd_bModel_transactional_OrderDetails VALUES('f3fe7ea1-ba08-4d60-95d0-86b141f7835b','2025-10-28T11:54:29.089Z','anonymous','2025-10-28T11:54:29.089Z','anonymous',24,10280,'701322f3-122d-4bec-b9e0-0fccc3ffa550','eb201e52-7e31-4014-bc7c-94e65b4aaab9',3.6000000000000000888,12,0);
INSERT INTO bd_bModel_transactional_OrderDetails VALUES('33dc6028-e406-4c71-bf86-f34a9693211c','2025-10-28T11:54:29.089Z','anonymous','2025-10-28T11:54:29.089Z','anonymous',55,10280,'701322f3-122d-4bec-b9e0-0fccc3ffa550','3b1ae227-9a06-4679-a53b-98d25d4010c4',19.199999999999999289,20,0);
INSERT INTO bd_bModel_transactional_OrderDetails VALUES('8794360e-0077-45b5-a675-7feae51696bf','2025-10-28T11:54:29.089Z','anonymous','2025-10-28T11:54:29.089Z','anonymous',75,10280,'701322f3-122d-4bec-b9e0-0fccc3ffa550','2cf7b716-4467-4ac2-a558-7ed28d8a5835',6.2000000000000001776,30,0);
INSERT INTO bd_bModel_transactional_OrderDetails VALUES('3af59322-8450-4b37-8a3f-f98971b762a8','2025-10-28T11:54:29.089Z','anonymous','2025-10-28T11:54:29.089Z','anonymous',19,10281,'176fa609-a69c-4dea-94dd-91f4973d1ff2','38167d1b-53c8-4a4f-a7aa-56974b7fb238',7.2999999999999998223,1,0);
INSERT INTO bd_bModel_transactional_OrderDetails VALUES('b1f58db8-5aa8-471a-8ced-b71766481088','2025-10-28T11:54:29.089Z','anonymous','2025-10-28T11:54:29.089Z','anonymous',24,10281,'176fa609-a69c-4dea-94dd-91f4973d1ff2','eb201e52-7e31-4014-bc7c-94e65b4aaab9',3.6000000000000000888,6,0);
INSERT INTO bd_bModel_transactional_OrderDetails VALUES('ced644ef-b368-4b5f-9bbd-ffcb43e43a3d','2025-10-28T11:54:29.089Z','anonymous','2025-10-28T11:54:29.089Z','anonymous',35,10281,'176fa609-a69c-4dea-94dd-91f4973d1ff2','2f16c2bf-e0ac-4176-b2d5-a54ddc883216',14.400000000000000355,4,0);
INSERT INTO bd_bModel_transactional_OrderDetails VALUES('e164f71e-86e3-4828-bbca-39d21560205e','2025-10-28T11:54:29.089Z','anonymous','2025-10-28T11:54:29.089Z','anonymous',30,10282,'c162dea5-5351-4af3-8e79-674d8e922300','4db2864c-364c-4b93-8b40-f79888c0b8be',20.69999999999999929,6,0);
INSERT INTO bd_bModel_transactional_OrderDetails VALUES('70411283-c71a-4621-8f6d-36025246229c','2025-10-28T11:54:29.089Z','anonymous','2025-10-28T11:54:29.089Z','anonymous',57,10282,'c162dea5-5351-4af3-8e79-674d8e922300','30d75ce4-c7cf-49a1-a883-715efaff8b6c',15.599999999999999644,2,0);
INSERT INTO bd_bModel_transactional_OrderDetails VALUES('4ab72f15-0f2f-44f4-ae60-d2c661b73667','2025-10-28T11:54:29.089Z','anonymous','2025-10-28T11:54:29.089Z','anonymous',15,10283,'e10e511c-b792-4f1b-a8fd-558c57ac8bb1','33606a6b-a285-4ab6-a796-da9f04e5a03a',12.400000000000000355,20,0);
INSERT INTO bd_bModel_transactional_OrderDetails VALUES('2af33200-0673-440a-a8f5-790783ecf014','2025-10-28T11:54:29.089Z','anonymous','2025-10-28T11:54:29.089Z','anonymous',19,10283,'e10e511c-b792-4f1b-a8fd-558c57ac8bb1','38167d1b-53c8-4a4f-a7aa-56974b7fb238',7.2999999999999998223,18,0);
INSERT INTO bd_bModel_transactional_OrderDetails VALUES('f86b7506-19e5-42dc-bbd1-4c96c8a4a99e','2025-10-28T11:54:29.089Z','anonymous','2025-10-28T11:54:29.089Z','anonymous',60,10283,'e10e511c-b792-4f1b-a8fd-558c57ac8bb1','4a76698c-ec29-4ba4-bff8-14bcd1744d06',27.199999999999999289,35,0);
INSERT INTO bd_bModel_transactional_OrderDetails VALUES('a5b513bb-2b2e-4ba5-bf33-58f104ddd38f','2025-10-28T11:54:29.089Z','anonymous','2025-10-28T11:54:29.089Z','anonymous',72,10283,'e10e511c-b792-4f1b-a8fd-558c57ac8bb1','cff69d31-bf54-4acc-ac89-66fa54e3dc96',27.80000000000000071,3,0);
INSERT INTO bd_bModel_transactional_OrderDetails VALUES('3861d39a-6f12-4494-b752-de84b47d3c0e','2025-10-28T11:54:29.089Z','anonymous','2025-10-28T11:54:29.089Z','anonymous',27,10284,'20cc9bb4-6c0e-4a90-b9c3-392606e64089','4fd53107-de9b-4a17-b941-6fadcaaf0621',35.10000000000000142,15,0.25);
INSERT INTO bd_bModel_transactional_OrderDetails VALUES('34a139c1-d0e6-4461-9794-0f86f69f88e0','2025-10-28T11:54:29.089Z','anonymous','2025-10-28T11:54:29.089Z','anonymous',44,10284,'20cc9bb4-6c0e-4a90-b9c3-392606e64089','76df74fb-0dd3-4137-98c7-d108bb7768f2',15.499999999999999999,21,0);
INSERT INTO bd_bModel_transactional_OrderDetails VALUES('eaad6a78-c6ae-4062-a4d7-2d38f4ca7057','2025-10-28T11:54:29.089Z','anonymous','2025-10-28T11:54:29.089Z','anonymous',60,10284,'20cc9bb4-6c0e-4a90-b9c3-392606e64089','4a76698c-ec29-4ba4-bff8-14bcd1744d06',27.199999999999999289,20,0.25);
INSERT INTO bd_bModel_transactional_OrderDetails VALUES('c367a1a3-61f9-43b5-9f0b-1ba90542c312','2025-10-28T11:54:29.089Z','anonymous','2025-10-28T11:54:29.089Z','anonymous',67,10284,'20cc9bb4-6c0e-4a90-b9c3-392606e64089','8eed5d5b-a99d-45ab-9fba-bd66d6f3fa1e',11.199999999999999289,5,0.25);
INSERT INTO bd_bModel_transactional_OrderDetails VALUES('fc30a8b3-5fbc-43f8-864c-27ebd7b8cdf6','2025-10-28T11:54:29.089Z','anonymous','2025-10-28T11:54:29.089Z','anonymous',1,10285,'79c74256-6c24-4b58-9d19-a194209621fd','de6743b-6020-4311-a567-e8593d1c9194',14.400000000000000355,45,0.2000000000000000111);
INSERT INTO bd_bModel_transactional_OrderDetails VALUES('3995f4bf-c21a-4ad5-aeb6-808e31032ad1','2025-10-28T11:54:29.089Z','anonymous','2025-10-28T11:54:29.089Z','anonymous',40,10285,'79c74256-6c24-4b58-9d19-a194209621fd','9af2661d-5349-466f-94a7-cbab4974ab98',14.699999999999999289,40,0.2000000000000000111);
INSERT INTO bd_bModel_transactional_OrderDetails VALUES('3dca8123-d4ac-4a89-8dbf-847bfdfcb1e4','2025-10-28T11:54:29.089Z','anonymous','2025-10-28T11:54:29.089Z','anonymous',53,10285,'79c74256-6c24-4b58-9d19-a194209621fd','de052bb9-9840-4139-8ec2-5d3009e7c1a7',26.199999999999999289,36,0.2000000000000000111);
INSERT INTO bd_bModel_transactional_OrderDetails VALUES('fe2383c1-5fc7-4614-9539-573387b623ef','2025-10-28T11:54:29.089Z','anonymous','2025-10-28T11:54:29.089Z','anonymous',35,10286,'30b641e0-25e5-4aeb-af6d-c826bcabc076','2f16c2bf-e0ac-4176-b2d5-a54ddc883216',14.400000000000000355,100,0);
INSERT INTO bd_bModel_transactional_OrderDetails VALUES('4f6c7551-2c7a-460f-8e5e-105654d8beff','2025-10-28T11:54:29.089Z','anonymous','2025-10-28T11:54:29.089Z','anonymous',62,10286,'30b641e0-25e5-4aeb-af6d-c826bcabc076','25cae081-3317-4dfe-9bf7-30814bb7d2f0',39.399999999999998578,40,0);
INSERT INTO bd_bModel_transactional_OrderDetails VALUES('67c7d368-f77b-45d4-af1e-e3985ec6965d','2025-10-28T11:54:29.089Z','anonymous','2025-10-28T11:54:29.089Z','anonymous',16,10287,'3fcbde18-9002-4971-9181-177eff9df44a','6a1c725b-dee6-4eb9-8a75-495f304b77b7',13.900000000000000355,40,0.14999999999999999444);
INSERT INTO bd_bModel_transactional_OrderDetails VALUES('470c288a-674a-4aff-9a65-fcd268371fa9','2025-10-28T11:54:29.089Z','anonymous','2025-10-28T11:54:29.089Z','anonymous',34,10287,'3fcbde18-9002-4971-9181-177eff9df44a','ec385635-5e7b-4344-af8e-55dd020c3f35',11.199999999999999289,20,0);
INSERT INTO bd_bModel_transactional_OrderDetails VALUES('a09d72ef-3a52-4f59-9611-f76c226fe240','2025-10-28T11:54:29.089Z','anonymous','2025-10-28T11:54:29.089Z','anonymous',46,10287,'3fcbde18-9002-4971-9181-177eff9df44a','8fe8ff6c-eab5-4567-bcc4-24f9fa24cb88',9.5999999999999996447,15,0.14999999999999999444);
INSERT INTO bd_bModel_transactional_OrderDetails VALUES('6b541435-9f0b-4569-9479-afc06b7c8265','2025-10-28T11:54:29.089Z','anonymous','2025-10-28T11:54:29.089Z','anonymous',54,10288,'d1c791f4-ae44-4ce2-955e-ef24687172ec','563da40c-89ed-4b32-9f84-42ca4cd9795b',5.9000000000000003552,10,0.10000000000000000555);
INSERT INTO bd_bModel_transactional_OrderDetails VALUES('3a6fe123-1c0f-473b-bdcf-25e99c6f5db1','2025-10-28T11:54:29.089Z','anonymous','2025-10-28T11:54:29.089Z','anonymous',68,10288,'d1c791f4-ae44-4ce2-955e-ef24687172ec','c6c8f25f-012f-4e27-8b5c-92d1e6a08f18',10,3,0.10000000000000000555);
INSERT INTO bd_bModel_transactional_OrderDetails VALUES('df2d2717-6108-46dd-8cba-ec29e51e9234','2025-10-28T11:54:29.089Z','anonymous','2025-10-28T11:54:29.089Z','anonymous',3,10289,'f8b1598c-260c-4049-b455-02d8d02b8c40','d8f09fa-b580-4de0-a23f-59993c884a5d',8,30,0);
INSERT INTO bd_bModel_transactional_OrderDetails VALUES('e8bb9c0b-58a4-4a32-8449-d3afad0cdead','2025-10-28T11:54:29.089Z','anonymous','2025-10-28T11:54:29.089Z','anonymous',64,10289,'f8b1598c-260c-4049-b455-02d8d02b8c40','26353ff5-5fb2-4d91-b6ce-1a8405941b39',26.600000000000001421,9,0);
INSERT INTO bd_bModel_transactional_OrderDetails VALUES('d3a06997-ab18-4bdb-b679-4f934f6fcce7','2025-10-28T11:54:29.089Z','anonymous','2025-10-28T11:54:29.089Z','anonymous',5,10290,'6160991f-f26b-40fe-8bb1-c18c375d15fd','5f538c0-9c54-449a-bb52-df63806a235b',17,20,0);
INSERT INTO bd_bModel_transactional_OrderDetails VALUES('6e55d48f-bd46-443e-8ff3-7274eb71d473','2025-10-28T11:54:29.089Z','anonymous','2025-10-28T11:54:29.089Z','anonymous',29,10290,'6160991f-f26b-40fe-8bb1-c18c375d15fd','62df289c-31be-47ca-a287-4bb69fd4f7ce',99,15,0);
INSERT INTO bd_bModel_transactional_OrderDetails VALUES('11a030e3-4665-4d5b-9502-41045a950569','2025-10-28T11:54:29.089Z','anonymous','2025-10-28T11:54:29.089Z','anonymous',49,10290,'6160991f-f26b-40fe-8bb1-c18c375d15fd','ef65072f-79be-47cb-b4b3-2c20dfd6f139',16,15,0);
INSERT INTO bd_bModel_transactional_OrderDetails VALUES('e328d108-3955-40ed-9d07-ce4f9c176554','2025-10-28T11:54:29.089Z','anonymous','2025-10-28T11:54:29.089Z','anonymous',77,10290,'6160991f-f26b-40fe-8bb1-c18c375d15fd','81077190-5f4f-4015-bc1b-649d785148ce',10.400000000000000355,10,0);
INSERT INTO bd_bModel_transactional_OrderDetails VALUES('6c3b91ce-290f-48f3-8bc8-47c1e473dbf4','2025-10-28T11:54:29.089Z','anonymous','2025-10-28T11:54:29.089Z','anonymous',13,10291,'ea2309b6-e330-4501-95da-21697211312d','2892fb11-61f6-49d2-853f-2be3d75bca38',4.7999999999999998223,20,0.10000000000000000555);
INSERT INTO bd_bModel_transactional_OrderDetails VALUES('8c4a8cca-1de6-48ec-8775-db1f2260c815','2025-10-28T11:54:29.089Z','anonymous','2025-10-28T11:54:29.089Z','anonymous',44,10291,'ea2309b6-e330-4501-95da-21697211312d','76df74fb-0dd3-4137-98c7-d108bb7768f2',15.499999999999999999,24,0.10000000000000000555);
INSERT INTO bd_bModel_transactional_OrderDetails VALUES('5a1a1f4a-2b95-44d5-8ed4-c6ec9f764b83','2025-10-28T11:54:29.089Z','anonymous','2025-10-28T11:54:29.089Z','anonymous',51,10291,'ea2309b6-e330-4501-95da-21697211312d','c9e5625b-c3ff-48d9-9cce-caaa33f7bdf7',42.399999999999998579,2,0.10000000000000000555);
INSERT INTO bd_bModel_transactional_OrderDetails VALUES('4bb6c0c1-f75a-4955-9faa-d64f89ae874e','2025-10-28T11:54:29.089Z','anonymous','2025-10-28T11:54:29.089Z','anonymous',20,10292,'85a6f6b6-9d7c-4686-a0af-41e6ef0a7e87','7f1ee843-9277-4b9b-9170-af013620fadb',64.799999999999997159,20,0);
INSERT INTO bd_bModel_transactional_OrderDetails VALUES('5beaf9c9-09a1-4fd5-9039-401165fc8b6c','2025-10-28T11:54:29.089Z','anonymous','2025-10-28T11:54:29.089Z','anonymous',18,10293,'7b841cae-9ff6-41b5-a5eb-46036d1e2636','db942f84-facb-4e37-90db-01ef82b42b58',50,12,0);
INSERT INTO bd_bModel_transactional_OrderDetails VALUES('1a8c7079-9f10-4e29-baf0-00dfb3a87c29','2025-10-28T11:54:29.089Z','anonymous','2025-10-28T11:54:29.089Z','anonymous',24,10293,'7b841cae-9ff6-41b5-a5eb-46036d1e2636','eb201e52-7e31-4014-bc7c-94e65b4aaab9',3.6000000000000000888,10,0);
INSERT INTO bd_bModel_transactional_OrderDetails VALUES('8620290b-4a2f-480c-bd78-a163f7674676','2025-10-28T11:54:29.089Z','anonymous','2025-10-28T11:54:29.089Z','anonymous',63,10293,'7b841cae-9ff6-41b5-a5eb-46036d1e2636','297c1cdf-be90-486c-ac46-981435c8fb72',35.10000000000000142,5,0);
INSERT INTO bd_bModel_transactional_OrderDetails VALUES('ac4b7ce5-c1fc-425d-bfdc-a1e1eb67501f','2025-10-28T11:54:29.089Z','anonymous','2025-10-28T11:54:29.089Z','anonymous',75,10293,'7b841cae-9ff6-41b5-a5eb-46036d1e2636','2cf7b716-4467-4ac2-a558-7ed28d8a5835',6.2000000000000001776,6,0);
INSERT INTO bd_bModel_transactional_OrderDetails VALUES('8aa41708-c9db-48e0-ac7f-25849af84b44','2025-10-28T11:54:29.089Z','anonymous','2025-10-28T11:54:29.089Z','anonymous',1,10294,'34a94209-ae0f-4641-96dd-dd9673b438dd','de6743b-6020-4311-a567-e8593d1c9194',14.400000000000000355,18,0);
INSERT INTO bd_bModel_transactional_OrderDetails VALUES('ea3a35b2-ce0e-4195-b011-fe17872d1c72','2025-10-28T11:54:29.089Z','anonymous','2025-10-28T11:54:29.089Z','anonymous',17,10294,'34a94209-ae0f-4641-96dd-dd9673b438dd','5f93efa9-286d-4b5c-95cf-5a0025e04ad4',31.199999999999999289,15,0);
INSERT INTO bd_bModel_transactional_OrderDetails VALUES('721efc78-0c48-4d29-b625-a9021d196c08','2025-10-28T11:54:29.089Z','anonymous','2025-10-28T11:54:29.089Z','anonymous',43,10294,'34a94209-ae0f-4641-96dd-dd9673b438dd','114995a4-b437-479c-b68d-bd561c459916',36.799999999999997157,15,0);
INSERT INTO bd_bModel_transactional_OrderDetails VALUES('b95cd76a-76ad-4e01-8189-ef2f20eb6683','2025-10-28T11:54:29.089Z','anonymous','2025-10-28T11:54:29.089Z','anonymous',60,10294,'34a94209-ae0f-4641-96dd-dd9673b438dd','4a76698c-ec29-4ba4-bff8-14bcd1744d06',27.199999999999999289,21,0);
INSERT INTO bd_bModel_transactional_OrderDetails VALUES('521155f3-a8a3-47ef-be1b-45f92cbc2c8b','2025-10-28T11:54:29.089Z','anonymous','2025-10-28T11:54:29.089Z','anonymous',75,10294,'34a94209-ae0f-4641-96dd-dd9673b438dd','2cf7b716-4467-4ac2-a558-7ed28d8a5835',6.2000000000000001776,6,0);
INSERT INTO bd_bModel_transactional_OrderDetails VALUES('b9e8bac5-bfd1-4914-9272-1364ec018dd2','2025-10-28T11:54:29.089Z','anonymous','2025-10-28T11:54:29.089Z','anonymous',56,10295,'ea3667fb-4509-4e3b-aaad-c90d47cbd3a8','3178b2e2-ef85-43ff-b633-b13c51e21f6e',30.399999999999998579,4,0);
INSERT INTO bd_bModel_transactional_OrderDetails VALUES('b3d05e11-3d7f-4815-8bfd-6f49fc7e231a','2025-10-28T11:54:29.089Z','anonymous','2025-10-28T11:54:29.089Z','anonymous',11,10296,'d5e8f24e-c016-4396-be0a-fcfe5d58b39c','daab8b86-f920-4398-a6ad-31c8405acde5',16.80000000000000071,12,0);
INSERT INTO bd_bModel_transactional_OrderDetails VALUES('212255d3-2138-4b15-924e-be1817413c56','2025-10-28T11:54:29.089Z','anonymous','2025-10-28T11:54:29.089Z','anonymous',16,10296,'d5e8f24e-c016-4396-be0a-fcfe5d58b39c','6a1c725b-dee6-4eb9-8a75-495f304b77b7',13.900000000000000355,30,0);
INSERT INTO bd_bModel_transactional_OrderDetails VALUES('c02fffb0-f861-41e2-a480-8f122de182aa','2025-10-28T11:54:29.089Z','anonymous','2025-10-28T11:54:29.089Z','anonymous',69,10296,'d5e8f24e-c016-4396-be0a-fcfe5d58b39c','311215cd-3b3e-48e0-948c-131e8dddae08',28.80000000000000071,15,0);
INSERT INTO bd_bModel_transactional_OrderDetails VALUES('3c242267-8160-4c78-afd0-8c2ddb4dbe28','2025-10-28T11:54:29.089Z','anonymous','2025-10-28T11:54:29.089Z','anonymous',39,10297,'1c5a9894-b0e2-4398-bc48-d69f4f924631','43941126-b9b1-43b9-899d-e5ac8dfea469',14.400000000000000355,60,0);
INSERT INTO bd_bModel_transactional_OrderDetails VALUES('e505ef36-597a-46ce-a748-93c79c0c50ab','2025-10-28T11:54:29.089Z','anonymous','2025-10-28T11:54:29.089Z','anonymous',72,10297,'1c5a9894-b0e2-4398-bc48-d69f4f924631','cff69d31-bf54-4acc-ac89-66fa54e3dc96',27.80000000000000071,20,0);
INSERT INTO bd_bModel_transactional_OrderDetails VALUES('fc56ea43-78d0-4afa-8014-adddde702de0','2025-10-28T11:54:29.089Z','anonymous','2025-10-28T11:54:29.089Z','anonymous',2,10298,'3e3ffca0-d1e7-4ebf-ab45-f62ba58346a0','035bf2d-d722-4141-8418-3f51bf3c26a0',15.199999999999999289,40,0);
INSERT INTO bd_bModel_transactional_OrderDetails VALUES('57a5bb35-f467-4338-a971-1dd7ee746d4a','2025-10-28T11:54:29.089Z','anonymous','2025-10-28T11:54:29.089Z','anonymous',36,10298,'3e3ffca0-d1e7-4ebf-ab45-f62ba58346a0','95849f20-38a6-4ba9-be6e-fe3fc089c1a0',15.199999999999999289,40,0.25);
INSERT INTO bd_bModel_transactional_OrderDetails VALUES('bf8b5011-dcd5-4a62-9248-945a1b7b0a88','2025-10-28T11:54:29.089Z','anonymous','2025-10-28T11:54:29.089Z','anonymous',59,10298,'3e3ffca0-d1e7-4ebf-ab45-f62ba58346a0','e52802de-d683-4bbe-aaf9-e919bffc1f57',44,30,0.25);
INSERT INTO bd_bModel_transactional_OrderDetails VALUES('a2568e40-d80b-4a65-ba28-e938db876332','2025-10-28T11:54:29.089Z','anonymous','2025-10-28T11:54:29.089Z','anonymous',62,10298,'3e3ffca0-d1e7-4ebf-ab45-f62ba58346a0','25cae081-3317-4dfe-9bf7-30814bb7d2f0',39.399999999999998578,15,0);
INSERT INTO bd_bModel_transactional_OrderDetails VALUES('bf65cb83-efb6-4f7c-a8ea-e25e2502a6f9','2025-10-28T11:54:29.089Z','anonymous','2025-10-28T11:54:29.089Z','anonymous',19,10299,'c5b24f8f-a33e-43d4-b6a8-1ef992c2ae3e','38167d1b-53c8-4a4f-a7aa-56974b7fb238',7.2999999999999998223,15,0);
INSERT INTO bd_bModel_transactional_OrderDetails VALUES('0c0394bd-af7c-42e2-8c33-d788f91230cd','2025-10-28T11:54:29.089Z','anonymous','2025-10-28T11:54:29.089Z','anonymous',70,10299,'c5b24f8f-a33e-43d4-b6a8-1ef992c2ae3e','7c199617-5917-4619-8803-b70028ab85da',12,20,0);
INSERT INTO bd_bModel_transactional_OrderDetails VALUES('8de785a4-149e-4064-b4fe-c514555361a8','2025-10-28T11:54:29.089Z','anonymous','2025-10-28T11:54:29.089Z','anonymous',66,10300,'e09830ec-36e2-4601-92f5-23a601fbb9b4','b446537a-f33b-456f-83f6-65745a1abf68',13.599999999999999644,30,0);
INSERT INTO bd_bModel_transactional_OrderDetails VALUES('511e7d72-8f00-4fa0-a396-ed9edd10ebff','2025-10-28T11:54:29.089Z','anonymous','2025-10-28T11:54:29.089Z','anonymous',68,10300,'e09830ec-36e2-4601-92f5-23a601fbb9b4','c6c8f25f-012f-4e27-8b5c-92d1e6a08f18',10,20,0);
INSERT INTO bd_bModel_transactional_OrderDetails VALUES('150c0635-857b-4b92-a66d-22e1609f49ff','2025-10-28T11:54:29.089Z','anonymous','2025-10-28T11:54:29.089Z','anonymous',40,10301,'b0599a43-f5b0-472e-9d88-014022446fa5','9af2661d-5349-466f-94a7-cbab4974ab98',14.699999999999999289,10,0);
INSERT INTO bd_bModel_transactional_OrderDetails VALUES('82a88681-9aec-4983-9fa2-67e65b921653','2025-10-28T11:54:29.089Z','anonymous','2025-10-28T11:54:29.089Z','anonymous',56,10301,'b0599a43-f5b0-472e-9d88-014022446fa5','3178b2e2-ef85-43ff-b633-b13c51e21f6e',30.399999999999998579,20,0);
INSERT INTO bd_bModel_transactional_OrderDetails VALUES('0623066b-6117-42f0-a122-e95076d56e7a','2025-10-28T11:54:29.089Z','anonymous','2025-10-28T11:54:29.089Z','anonymous',17,10302,'fd6ea723-6e8f-4c5a-b95a-87643e6cdc7d','5f93efa9-286d-4b5c-95cf-5a0025e04ad4',31.199999999999999289,40,0);
INSERT INTO bd_bModel_transactional_OrderDetails VALUES('20f0d825-d8fe-4fb7-8053-720d7e0b866b','2025-10-28T11:54:29.089Z','anonymous','2025-10-28T11:54:29.089Z','anonymous',28,10302,'fd6ea723-6e8f-4c5a-b95a-87643e6cdc7d','d33484ce-4d80-4b36-b2ff-e5d4984fb426',36.399999999999998578,28,0);
INSERT INTO bd_bModel_transactional_OrderDetails VALUES('6ac07fe1-4b86-4862-af4d-56bf1df43ddd','2025-10-28T11:54:29.089Z','anonymous','2025-10-28T11:54:29.089Z','anonymous',43,10302,'fd6ea723-6e8f-4c5a-b95a-87643e6cdc7d','114995a4-b437-479c-b68d-bd561c459916',36.799999999999997157,12,0);
INSERT INTO bd_bModel_transactional_OrderDetails VALUES('e550d4cb-1786-4c1a-ab8c-a8bc4dfa807d','2025-10-28T11:54:29.089Z','anonymous','2025-10-28T11:54:29.089Z','anonymous',40,10303,'682471b2-320f-4d0b-ba58-9a092ebc2255','9af2661d-5349-466f-94a7-cbab4974ab98',14.699999999999999289,40,0.10000000000000000555);
INSERT INTO bd_bModel_transactional_OrderDetails VALUES('1d86ac25-e89d-4e14-a419-ee5542a3b2b6','2025-10-28T11:54:29.089Z','anonymous','2025-10-28T11:54:29.089Z','anonymous',65,10303,'682471b2-320f-4d0b-ba58-9a092ebc2255','9e6a4ff2-ae7f-4fbe-bbb0-1d4ba0921230',16.80000000000000071,30,0.10000000000000000555);
INSERT INTO bd_bModel_transactional_OrderDetails VALUES('c06f2ad4-4769-47e1-a8fa-5f4e2b3af3b7','2025-10-28T11:54:29.089Z','anonymous','2025-10-28T11:54:29.089Z','anonymous',68,10303,'682471b2-320f-4d0b-ba58-9a092ebc2255','c6c8f25f-012f-4e27-8b5c-92d1e6a08f18',10,15,0.10000000000000000555);
INSERT INTO bd_bModel_transactional_OrderDetails VALUES('aa8e60c5-4b30-41ce-9873-75c865de8dc8','2025-10-28T11:54:29.089Z','anonymous','2025-10-28T11:54:29.089Z','anonymous',49,10304,'1a515278-711e-492d-9156-3bd574f30a7c','ef65072f-79be-47cb-b4b3-2c20dfd6f139',16,30,0);
INSERT INTO bd_bModel_transactional_OrderDetails VALUES('02a8be49-3a29-43bb-ab0e-e89c2380e5ae','2025-10-28T11:54:29.089Z','anonymous','2025-10-28T11:54:29.089Z','anonymous',59,10304,'1a515278-711e-492d-9156-3bd574f30a7c','e52802de-d683-4bbe-aaf9-e919bffc1f57',44,10,0);
INSERT INTO bd_bModel_transactional_OrderDetails VALUES('141888ca-8a60-4d80-95e0-ddb66160b58c','2025-10-28T11:54:29.089Z','anonymous','2025-10-28T11:54:29.089Z','anonymous',71,10304,'1a515278-711e-492d-9156-3bd574f30a7c','6b0b026e-d214-4162-b3b0-376fef5f9179',17.199999999999999289,2,0);
INSERT INTO bd_bModel_transactional_OrderDetails VALUES('50239758-0c3a-46cf-8234-af324ee85e59','2025-10-28T11:54:29.089Z','anonymous','2025-10-28T11:54:29.089Z','anonymous',18,10305,'8c902c87-692e-4718-bd91-75374b5679e3','db942f84-facb-4e37-90db-01ef82b42b58',50,25,0.10000000000000000555);
INSERT INTO bd_bModel_transactional_OrderDetails VALUES('2221896d-cf68-4f6d-8bed-88d0e1799535','2025-10-28T11:54:29.089Z','anonymous','2025-10-28T11:54:29.089Z','anonymous',29,10305,'8c902c87-692e-4718-bd91-75374b5679e3','62df289c-31be-47ca-a287-4bb69fd4f7ce',99,25,0.10000000000000000555);
INSERT INTO bd_bModel_transactional_OrderDetails VALUES('39c980fa-07a6-46a0-afe0-8ca9ceee0677','2025-10-28T11:54:29.089Z','anonymous','2025-10-28T11:54:29.089Z','anonymous',39,10305,'8c902c87-692e-4718-bd91-75374b5679e3','43941126-b9b1-43b9-899d-e5ac8dfea469',14.400000000000000355,30,0.10000000000000000555);
INSERT INTO bd_bModel_transactional_OrderDetails VALUES('a903b3d9-7185-4abb-8c42-df44ae656c90','2025-10-28T11:54:29.089Z','anonymous','2025-10-28T11:54:29.089Z','anonymous',30,10306,'763dc0ce-233f-44a6-89af-1c470cc0c1f6','4db2864c-364c-4b93-8b40-f79888c0b8be',20.69999999999999929,10,0);
INSERT INTO bd_bModel_transactional_OrderDetails VALUES('5ec8804c-10fb-410e-8f34-4df81bb9eeeb','2025-10-28T11:54:29.089Z','anonymous','2025-10-28T11:54:29.089Z','anonymous',53,10306,'763dc0ce-233f-44a6-89af-1c470cc0c1f6','de052bb9-9840-4139-8ec2-5d3009e7c1a7',26.199999999999999289,10,0);
INSERT INTO bd_bModel_transactional_OrderDetails VALUES('15c0ac62-3d52-4a38-bc4c-ef86e0f5ce39','2025-10-28T11:54:29.089Z','anonymous','2025-10-28T11:54:29.089Z','anonymous',54,10306,'763dc0ce-233f-44a6-89af-1c470cc0c1f6','563da40c-89ed-4b32-9f84-42ca4cd9795b',5.9000000000000003552,5,0);
INSERT INTO bd_bModel_transactional_OrderDetails VALUES('d9f4c574-6f00-438c-94da-7073e9dcaa4a','2025-10-28T11:54:29.089Z','anonymous','2025-10-28T11:54:29.089Z','anonymous',62,10307,'4908aa8c-f8a0-4d94-9f03-c252378cffe8','25cae081-3317-4dfe-9bf7-30814bb7d2f0',39.399999999999998578,10,0);
INSERT INTO bd_bModel_transactional_OrderDetails VALUES('da7b1e2a-b44e-4296-ba56-a4786bf8d147','2025-10-28T11:54:29.089Z','anonymous','2025-10-28T11:54:29.089Z','anonymous',68,10307,'4908aa8c-f8a0-4d94-9f03-c252378cffe8','c6c8f25f-012f-4e27-8b5c-92d1e6a08f18',10,3,0);
INSERT INTO bd_bModel_transactional_OrderDetails VALUES('4a3a9e2d-4c6e-44d1-822d-08bf7dc5fc54','2025-10-28T11:54:29.089Z','anonymous','2025-10-28T11:54:29.089Z','anonymous',69,10308,'57a0fe78-ab6d-4042-a0f2-f1d75b2cd295','311215cd-3b3e-48e0-948c-131e8dddae08',28.80000000000000071,1,0);
INSERT INTO bd_bModel_transactional_OrderDetails VALUES('fa87ab7f-454a-40b0-8296-bf515ff32a8b','2025-10-28T11:54:29.089Z','anonymous','2025-10-28T11:54:29.089Z','anonymous',70,10308,'57a0fe78-ab6d-4042-a0f2-f1d75b2cd295','7c199617-5917-4619-8803-b70028ab85da',12,5,0);
INSERT INTO bd_bModel_transactional_OrderDetails VALUES('b14a5017-57c1-4d9c-8f70-58bd3574a912','2025-10-28T11:54:29.089Z','anonymous','2025-10-28T11:54:29.089Z','anonymous',4,10309,'6f887446-3d49-4d77-8d37-e859b5e2c183','77f893e-4e4b-4d30-b9e6-46fdf909c875',17.600000000000001421,20,0);
INSERT INTO bd_bModel_transactional_OrderDetails VALUES('64def9dc-c0c4-4b6f-8f29-9ac5895dac0d','2025-10-28T11:54:29.089Z','anonymous','2025-10-28T11:54:29.089Z','anonymous',6,10309,'6f887446-3d49-4d77-8d37-e859b5e2c183','f2483f5-acd5-4ce6-86d2-f97865307646',20,30,0);
INSERT INTO bd_bModel_transactional_OrderDetails VALUES('717277b9-b3e6-4872-9a6e-7e164ca63e1a','2025-10-28T11:54:29.089Z','anonymous','2025-10-28T11:54:29.089Z','anonymous',42,10309,'6f887446-3d49-4d77-8d37-e859b5e2c183','34e5f361-c815-4963-a6a7-fff7fe05c89c',11.199999999999999289,2,0);
INSERT INTO bd_bModel_transactional_OrderDetails VALUES('c1646a38-d41e-44e2-8b45-14217cf7642c','2025-10-28T11:54:29.089Z','anonymous','2025-10-28T11:54:29.089Z','anonymous',43,10309,'6f887446-3d49-4d77-8d37-e859b5e2c183','114995a4-b437-479c-b68d-bd561c459916',36.799999999999997157,20,0);
INSERT INTO bd_bModel_transactional_OrderDetails VALUES('2e0921d1-f93c-4b7c-b2fe-36af5bfe1ccf','2025-10-28T11:54:29.089Z','anonymous','2025-10-28T11:54:29.089Z','anonymous',71,10309,'6f887446-3d49-4d77-8d37-e859b5e2c183','6b0b026e-d214-4162-b3b0-376fef5f9179',17.199999999999999289,3,0);
INSERT INTO bd_bModel_transactional_OrderDetails VALUES('90d101e6-f6ad-4a4e-8695-0c6313af5b24','2025-10-28T11:54:29.089Z','anonymous','2025-10-28T11:54:29.089Z','anonymous',16,10310,'b3653140-c08c-4f00-b7e7-b19a354effbe','6a1c725b-dee6-4eb9-8a75-495f304b77b7',13.900000000000000355,10,0);
INSERT INTO bd_bModel_transactional_OrderDetails VALUES('2179188a-f269-42f9-a19b-444b1646581d','2025-10-28T11:54:29.089Z','anonymous','2025-10-28T11:54:29.089Z','anonymous',62,10310,'b3653140-c08c-4f00-b7e7-b19a354effbe','25cae081-3317-4dfe-9bf7-30814bb7d2f0',39.399999999999998578,5,0);
INSERT INTO bd_bModel_transactional_OrderDetails VALUES('e7783530-4165-455c-aada-2c81fdc3b466','2025-10-28T11:54:29.089Z','anonymous','2025-10-28T11:54:29.089Z','anonymous',42,10311,'931a0c8b-61e8-4b22-afdf-e8018d0f1812','34e5f361-c815-4963-a6a7-fff7fe05c89c',11.199999999999999289,6,0);
INSERT INTO bd_bModel_transactional_OrderDetails VALUES('eab9bf3a-5474-43f4-ab8f-5c89051ba959','2025-10-28T11:54:29.089Z','anonymous','2025-10-28T11:54:29.089Z','anonymous',69,10311,'931a0c8b-61e8-4b22-afdf-e8018d0f1812','311215cd-3b3e-48e0-948c-131e8dddae08',28.80000000000000071,7,0);
INSERT INTO bd_bModel_transactional_OrderDetails VALUES('668eafa9-b2e0-4d1c-bc03-d2624f8f3cc2','2025-10-28T11:54:29.089Z','anonymous','2025-10-28T11:54:29.089Z','anonymous',28,10312,'df987e56-6fa8-4ce4-9a78-5c523680119c','d33484ce-4d80-4b36-b2ff-e5d4984fb426',36.399999999999998578,4,0);
INSERT INTO bd_bModel_transactional_OrderDetails VALUES('a61b5106-f321-4588-97d4-053ceb54ecf0','2025-10-28T11:54:29.089Z','anonymous','2025-10-28T11:54:29.089Z','anonymous',43,10312,'df987e56-6fa8-4ce4-9a78-5c523680119c','114995a4-b437-479c-b68d-bd561c459916',36.799999999999997157,24,0);
INSERT INTO bd_bModel_transactional_OrderDetails VALUES('984cb8f2-6429-41b3-a23e-f37d8d9f42c2','2025-10-28T11:54:29.089Z','anonymous','2025-10-28T11:54:29.089Z','anonymous',53,10312,'df987e56-6fa8-4ce4-9a78-5c523680119c','de052bb9-9840-4139-8ec2-5d3009e7c1a7',26.199999999999999289,20,0);
INSERT INTO bd_bModel_transactional_OrderDetails VALUES('a3b0a6cd-15ce-4764-b4f8-1a8f355eb04e','2025-10-28T11:54:29.089Z','anonymous','2025-10-28T11:54:29.089Z','anonymous',75,10312,'df987e56-6fa8-4ce4-9a78-5c523680119c','2cf7b716-4467-4ac2-a558-7ed28d8a5835',6.2000000000000001776,10,0);
INSERT INTO bd_bModel_transactional_OrderDetails VALUES('90040055-4c14-495d-b870-50572e13bbc1','2025-10-28T11:54:29.089Z','anonymous','2025-10-28T11:54:29.089Z','anonymous',36,10313,'c90e6877-981d-4e09-a388-664bedfc5db9','95849f20-38a6-4ba9-be6e-fe3fc089c1a0',15.199999999999999289,12,0);
INSERT INTO bd_bModel_transactional_OrderDetails VALUES('0e3a9150-09b4-4c4d-a543-f36ee7255f72','2025-10-28T11:54:29.089Z','anonymous','2025-10-28T11:54:29.089Z','anonymous',32,10314,'8b957ead-3f85-48a0-9ab1-bf887f56283d','6129d6da-4651-49e1-adc3-4e4fe20c7c46',25.600000000000001421,40,0.10000000000000000555);
INSERT INTO bd_bModel_transactional_OrderDetails VALUES('ecb27b77-93d9-4beb-8d81-c9873e70536a','2025-10-28T11:54:29.089Z','anonymous','2025-10-28T11:54:29.089Z','anonymous',58,10314,'8b957ead-3f85-48a0-9ab1-bf887f56283d','39cc6c71-643a-4497-8c09-fbacf987b131',10.599999999999999644,30,0.10000000000000000555);
INSERT INTO bd_bModel_transactional_OrderDetails VALUES('0f00dd00-f696-446e-ac1e-04bedc1028b3','2025-10-28T11:54:29.089Z','anonymous','2025-10-28T11:54:29.089Z','anonymous',62,10314,'8b957ead-3f85-48a0-9ab1-bf887f56283d','25cae081-3317-4dfe-9bf7-30814bb7d2f0',39.399999999999998578,25,0.10000000000000000555);
INSERT INTO bd_bModel_transactional_OrderDetails VALUES('e80fbb6d-82d0-4b8b-814c-dd2894b25b3f','2025-10-28T11:54:29.089Z','anonymous','2025-10-28T11:54:29.089Z','anonymous',34,10315,'cbdc5e1f-e158-4a03-ba38-9894ab485a36','ec385635-5e7b-4344-af8e-55dd020c3f35',11.199999999999999289,14,0);
INSERT INTO bd_bModel_transactional_OrderDetails VALUES('90539d7f-9b80-47cd-9428-a9cce958a3c6','2025-10-28T11:54:29.089Z','anonymous','2025-10-28T11:54:29.089Z','anonymous',70,10315,'cbdc5e1f-e158-4a03-ba38-9894ab485a36','7c199617-5917-4619-8803-b70028ab85da',12,30,0);
INSERT INTO bd_bModel_transactional_OrderDetails VALUES('b0f8da8d-cd42-42eb-a14c-e0ccabb97489','2025-10-28T11:54:29.089Z','anonymous','2025-10-28T11:54:29.089Z','anonymous',41,10316,'5c04e786-159a-4f60-84b8-4d9e80ff84ab','c9b5f962-eeed-40da-bbea-cc9e34960b3b',7.7000000000000001776,10,0);
INSERT INTO bd_bModel_transactional_OrderDetails VALUES('cbea19da-e37c-4418-ab59-2f5e197360f7','2025-10-28T11:54:29.089Z','anonymous','2025-10-28T11:54:29.089Z','anonymous',62,10316,'5c04e786-159a-4f60-84b8-4d9e80ff84ab','25cae081-3317-4dfe-9bf7-30814bb7d2f0',39.399999999999998578,70,0);
INSERT INTO bd_bModel_transactional_OrderDetails VALUES('9cd2509e-95a3-4fb4-8ce8-9f64ee4a3449','2025-10-28T11:54:29.089Z','anonymous','2025-10-28T11:54:29.089Z','anonymous',1,10317,'746bdc95-b26f-42d3-92a2-bfad5d938ba9','de6743b-6020-4311-a567-e8593d1c9194',14.400000000000000355,20,0);
INSERT INTO bd_bModel_transactional_OrderDetails VALUES('1aad0ffc-6823-4a0c-80d4-e51a2be5b88b','2025-10-28T11:54:29.089Z','anonymous','2025-10-28T11:54:29.089Z','anonymous',41,10318,'8b742d1e-eda4-4a3e-9fc0-c41622271bfb','c9b5f962-eeed-40da-bbea-cc9e34960b3b',7.7000000000000001776,20,0);
INSERT INTO bd_bModel_transactional_OrderDetails VALUES('3736b746-c9de-44c7-a15e-af5baa6e7950','2025-10-28T11:54:29.089Z','anonymous','2025-10-28T11:54:29.089Z','anonymous',76,10318,'8b742d1e-eda4-4a3e-9fc0-c41622271bfb','81110c8f-d936-4c69-a5d4-19daf9b55a2f',14.400000000000000355,6,0);
INSERT INTO bd_bModel_transactional_OrderDetails VALUES('8fc2ec30-b403-4279-bb35-6691129b0765','2025-10-28T11:54:29.089Z','anonymous','2025-10-28T11:54:29.089Z','anonymous',17,10319,'3414b25d-ea8b-424d-b5d7-ce976e9efa06','5f93efa9-286d-4b5c-95cf-5a0025e04ad4',31.199999999999999289,8,0);
INSERT INTO bd_bModel_transactional_OrderDetails VALUES('49f6dd10-57da-4c69-8ddf-8948d57ce7d3','2025-10-28T11:54:29.089Z','anonymous','2025-10-28T11:54:29.089Z','anonymous',28,10319,'3414b25d-ea8b-424d-b5d7-ce976e9efa06','d33484ce-4d80-4b36-b2ff-e5d4984fb426',36.399999999999998578,14,0);
INSERT INTO bd_bModel_transactional_OrderDetails VALUES('41835c96-710d-468c-9448-2b5bb1c192f8','2025-10-28T11:54:29.089Z','anonymous','2025-10-28T11:54:29.089Z','anonymous',76,10319,'3414b25d-ea8b-424d-b5d7-ce976e9efa06','81110c8f-d936-4c69-a5d4-19daf9b55a2f',14.400000000000000355,30,0);
INSERT INTO bd_bModel_transactional_OrderDetails VALUES('77a926e5-feed-4210-a481-07c2f34fb4d9','2025-10-28T11:54:29.089Z','anonymous','2025-10-28T11:54:29.089Z','anonymous',71,10320,'a625bf8a-60f3-4aee-b51a-d245604da956','6b0b026e-d214-4162-b3b0-376fef5f9179',17.199999999999999289,30,0);
INSERT INTO bd_bModel_transactional_OrderDetails VALUES('a0a444ec-c45a-4dfb-bd00-c7d209c5c951','2025-10-28T11:54:29.089Z','anonymous','2025-10-28T11:54:29.089Z','anonymous',35,10321,'85dccdb6-748c-456f-921c-36b0ebd22ebf','2f16c2bf-e0ac-4176-b2d5-a54ddc883216',14.400000000000000355,10,0);
INSERT INTO bd_bModel_transactional_OrderDetails VALUES('97c739fc-e1f7-4725-a901-76c415d0c5d0','2025-10-28T11:54:29.089Z','anonymous','2025-10-28T11:54:29.089Z','anonymous',52,10322,'0192f8ca-d470-43c6-b0ce-c8063830b4d2','a746ae75-e112-446d-adfb-14f03888ea0c',5.5999999999999996447,20,0);
INSERT INTO bd_bModel_transactional_OrderDetails VALUES('68dcf472-308d-41f3-9afb-1694cf399a61','2025-10-28T11:54:29.089Z','anonymous','2025-10-28T11:54:29.089Z','anonymous',15,10323,'21bfdf4d-a236-4cf1-afd8-d1ce16a37450','33606a6b-a285-4ab6-a796-da9f04e5a03a',12.400000000000000355,5,0);
INSERT INTO bd_bModel_transactional_OrderDetails VALUES('a33ca079-7fdf-4c28-96ac-8f39fde5b1a7','2025-10-28T11:54:29.089Z','anonymous','2025-10-28T11:54:29.089Z','anonymous',25,10323,'21bfdf4d-a236-4cf1-afd8-d1ce16a37450','2d67473c-999d-41b4-8f60-d51aa714310e',11.199999999999999289,4,0);
INSERT INTO bd_bModel_transactional_OrderDetails VALUES('f3bc1721-b6d8-4181-a45f-6c1a1c081db4','2025-10-28T11:54:29.089Z','anonymous','2025-10-28T11:54:29.089Z','anonymous',39,10323,'21bfdf4d-a236-4cf1-afd8-d1ce16a37450','43941126-b9b1-43b9-899d-e5ac8dfea469',14.400000000000000355,4,0);
INSERT INTO bd_bModel_transactional_OrderDetails VALUES('65016b67-0e84-4279-a451-df7a244511b9','2025-10-28T11:54:29.089Z','anonymous','2025-10-28T11:54:29.089Z','anonymous',16,10324,'8ad4d358-dca7-496c-8131-d9517226c30c','6a1c725b-dee6-4eb9-8a75-495f304b77b7',13.900000000000000355,21,0.14999999999999999444);
INSERT INTO bd_bModel_transactional_OrderDetails VALUES('29f1c29b-b263-47cd-818e-e4697e92c7fd','2025-10-28T11:54:29.089Z','anonymous','2025-10-28T11:54:29.089Z','anonymous',35,10324,'8ad4d358-dca7-496c-8131-d9517226c30c','2f16c2bf-e0ac-4176-b2d5-a54ddc883216',14.400000000000000355,70,0.14999999999999999444);
INSERT INTO bd_bModel_transactional_OrderDetails VALUES('2df286e3-3b55-427d-bb93-b763d0032109','2025-10-28T11:54:29.089Z','anonymous','2025-10-28T11:54:29.089Z','anonymous',46,10324,'8ad4d358-dca7-496c-8131-d9517226c30c','8fe8ff6c-eab5-4567-bcc4-24f9fa24cb88',9.5999999999999996447,30,0);
INSERT INTO bd_bModel_transactional_OrderDetails VALUES('7a43bfa8-2e52-4387-ae43-561e7bc3bacf','2025-10-28T11:54:29.089Z','anonymous','2025-10-28T11:54:29.089Z','anonymous',59,10324,'8ad4d358-dca7-496c-8131-d9517226c30c','e52802de-d683-4bbe-aaf9-e919bffc1f57',44,40,0.14999999999999999444);
INSERT INTO bd_bModel_transactional_OrderDetails VALUES('40a4cea3-5f8c-4137-aa1a-a323e1cbd31a','2025-10-28T11:54:29.089Z','anonymous','2025-10-28T11:54:29.089Z','anonymous',63,10324,'8ad4d358-dca7-496c-8131-d9517226c30c','297c1cdf-be90-486c-ac46-981435c8fb72',35.10000000000000142,80,0.14999999999999999444);
INSERT INTO bd_bModel_transactional_OrderDetails VALUES('9f9e949b-01e3-494c-9122-27b857e413bc','2025-10-28T11:54:29.089Z','anonymous','2025-10-28T11:54:29.089Z','anonymous',6,10325,'250fdef8-cd03-4651-a081-5863776ee339','f2483f5-acd5-4ce6-86d2-f97865307646',20,6,0);
INSERT INTO bd_bModel_transactional_OrderDetails VALUES('ac0d8b37-8ada-41bf-9793-b9ead357ecde','2025-10-28T11:54:29.089Z','anonymous','2025-10-28T11:54:29.089Z','anonymous',13,10325,'250fdef8-cd03-4651-a081-5863776ee339','2892fb11-61f6-49d2-853f-2be3d75bca38',4.7999999999999998223,12,0);
INSERT INTO bd_bModel_transactional_OrderDetails VALUES('e97cb678-2871-40e1-8db9-a6698d377df9','2025-10-28T11:54:29.089Z','anonymous','2025-10-28T11:54:29.089Z','anonymous',14,10325,'250fdef8-cd03-4651-a081-5863776ee339','aeb124c7-33b6-43d2-82b8-37a159d119a5',18.600000000000001421,9,0);
INSERT INTO bd_bModel_transactional_OrderDetails VALUES('f196220c-4581-40d1-b513-a01835eb256c','2025-10-28T11:54:29.089Z','anonymous','2025-10-28T11:54:29.089Z','anonymous',31,10325,'250fdef8-cd03-4651-a081-5863776ee339','7b7b9f47-c481-4faa-9aba-d82246db9df9',10,4,0);
INSERT INTO bd_bModel_transactional_OrderDetails VALUES('8aac5b41-ab0d-407f-8f45-4cca2d13122b','2025-10-28T11:54:29.089Z','anonymous','2025-10-28T11:54:29.089Z','anonymous',72,10325,'250fdef8-cd03-4651-a081-5863776ee339','cff69d31-bf54-4acc-ac89-66fa54e3dc96',27.80000000000000071,40,0);
INSERT INTO bd_bModel_transactional_OrderDetails VALUES('89ad3a0a-9b20-4da4-9c85-8f8bdd0c5c81','2025-10-28T11:54:29.089Z','anonymous','2025-10-28T11:54:29.089Z','anonymous',4,10326,'5e2c7460-bbb3-4ec6-b9d1-a194576eb44a','77f893e-4e4b-4d30-b9e6-46fdf909c875',17.600000000000001421,24,0);
INSERT INTO bd_bModel_transactional_OrderDetails VALUES('b577416a-c4e6-4c29-ac8f-26227e28184a','2025-10-28T11:54:29.089Z','anonymous','2025-10-28T11:54:29.089Z','anonymous',57,10326,'5e2c7460-bbb3-4ec6-b9d1-a194576eb44a','30d75ce4-c7cf-49a1-a883-715efaff8b6c',15.599999999999999644,16,0);
INSERT INTO bd_bModel_transactional_OrderDetails VALUES('4f62e3ef-2004-4018-8c45-ce00748b3ac1','2025-10-28T11:54:29.089Z','anonymous','2025-10-28T11:54:29.089Z','anonymous',75,10326,'5e2c7460-bbb3-4ec6-b9d1-a194576eb44a','2cf7b716-4467-4ac2-a558-7ed28d8a5835',6.2000000000000001776,50,0);
INSERT INTO bd_bModel_transactional_OrderDetails VALUES('48efbb49-1e7d-4990-914a-cea2a16c31fb','2025-10-28T11:54:29.089Z','anonymous','2025-10-28T11:54:29.089Z','anonymous',2,10327,'2f713742-4f89-4bf6-8c3b-8fa62738027d','035bf2d-d722-4141-8418-3f51bf3c26a0',15.199999999999999289,25,0.2000000000000000111);
INSERT INTO bd_bModel_transactional_OrderDetails VALUES('8733de3b-021b-4de9-b506-93e21ca28400','2025-10-28T11:54:29.089Z','anonymous','2025-10-28T11:54:29.089Z','anonymous',11,10327,'2f713742-4f89-4bf6-8c3b-8fa62738027d','daab8b86-f920-4398-a6ad-31c8405acde5',16.80000000000000071,50,0.2000000000000000111);
INSERT INTO bd_bModel_transactional_OrderDetails VALUES('43fa3fba-349e-493b-a7c5-bc8c78973ca5','2025-10-28T11:54:29.089Z','anonymous','2025-10-28T11:54:29.089Z','anonymous',30,10327,'2f713742-4f89-4bf6-8c3b-8fa62738027d','4db2864c-364c-4b93-8b40-f79888c0b8be',20.69999999999999929,35,0.2000000000000000111);
INSERT INTO bd_bModel_transactional_OrderDetails VALUES('ffe3af07-807c-413b-b8ef-11c4387bd05d','2025-10-28T11:54:29.089Z','anonymous','2025-10-28T11:54:29.089Z','anonymous',58,10327,'2f713742-4f89-4bf6-8c3b-8fa62738027d','39cc6c71-643a-4497-8c09-fbacf987b131',10.599999999999999644,30,0.2000000000000000111);
INSERT INTO bd_bModel_transactional_OrderDetails VALUES('fee6c730-c7be-46ef-9cd8-511c6c4863d9','2025-10-28T11:54:29.089Z','anonymous','2025-10-28T11:54:29.089Z','anonymous',59,10328,'c4f25272-b5b1-4989-9e7e-35188fe01306','e52802de-d683-4bbe-aaf9-e919bffc1f57',44,9,0);
INSERT INTO bd_bModel_transactional_OrderDetails VALUES('3285f6b0-bfb0-4b79-819f-2d6fa921747d','2025-10-28T11:54:29.089Z','anonymous','2025-10-28T11:54:29.089Z','anonymous',65,10328,'c4f25272-b5b1-4989-9e7e-35188fe01306','9e6a4ff2-ae7f-4fbe-bbb0-1d4ba0921230',16.80000000000000071,40,0);
INSERT INTO bd_bModel_transactional_OrderDetails VALUES('952c830d-985b-4987-b628-b8b48dee6db4','2025-10-28T11:54:29.089Z','anonymous','2025-10-28T11:54:29.089Z','anonymous',68,10328,'c4f25272-b5b1-4989-9e7e-35188fe01306','c6c8f25f-012f-4e27-8b5c-92d1e6a08f18',10,10,0);
INSERT INTO bd_bModel_transactional_OrderDetails VALUES('9cb47b85-5777-4d0c-bc95-021d80b6c8c7','2025-10-28T11:54:29.089Z','anonymous','2025-10-28T11:54:29.089Z','anonymous',19,10329,'83088e1e-90f7-4153-9762-0da573db31d2','38167d1b-53c8-4a4f-a7aa-56974b7fb238',7.2999999999999998223,10,0.050000000000000002775);
INSERT INTO bd_bModel_transactional_OrderDetails VALUES('16546dba-88be-423b-a919-7cf5afcdf3c9','2025-10-28T11:54:29.089Z','anonymous','2025-10-28T11:54:29.089Z','anonymous',30,10329,'83088e1e-90f7-4153-9762-0da573db31d2','4db2864c-364c-4b93-8b40-f79888c0b8be',20.69999999999999929,8,0.050000000000000002775);
INSERT INTO bd_bModel_transactional_OrderDetails VALUES('8b520d96-f219-4334-a8c6-345a5aaee0cf','2025-10-28T11:54:29.089Z','anonymous','2025-10-28T11:54:29.089Z','anonymous',38,10329,'83088e1e-90f7-4153-9762-0da573db31d2','7922d03a-e47a-4447-8e69-52ae4048096c',210.80000000000001137,20,0.050000000000000002775);
INSERT INTO bd_bModel_transactional_OrderDetails VALUES('67a0da7c-9abe-4f20-a90c-d981d4776ce9','2025-10-28T11:54:29.089Z','anonymous','2025-10-28T11:54:29.089Z','anonymous',56,10329,'83088e1e-90f7-4153-9762-0da573db31d2','3178b2e2-ef85-43ff-b633-b13c51e21f6e',30.399999999999998579,12,0.050000000000000002775);
INSERT INTO bd_bModel_transactional_OrderDetails VALUES('a78a8998-0cd9-4386-9a6d-157110b9979f','2025-10-28T11:54:29.089Z','anonymous','2025-10-28T11:54:29.089Z','anonymous',26,10330,'417133c1-8ab8-49d5-a728-5009869b8f14','5e60ddf4-b75f-44f5-9f01-08447e967930',24.899999999999998579,50,0.14999999999999999444);
INSERT INTO bd_bModel_transactional_OrderDetails VALUES('fe992836-a621-4818-91dc-83d1553af4c3','2025-10-28T11:54:29.089Z','anonymous','2025-10-28T11:54:29.089Z','anonymous',72,10330,'417133c1-8ab8-49d5-a728-5009869b8f14','cff69d31-bf54-4acc-ac89-66fa54e3dc96',27.80000000000000071,25,0.14999999999999999444);
INSERT INTO bd_bModel_transactional_OrderDetails VALUES('bac62b40-8767-422c-998d-4f3c22aa5018','2025-10-28T11:54:29.089Z','anonymous','2025-10-28T11:54:29.089Z','anonymous',54,10331,'653cfb15-a2bf-4245-b5a4-b731814dd108','563da40c-89ed-4b32-9f84-42ca4cd9795b',5.9000000000000003552,15,0);
INSERT INTO bd_bModel_transactional_OrderDetails VALUES('0dbc7663-d450-4cbc-bc68-e881d6a198ba','2025-10-28T11:54:29.089Z','anonymous','2025-10-28T11:54:29.089Z','anonymous',18,10332,'975d04e8-9786-4030-8cbf-29538e86b78a','db942f84-facb-4e37-90db-01ef82b42b58',50,40,0.2000000000000000111);
INSERT INTO bd_bModel_transactional_OrderDetails VALUES('e9b6aa43-7b3a-4243-90a8-82b4bea4ecf6','2025-10-28T11:54:29.089Z','anonymous','2025-10-28T11:54:29.089Z','anonymous',42,10332,'975d04e8-9786-4030-8cbf-29538e86b78a','34e5f361-c815-4963-a6a7-fff7fe05c89c',11.199999999999999289,10,0.2000000000000000111);
INSERT INTO bd_bModel_transactional_OrderDetails VALUES('2dd26e48-dfc5-4590-a1c2-3aa10582e84a','2025-10-28T11:54:29.089Z','anonymous','2025-10-28T11:54:29.089Z','anonymous',47,10332,'975d04e8-9786-4030-8cbf-29538e86b78a','345f1c16-04d8-4d16-a04e-8691685dfea8',7.5999999999999996447,16,0.2000000000000000111);
INSERT INTO bd_bModel_transactional_OrderDetails VALUES('5eb0f401-b139-4a1c-ace5-c8d07a5e53fb','2025-10-28T11:54:29.089Z','anonymous','2025-10-28T11:54:29.089Z','anonymous',14,10333,'3a587efc-3214-440f-aeb8-fc9f1044f59c','aeb124c7-33b6-43d2-82b8-37a159d119a5',18.600000000000001421,10,0);
INSERT INTO bd_bModel_transactional_OrderDetails VALUES('2238b97b-7403-4075-aef6-790f06e689f5','2025-10-28T11:54:29.089Z','anonymous','2025-10-28T11:54:29.089Z','anonymous',21,10333,'3a587efc-3214-440f-aeb8-fc9f1044f59c','e4be96da-d22f-4f97-b9ae-261079922e53',8,10,0.10000000000000000555);
INSERT INTO bd_bModel_transactional_OrderDetails VALUES('a093075a-dace-4835-a6c7-3587e1fd1bdd','2025-10-28T11:54:29.089Z','anonymous','2025-10-28T11:54:29.089Z','anonymous',71,10333,'3a587efc-3214-440f-aeb8-fc9f1044f59c','6b0b026e-d214-4162-b3b0-376fef5f9179',17.199999999999999289,40,0.10000000000000000555);
INSERT INTO bd_bModel_transactional_OrderDetails VALUES('73d87053-5741-4055-86a2-9595ec9333fa','2025-10-28T11:54:29.089Z','anonymous','2025-10-28T11:54:29.089Z','anonymous',52,10334,'57df2048-0a15-4e61-b143-98ffc56e7804','a746ae75-e112-446d-adfb-14f03888ea0c',5.5999999999999996447,8,0);
INSERT INTO bd_bModel_transactional_OrderDetails VALUES('de87f168-88c2-45e7-bcdc-a5ec78264384','2025-10-28T11:54:29.089Z','anonymous','2025-10-28T11:54:29.089Z','anonymous',68,10334,'57df2048-0a15-4e61-b143-98ffc56e7804','c6c8f25f-012f-4e27-8b5c-92d1e6a08f18',10,10,0);
INSERT INTO bd_bModel_transactional_OrderDetails VALUES('43653672-f975-4f6b-ad8d-ac9dd482679d','2025-10-28T11:54:29.089Z','anonymous','2025-10-28T11:54:29.089Z','anonymous',2,10335,'223aa29b-e54c-4e14-ab66-758162cf4224','035bf2d-d722-4141-8418-3f51bf3c26a0',15.199999999999999289,7,0.2000000000000000111);
INSERT INTO bd_bModel_transactional_OrderDetails VALUES('c1bb5e9c-6866-4b2a-88a9-b04966fc0bfc','2025-10-28T11:54:29.089Z','anonymous','2025-10-28T11:54:29.089Z','anonymous',31,10335,'223aa29b-e54c-4e14-ab66-758162cf4224','7b7b9f47-c481-4faa-9aba-d82246db9df9',10,25,0.2000000000000000111);
INSERT INTO bd_bModel_transactional_OrderDetails VALUES('a33da366-8f18-4cac-a12a-a520e043e467','2025-10-28T11:54:29.089Z','anonymous','2025-10-28T11:54:29.089Z','anonymous',32,10335,'223aa29b-e54c-4e14-ab66-758162cf4224','6129d6da-4651-49e1-adc3-4e4fe20c7c46',25.600000000000001421,6,0.2000000000000000111);
INSERT INTO bd_bModel_transactional_OrderDetails VALUES('864439b2-9ad3-4a54-9a20-93b24140849b','2025-10-28T11:54:29.089Z','anonymous','2025-10-28T11:54:29.089Z','anonymous',51,10335,'223aa29b-e54c-4e14-ab66-758162cf4224','c9e5625b-c3ff-48d9-9cce-caaa33f7bdf7',42.399999999999998579,48,0.2000000000000000111);
INSERT INTO bd_bModel_transactional_OrderDetails VALUES('e84ae1f5-7e9b-41ce-876b-2b01f2bbba2f','2025-10-28T11:54:29.089Z','anonymous','2025-10-28T11:54:29.089Z','anonymous',4,10336,'ac328093-76c1-46a3-85c8-772e4e7d2d2f','77f893e-4e4b-4d30-b9e6-46fdf909c875',17.600000000000001421,18,0.10000000000000000555);
INSERT INTO bd_bModel_transactional_OrderDetails VALUES('819c6ff3-5edd-431a-b595-9956652bb7a4','2025-10-28T11:54:29.089Z','anonymous','2025-10-28T11:54:29.089Z','anonymous',23,10337,'dee08946-7167-4f35-a53d-6520d039112e','10186b38-f62c-4dd8-84f2-76ae6b3644bb',7.2000000000000001776,40,0);
INSERT INTO bd_bModel_transactional_OrderDetails VALUES('c4dcbfae-a379-4035-b014-86eaae290a0a','2025-10-28T11:54:29.089Z','anonymous','2025-10-28T11:54:29.089Z','anonymous',26,10337,'dee08946-7167-4f35-a53d-6520d039112e','5e60ddf4-b75f-44f5-9f01-08447e967930',24.899999999999998579,24,0);
INSERT INTO bd_bModel_transactional_OrderDetails VALUES('485f7130-c2e0-4b30-8380-d27b5a2c3466','2025-10-28T11:54:29.089Z','anonymous','2025-10-28T11:54:29.089Z','anonymous',36,10337,'dee08946-7167-4f35-a53d-6520d039112e','95849f20-38a6-4ba9-be6e-fe3fc089c1a0',15.199999999999999289,20,0);
INSERT INTO bd_bModel_transactional_OrderDetails VALUES('e434d12e-4a9c-4727-b2ba-4814b5559df7','2025-10-28T11:54:29.089Z','anonymous','2025-10-28T11:54:29.089Z','anonymous',37,10337,'dee08946-7167-4f35-a53d-6520d039112e','402cedcc-b56f-4944-a72c-14937b105d70',20.80000000000000071,28,0);
INSERT INTO bd_bModel_transactional_OrderDetails VALUES('f437bddf-2a1b-46a8-a69e-1e01d3177411','2025-10-28T11:54:29.089Z','anonymous','2025-10-28T11:54:29.089Z','anonymous',72,10337,'dee08946-7167-4f35-a53d-6520d039112e','cff69d31-bf54-4acc-ac89-66fa54e3dc96',27.80000000000000071,25,0);
INSERT INTO bd_bModel_transactional_OrderDetails VALUES('21fb1850-e44e-479c-b680-d72bcc37e7bb','2025-10-28T11:54:29.089Z','anonymous','2025-10-28T11:54:29.089Z','anonymous',17,10338,'bb61354f-0739-4b03-be9d-f8e9d7e5fa8d','5f93efa9-286d-4b5c-95cf-5a0025e04ad4',31.199999999999999289,20,0);
INSERT INTO bd_bModel_transactional_OrderDetails VALUES('8f9fc7ed-9e15-404f-8a37-024abe1f6139','2025-10-28T11:54:29.089Z','anonymous','2025-10-28T11:54:29.089Z','anonymous',30,10338,'bb61354f-0739-4b03-be9d-f8e9d7e5fa8d','4db2864c-364c-4b93-8b40-f79888c0b8be',20.69999999999999929,15,0);
INSERT INTO bd_bModel_transactional_OrderDetails VALUES('b2542c7d-206e-4232-b6cf-41ac57d76f3b','2025-10-28T11:54:29.089Z','anonymous','2025-10-28T11:54:29.089Z','anonymous',4,10339,'ac55a9ee-c818-4aa0-9420-200a47056f57','77f893e-4e4b-4d30-b9e6-46fdf909c875',17.600000000000001421,10,0);
INSERT INTO bd_bModel_transactional_OrderDetails VALUES('fc5c80ed-61c8-4cbf-9303-a4bac3801c47','2025-10-28T11:54:29.089Z','anonymous','2025-10-28T11:54:29.089Z','anonymous',17,10339,'ac55a9ee-c818-4aa0-9420-200a47056f57','5f93efa9-286d-4b5c-95cf-5a0025e04ad4',31.199999999999999289,70,0.050000000000000002775);
INSERT INTO bd_bModel_transactional_OrderDetails VALUES('5c50e497-c3ec-4fad-9b69-d1331d3c3fd9','2025-10-28T11:54:29.089Z','anonymous','2025-10-28T11:54:29.089Z','anonymous',62,10339,'ac55a9ee-c818-4aa0-9420-200a47056f57','25cae081-3317-4dfe-9bf7-30814bb7d2f0',39.399999999999998578,28,0);
INSERT INTO bd_bModel_transactional_OrderDetails VALUES('0f04d25a-bf07-4529-9091-f3f83c15ddeb','2025-10-28T11:54:29.089Z','anonymous','2025-10-28T11:54:29.089Z','anonymous',18,10340,'fa5fc753-dfeb-4615-9685-53e51afba273','db942f84-facb-4e37-90db-01ef82b42b58',50,20,0.050000000000000002775);
INSERT INTO bd_bModel_transactional_OrderDetails VALUES('31392b3d-14de-4814-9622-efc105d6f51e','2025-10-28T11:54:29.089Z','anonymous','2025-10-28T11:54:29.089Z','anonymous',41,10340,'fa5fc753-dfeb-4615-9685-53e51afba273','c9b5f962-eeed-40da-bbea-cc9e34960b3b',7.7000000000000001776,12,0.050000000000000002775);
INSERT INTO bd_bModel_transactional_OrderDetails VALUES('21cf889e-995f-4907-9343-26925e2066eb','2025-10-28T11:54:29.089Z','anonymous','2025-10-28T11:54:29.089Z','anonymous',43,10340,'fa5fc753-dfeb-4615-9685-53e51afba273','114995a4-b437-479c-b68d-bd561c459916',36.799999999999997157,40,0.050000000000000002775);
INSERT INTO bd_bModel_transactional_OrderDetails VALUES('8f9b596c-c368-48ef-958b-a2588264013b','2025-10-28T11:54:29.089Z','anonymous','2025-10-28T11:54:29.089Z','anonymous',33,10341,'5c858ab1-f797-4835-87bd-3777440ad56e','ceecbc92-43e2-47a0-b254-07e8cf6a34ce',2,8,0);
INSERT INTO bd_bModel_transactional_OrderDetails VALUES('32b6af95-4c33-4524-a21a-b15df7d3cfca','2025-10-28T11:54:29.089Z','anonymous','2025-10-28T11:54:29.089Z','anonymous',59,10341,'5c858ab1-f797-4835-87bd-3777440ad56e','e52802de-d683-4bbe-aaf9-e919bffc1f57',44,9,0.14999999999999999444);
INSERT INTO bd_bModel_transactional_OrderDetails VALUES('c47194ae-a999-4b49-b720-731515c1058e','2025-10-28T11:54:29.089Z','anonymous','2025-10-28T11:54:29.089Z','anonymous',2,10342,'49d8f3f0-7ef3-496d-90dd-be1ab73a0a0a','035bf2d-d722-4141-8418-3f51bf3c26a0',15.199999999999999289,24,0.2000000000000000111);
INSERT INTO bd_bModel_transactional_OrderDetails VALUES('e71dc76b-d0f3-4c08-a476-de9294685da1','2025-10-28T11:54:29.089Z','anonymous','2025-10-28T11:54:29.089Z','anonymous',31,10342,'49d8f3f0-7ef3-496d-90dd-be1ab73a0a0a','7b7b9f47-c481-4faa-9aba-d82246db9df9',10,56,0.2000000000000000111);
INSERT INTO bd_bModel_transactional_OrderDetails VALUES('80c8c221-32a8-4c1a-9d1b-11e255035719','2025-10-28T11:54:29.089Z','anonymous','2025-10-28T11:54:29.089Z','anonymous',36,10342,'49d8f3f0-7ef3-496d-90dd-be1ab73a0a0a','95849f20-38a6-4ba9-be6e-fe3fc089c1a0',15.199999999999999289,40,0.2000000000000000111);
INSERT INTO bd_bModel_transactional_OrderDetails VALUES('fec06a2a-e0d8-4c83-a4ac-1b826bedfbc6','2025-10-28T11:54:29.089Z','anonymous','2025-10-28T11:54:29.089Z','anonymous',55,10342,'49d8f3f0-7ef3-496d-90dd-be1ab73a0a0a','3b1ae227-9a06-4679-a53b-98d25d4010c4',19.199999999999999289,40,0.2000000000000000111);
INSERT INTO bd_bModel_transactional_OrderDetails VALUES('ce36f384-10d6-4af1-aec6-e58ffd9548d9','2025-10-28T11:54:29.089Z','anonymous','2025-10-28T11:54:29.089Z','anonymous',64,10343,'f49639e7-ede7-4c27-a092-3c39484fa17e','26353ff5-5fb2-4d91-b6ce-1a8405941b39',26.600000000000001421,50,0);
INSERT INTO bd_bModel_transactional_OrderDetails VALUES('66aeceac-1eb2-40e6-ab2a-d62c8095d792','2025-10-28T11:54:29.089Z','anonymous','2025-10-28T11:54:29.089Z','anonymous',68,10343,'f49639e7-ede7-4c27-a092-3c39484fa17e','c6c8f25f-012f-4e27-8b5c-92d1e6a08f18',10,4,0.050000000000000002775);
INSERT INTO bd_bModel_transactional_OrderDetails VALUES('c432215a-5399-4ab7-809f-8316ecc66d6f','2025-10-28T11:54:29.089Z','anonymous','2025-10-28T11:54:29.089Z','anonymous',76,10343,'f49639e7-ede7-4c27-a092-3c39484fa17e','81110c8f-d936-4c69-a5d4-19daf9b55a2f',14.400000000000000355,15,0);
INSERT INTO bd_bModel_transactional_OrderDetails VALUES('0207020b-a34f-49fa-b243-ac8d865fcecd','2025-10-28T11:54:29.089Z','anonymous','2025-10-28T11:54:29.089Z','anonymous',4,10344,'e19d5852-ac95-41a8-9961-f430568d0e41','77f893e-4e4b-4d30-b9e6-46fdf909c875',17.600000000000001421,35,0);
INSERT INTO bd_bModel_transactional_OrderDetails VALUES('9ec16887-dac9-4339-adff-b4084103f73c','2025-10-28T11:54:29.089Z','anonymous','2025-10-28T11:54:29.089Z','anonymous',8,10344,'e19d5852-ac95-41a8-9961-f430568d0e41','3ca1d46-51dd-40a1-adea-0a554c73589d',32,70,0.25);
INSERT INTO bd_bModel_transactional_OrderDetails VALUES('339b109a-7d6b-4e96-aea6-a4e3e32374ef','2025-10-28T11:54:29.089Z','anonymous','2025-10-28T11:54:29.089Z','anonymous',8,10345,'a36c79ee-4cfe-475e-bc19-07545a83498f','3ca1d46-51dd-40a1-adea-0a554c73589d',32,70,0);
INSERT INTO bd_bModel_transactional_OrderDetails VALUES('e5b373ce-5592-4eff-8b9b-0eef06d29459','2025-10-28T11:54:29.089Z','anonymous','2025-10-28T11:54:29.089Z','anonymous',19,10345,'a36c79ee-4cfe-475e-bc19-07545a83498f','38167d1b-53c8-4a4f-a7aa-56974b7fb238',7.2999999999999998223,80,0);
INSERT INTO bd_bModel_transactional_OrderDetails VALUES('ee2a75df-9c6d-41b3-b818-63e0c7eddc67','2025-10-28T11:54:29.089Z','anonymous','2025-10-28T11:54:29.089Z','anonymous',42,10345,'a36c79ee-4cfe-475e-bc19-07545a83498f','34e5f361-c815-4963-a6a7-fff7fe05c89c',11.199999999999999289,9,0);
INSERT INTO bd_bModel_transactional_OrderDetails VALUES('c5a08d9d-5760-41a2-ada1-dc0641f0926b','2025-10-28T11:54:29.089Z','anonymous','2025-10-28T11:54:29.089Z','anonymous',17,10346,'246626c9-1462-4c9e-be3e-b9bebdb23ee8','5f93efa9-286d-4b5c-95cf-5a0025e04ad4',31.199999999999999289,36,0.10000000000000000555);
INSERT INTO bd_bModel_transactional_OrderDetails VALUES('489ee817-56fa-4292-8c4c-72dbc783fce0','2025-10-28T11:54:29.089Z','anonymous','2025-10-28T11:54:29.089Z','anonymous',56,10346,'246626c9-1462-4c9e-be3e-b9bebdb23ee8','3178b2e2-ef85-43ff-b633-b13c51e21f6e',30.399999999999998579,20,0);
INSERT INTO bd_bModel_transactional_OrderDetails VALUES('3b4914e0-1271-401f-8f30-7c560b54072b','2025-10-28T11:54:29.089Z','anonymous','2025-10-28T11:54:29.089Z','anonymous',25,10347,'8a54cedd-c3fc-4859-8429-e2557ccc427c','2d67473c-999d-41b4-8f60-d51aa714310e',11.199999999999999289,10,0);
INSERT INTO bd_bModel_transactional_OrderDetails VALUES('0d84eab2-8538-421c-99b1-4a77ebed1e09','2025-10-28T11:54:29.089Z','anonymous','2025-10-28T11:54:29.089Z','anonymous',39,10347,'8a54cedd-c3fc-4859-8429-e2557ccc427c','43941126-b9b1-43b9-899d-e5ac8dfea469',14.400000000000000355,50,0.14999999999999999444);
INSERT INTO bd_bModel_transactional_OrderDetails VALUES('935bbb54-e26e-44de-b1f0-8389e878973b','2025-10-28T11:54:29.089Z','anonymous','2025-10-28T11:54:29.089Z','anonymous',40,10347,'8a54cedd-c3fc-4859-8429-e2557ccc427c','9af2661d-5349-466f-94a7-cbab4974ab98',14.699999999999999289,4,0);
INSERT INTO bd_bModel_transactional_OrderDetails VALUES('9fe212b3-1c0f-47d1-bf75-26d23d3fa96d','2025-10-28T11:54:29.089Z','anonymous','2025-10-28T11:54:29.089Z','anonymous',75,10347,'8a54cedd-c3fc-4859-8429-e2557ccc427c','2cf7b716-4467-4ac2-a558-7ed28d8a5835',6.2000000000000001776,6,0.14999999999999999444);
INSERT INTO bd_bModel_transactional_OrderDetails VALUES('bad221c6-0711-44a0-8b98-7991632b4603','2025-10-28T11:54:29.089Z','anonymous','2025-10-28T11:54:29.089Z','anonymous',1,10348,'79d26686-ae1a-4574-bb49-dae0d8d15aff','de6743b-6020-4311-a567-e8593d1c9194',14.400000000000000355,15,0.14999999999999999444);
INSERT INTO bd_bModel_transactional_OrderDetails VALUES('bdeac568-c127-4620-8287-ef038cae960c','2025-10-28T11:54:29.089Z','anonymous','2025-10-28T11:54:29.089Z','anonymous',23,10348,'79d26686-ae1a-4574-bb49-dae0d8d15aff','10186b38-f62c-4dd8-84f2-76ae6b3644bb',7.2000000000000001776,25,0);
INSERT INTO bd_bModel_transactional_OrderDetails VALUES('3d645e9e-e6d2-4863-8e6d-553877df011a','2025-10-28T11:54:29.089Z','anonymous','2025-10-28T11:54:29.089Z','anonymous',54,10349,'716c4687-bfff-47a6-96a8-271d3dfca653','563da40c-89ed-4b32-9f84-42ca4cd9795b',5.9000000000000003552,24,0);
INSERT INTO bd_bModel_transactional_OrderDetails VALUES('e96c49ad-7680-452f-b5e3-703a6230ea53','2025-10-28T11:54:29.089Z','anonymous','2025-10-28T11:54:29.089Z','anonymous',50,10350,'0f0a2c20-a313-4aea-88b1-710e978b7919','29ddd986-0a63-4752-9880-15fcaa81e92d',13,15,0.10000000000000000555);
INSERT INTO bd_bModel_transactional_OrderDetails VALUES('dd5b576a-14f5-4450-9b28-8be4ace5e3e9','2025-10-28T11:54:29.089Z','anonymous','2025-10-28T11:54:29.089Z','anonymous',69,10350,'0f0a2c20-a313-4aea-88b1-710e978b7919','311215cd-3b3e-48e0-948c-131e8dddae08',28.80000000000000071,18,0.10000000000000000555);
INSERT INTO bd_bModel_transactional_OrderDetails VALUES('be34702b-db15-41b9-84c5-34149177c0aa','2025-10-28T11:54:29.089Z','anonymous','2025-10-28T11:54:29.089Z','anonymous',38,10351,'a7232bd1-802d-4405-afd1-0b12eea1525b','7922d03a-e47a-4447-8e69-52ae4048096c',210.80000000000001137,20,0.050000000000000002775);
INSERT INTO bd_bModel_transactional_OrderDetails VALUES('c45ba823-ee4d-463e-b0ce-5277b226443a','2025-10-28T11:54:29.089Z','anonymous','2025-10-28T11:54:29.089Z','anonymous',41,10351,'a7232bd1-802d-4405-afd1-0b12eea1525b','c9b5f962-eeed-40da-bbea-cc9e34960b3b',7.7000000000000001776,13,0);
INSERT INTO bd_bModel_transactional_OrderDetails VALUES('fd4e4c8e-ea7d-44f0-a6c0-20d1b36053e5','2025-10-28T11:54:29.089Z','anonymous','2025-10-28T11:54:29.089Z','anonymous',44,10351,'a7232bd1-802d-4405-afd1-0b12eea1525b','76df74fb-0dd3-4137-98c7-d108bb7768f2',15.499999999999999999,77,0.050000000000000002775);
INSERT INTO bd_bModel_transactional_OrderDetails VALUES('5b8c3d82-43a5-4430-af9a-50bea7e9bfbe','2025-10-28T11:54:29.089Z','anonymous','2025-10-28T11:54:29.089Z','anonymous',65,10351,'a7232bd1-802d-4405-afd1-0b12eea1525b','9e6a4ff2-ae7f-4fbe-bbb0-1d4ba0921230',16.80000000000000071,10,0.050000000000000002775);
INSERT INTO bd_bModel_transactional_OrderDetails VALUES('50c8b145-87db-48db-9c94-27e97627781d','2025-10-28T11:54:29.089Z','anonymous','2025-10-28T11:54:29.089Z','anonymous',24,10352,'1d0c95b0-8c94-48f4-8cc8-db4d55f5a679','eb201e52-7e31-4014-bc7c-94e65b4aaab9',3.6000000000000000888,10,0);
INSERT INTO bd_bModel_transactional_OrderDetails VALUES('cd04833a-5814-42c4-9975-690dafee9def','2025-10-28T11:54:29.089Z','anonymous','2025-10-28T11:54:29.089Z','anonymous',54,10352,'1d0c95b0-8c94-48f4-8cc8-db4d55f5a679','563da40c-89ed-4b32-9f84-42ca4cd9795b',5.9000000000000003552,20,0.14999999999999999444);
INSERT INTO bd_bModel_transactional_OrderDetails VALUES('96c928b0-c4d7-4f68-89ca-3fb051572901','2025-10-28T11:54:29.089Z','anonymous','2025-10-28T11:54:29.089Z','anonymous',11,10353,'143b5780-5e57-44cb-b522-6c0b2b6f521a','daab8b86-f920-4398-a6ad-31c8405acde5',16.80000000000000071,12,0.2000000000000000111);
INSERT INTO bd_bModel_transactional_OrderDetails VALUES('58a759be-5878-402a-a3ab-8ce62211ba07','2025-10-28T11:54:29.089Z','anonymous','2025-10-28T11:54:29.089Z','anonymous',38,10353,'143b5780-5e57-44cb-b522-6c0b2b6f521a','7922d03a-e47a-4447-8e69-52ae4048096c',210.80000000000001137,50,0.2000000000000000111);
INSERT INTO bd_bModel_transactional_OrderDetails VALUES('eddf8022-3487-4c2f-ae35-3ba1d46ff10c','2025-10-28T11:54:29.089Z','anonymous','2025-10-28T11:54:29.089Z','anonymous',1,10354,'0890c7fe-3ff1-40a7-a983-d00d1cbb76ce','de6743b-6020-4311-a567-e8593d1c9194',14.400000000000000355,12,0);
INSERT INTO bd_bModel_transactional_OrderDetails VALUES('2efaf851-2434-4d0d-ba89-182b1f361e09','2025-10-28T11:54:29.089Z','anonymous','2025-10-28T11:54:29.089Z','anonymous',29,10354,'0890c7fe-3ff1-40a7-a983-d00d1cbb76ce','62df289c-31be-47ca-a287-4bb69fd4f7ce',99,4,0);
INSERT INTO bd_bModel_transactional_OrderDetails VALUES('0584cf67-a4d2-4abf-b625-ee841d5be3e6','2025-10-28T11:54:29.089Z','anonymous','2025-10-28T11:54:29.089Z','anonymous',24,10355,'76cff8de-773b-4fa2-bc9f-401d26820b37','eb201e52-7e31-4014-bc7c-94e65b4aaab9',3.6000000000000000888,25,0);
INSERT INTO bd_bModel_transactional_OrderDetails VALUES('96c12f0c-54b0-41c9-b530-85501178dbf1','2025-10-28T11:54:29.089Z','anonymous','2025-10-28T11:54:29.089Z','anonymous',57,10355,'76cff8de-773b-4fa2-bc9f-401d26820b37','30d75ce4-c7cf-49a1-a883-715efaff8b6c',15.599999999999999644,25,0);
INSERT INTO bd_bModel_transactional_OrderDetails VALUES('7f129160-bfee-451d-8a7c-427e8e692e25','2025-10-28T11:54:29.089Z','anonymous','2025-10-28T11:54:29.089Z','anonymous',31,10356,'17292841-f4e7-4225-a915-c11da1442b20','7b7b9f47-c481-4faa-9aba-d82246db9df9',10,30,0);
INSERT INTO bd_bModel_transactional_OrderDetails VALUES('aee28989-1c2c-478b-b57b-993cd037b3fd','2025-10-28T11:54:29.089Z','anonymous','2025-10-28T11:54:29.089Z','anonymous',55,10356,'17292841-f4e7-4225-a915-c11da1442b20','3b1ae227-9a06-4679-a53b-98d25d4010c4',19.199999999999999289,12,0);
INSERT INTO bd_bModel_transactional_OrderDetails VALUES('382768c3-b1e1-4f35-adc3-cee5b66300e5','2025-10-28T11:54:29.089Z','anonymous','2025-10-28T11:54:29.089Z','anonymous',69,10356,'17292841-f4e7-4225-a915-c11da1442b20','311215cd-3b3e-48e0-948c-131e8dddae08',28.80000000000000071,20,0);
INSERT INTO bd_bModel_transactional_OrderDetails VALUES('bc4e152b-4bf4-491c-a511-f25951b01d4c','2025-10-28T11:54:29.089Z','anonymous','2025-10-28T11:54:29.089Z','anonymous',10,10357,'f92845a9-0d3c-445f-b0fe-b9b92d6c6f48','6b4ba78c-9fc2-4d0c-b782-000f23f19b45',24.800000000000000711,30,0.2000000000000000111);
INSERT INTO bd_bModel_transactional_OrderDetails VALUES('a0950056-0331-4415-af7b-dc6910f37fc2','2025-10-28T11:54:29.089Z','anonymous','2025-10-28T11:54:29.089Z','anonymous',26,10357,'f92845a9-0d3c-445f-b0fe-b9b92d6c6f48','5e60ddf4-b75f-44f5-9f01-08447e967930',24.899999999999998579,16,0);
INSERT INTO bd_bModel_transactional_OrderDetails VALUES('ed9943af-1cbd-4456-9da8-b5cd50ac25ac','2025-10-28T11:54:29.089Z','anonymous','2025-10-28T11:54:29.089Z','anonymous',60,10357,'f92845a9-0d3c-445f-b0fe-b9b92d6c6f48','4a76698c-ec29-4ba4-bff8-14bcd1744d06',27.199999999999999289,8,0.2000000000000000111);
INSERT INTO bd_bModel_transactional_OrderDetails VALUES('7a576424-8203-48a1-a111-4373ddcaab36','2025-10-28T11:54:29.089Z','anonymous','2025-10-28T11:54:29.089Z','anonymous',24,10358,'bb605833-2dae-42f6-906f-c40d16f5b2ff','eb201e52-7e31-4014-bc7c-94e65b4aaab9',3.6000000000000000888,10,0.050000000000000002775);
INSERT INTO bd_bModel_transactional_OrderDetails VALUES('7e522f67-9591-4e1e-9572-be42f3a09766','2025-10-28T11:54:29.089Z','anonymous','2025-10-28T11:54:29.089Z','anonymous',34,10358,'bb605833-2dae-42f6-906f-c40d16f5b2ff','ec385635-5e7b-4344-af8e-55dd020c3f35',11.199999999999999289,10,0.050000000000000002775);
INSERT INTO bd_bModel_transactional_OrderDetails VALUES('68d4f274-a9c0-40a6-85f6-74c310de4758','2025-10-28T11:54:29.089Z','anonymous','2025-10-28T11:54:29.089Z','anonymous',36,10358,'bb605833-2dae-42f6-906f-c40d16f5b2ff','95849f20-38a6-4ba9-be6e-fe3fc089c1a0',15.199999999999999289,20,0.050000000000000002775);
INSERT INTO bd_bModel_transactional_OrderDetails VALUES('15075973-d224-4359-bc21-5f5d0b6bcb41','2025-10-28T11:54:29.089Z','anonymous','2025-10-28T11:54:29.089Z','anonymous',16,10359,'ac2a92e3-e889-4f58-a341-6f9eb47e8eb2','6a1c725b-dee6-4eb9-8a75-495f304b77b7',13.900000000000000355,56,0.050000000000000002775);
INSERT INTO bd_bModel_transactional_OrderDetails VALUES('e6a452c7-7709-4961-a61f-16e49f275bda','2025-10-28T11:54:29.089Z','anonymous','2025-10-28T11:54:29.089Z','anonymous',31,10359,'ac2a92e3-e889-4f58-a341-6f9eb47e8eb2','7b7b9f47-c481-4faa-9aba-d82246db9df9',10,70,0.050000000000000002775);
INSERT INTO bd_bModel_transactional_OrderDetails VALUES('486cf8e5-8e2b-4810-826b-729e621dbef6','2025-10-28T11:54:29.089Z','anonymous','2025-10-28T11:54:29.089Z','anonymous',60,10359,'ac2a92e3-e889-4f58-a341-6f9eb47e8eb2','4a76698c-ec29-4ba4-bff8-14bcd1744d06',27.199999999999999289,80,0.050000000000000002775);
INSERT INTO bd_bModel_transactional_OrderDetails VALUES('9e70273f-05bb-4836-a814-1098fe836820','2025-10-28T11:54:29.089Z','anonymous','2025-10-28T11:54:29.089Z','anonymous',28,10360,'1fbd2726-00a6-4ff6-8618-86c180360b04','d33484ce-4d80-4b36-b2ff-e5d4984fb426',36.399999999999998578,30,0);
INSERT INTO bd_bModel_transactional_OrderDetails VALUES('ebe8d9e2-936e-474b-8d08-8dad7bbe9f26','2025-10-28T11:54:29.089Z','anonymous','2025-10-28T11:54:29.089Z','anonymous',29,10360,'1fbd2726-00a6-4ff6-8618-86c180360b04','62df289c-31be-47ca-a287-4bb69fd4f7ce',99,35,0);
INSERT INTO bd_bModel_transactional_OrderDetails VALUES('915e24e9-2bd8-49d5-849e-20de8fdf8b72','2025-10-28T11:54:29.089Z','anonymous','2025-10-28T11:54:29.089Z','anonymous',38,10360,'1fbd2726-00a6-4ff6-8618-86c180360b04','7922d03a-e47a-4447-8e69-52ae4048096c',210.80000000000001137,10,0);
INSERT INTO bd_bModel_transactional_OrderDetails VALUES('99fc4633-7226-46d9-9b73-b556450ce879','2025-10-28T11:54:29.089Z','anonymous','2025-10-28T11:54:29.089Z','anonymous',49,10360,'1fbd2726-00a6-4ff6-8618-86c180360b04','ef65072f-79be-47cb-b4b3-2c20dfd6f139',16,35,0);
INSERT INTO bd_bModel_transactional_OrderDetails VALUES('9c8df440-b55b-45e4-a71f-9f3bc37e48bc','2025-10-28T11:54:29.089Z','anonymous','2025-10-28T11:54:29.089Z','anonymous',54,10360,'1fbd2726-00a6-4ff6-8618-86c180360b04','563da40c-89ed-4b32-9f84-42ca4cd9795b',5.9000000000000003552,28,0);
INSERT INTO bd_bModel_transactional_OrderDetails VALUES('dab565a0-252a-4102-a997-b1fb27523dc9','2025-10-28T11:54:29.089Z','anonymous','2025-10-28T11:54:29.089Z','anonymous',39,10361,'74113b17-139d-43c1-9c81-2d1be9629b90','43941126-b9b1-43b9-899d-e5ac8dfea469',14.400000000000000355,54,0.10000000000000000555);
INSERT INTO bd_bModel_transactional_OrderDetails VALUES('dc5bb9e6-fac1-418e-82db-a5c06900a938','2025-10-28T11:54:29.089Z','anonymous','2025-10-28T11:54:29.089Z','anonymous',60,10361,'74113b17-139d-43c1-9c81-2d1be9629b90','4a76698c-ec29-4ba4-bff8-14bcd1744d06',27.199999999999999289,55,0.10000000000000000555);
INSERT INTO bd_bModel_transactional_OrderDetails VALUES('30dd80f6-dc14-4951-8bdb-6f96544b8e1d','2025-10-28T11:54:29.089Z','anonymous','2025-10-28T11:54:29.089Z','anonymous',25,10362,'1939381e-7f59-4b89-9fd8-b48454d0c736','2d67473c-999d-41b4-8f60-d51aa714310e',11.199999999999999289,50,0);
INSERT INTO bd_bModel_transactional_OrderDetails VALUES('f0e2f820-5ade-4b19-b389-5d2641e5b583','2025-10-28T11:54:29.089Z','anonymous','2025-10-28T11:54:29.089Z','anonymous',51,10362,'1939381e-7f59-4b89-9fd8-b48454d0c736','c9e5625b-c3ff-48d9-9cce-caaa33f7bdf7',42.399999999999998579,20,0);
INSERT INTO bd_bModel_transactional_OrderDetails VALUES('e276fbed-8428-4be0-94f7-a4e4e824f527','2025-10-28T11:54:29.089Z','anonymous','2025-10-28T11:54:29.089Z','anonymous',54,10362,'1939381e-7f59-4b89-9fd8-b48454d0c736','563da40c-89ed-4b32-9f84-42ca4cd9795b',5.9000000000000003552,24,0);
INSERT INTO bd_bModel_transactional_OrderDetails VALUES('7fc07bc1-b21b-4643-96e3-6f918f5b68b4','2025-10-28T11:54:29.089Z','anonymous','2025-10-28T11:54:29.089Z','anonymous',31,10363,'ac76f966-099c-4622-838d-717559b811bf','7b7b9f47-c481-4faa-9aba-d82246db9df9',10,20,0);
INSERT INTO bd_bModel_transactional_OrderDetails VALUES('349f8368-37c0-4c27-843f-9c1e954d22ee','2025-10-28T11:54:29.089Z','anonymous','2025-10-28T11:54:29.089Z','anonymous',75,10363,'ac76f966-099c-4622-838d-717559b811bf','2cf7b716-4467-4ac2-a558-7ed28d8a5835',6.2000000000000001776,12,0);
INSERT INTO bd_bModel_transactional_OrderDetails VALUES('5298989f-97af-45c9-844a-e71554e738d5','2025-10-28T11:54:29.089Z','anonymous','2025-10-28T11:54:29.089Z','anonymous',76,10363,'ac76f966-099c-4622-838d-717559b811bf','81110c8f-d936-4c69-a5d4-19daf9b55a2f',14.400000000000000355,12,0);
INSERT INTO bd_bModel_transactional_OrderDetails VALUES('458bb368-2443-49e4-9f45-4639c7d61fcd','2025-10-28T11:54:29.089Z','anonymous','2025-10-28T11:54:29.089Z','anonymous',69,10364,'6e6a223a-1024-44fc-94d1-503c40afb3c6','311215cd-3b3e-48e0-948c-131e8dddae08',28.80000000000000071,30,0);
INSERT INTO bd_bModel_transactional_OrderDetails VALUES('0ed1049b-19c1-442c-865a-f8937ff7bdad','2025-10-28T11:54:29.089Z','anonymous','2025-10-28T11:54:29.089Z','anonymous',71,10364,'6e6a223a-1024-44fc-94d1-503c40afb3c6','6b0b026e-d214-4162-b3b0-376fef5f9179',17.199999999999999289,5,0);
INSERT INTO bd_bModel_transactional_OrderDetails VALUES('04518984-36d9-4cd7-8405-f3c7cb5ba178','2025-10-28T11:54:29.089Z','anonymous','2025-10-28T11:54:29.089Z','anonymous',11,10365,'3915b337-8587-47d4-b2ee-e8646edf7ef7','daab8b86-f920-4398-a6ad-31c8405acde5',16.80000000000000071,24,0);
INSERT INTO bd_bModel_transactional_OrderDetails VALUES('b2e2a9cf-2b6c-4607-b1ea-050fbe4832f9','2025-10-28T11:54:29.089Z','anonymous','2025-10-28T11:54:29.089Z','anonymous',65,10366,'ccc5ca13-b6a4-4f33-aac4-b27273e81480','9e6a4ff2-ae7f-4fbe-bbb0-1d4ba0921230',16.80000000000000071,5,0);
INSERT INTO bd_bModel_transactional_OrderDetails VALUES('56d2bbf4-5fbb-4a27-8a3c-5e1e540b0552','2025-10-28T11:54:29.089Z','anonymous','2025-10-28T11:54:29.089Z','anonymous',77,10366,'ccc5ca13-b6a4-4f33-aac4-b27273e81480','81077190-5f4f-4015-bc1b-649d785148ce',10.400000000000000355,5,0);
INSERT INTO bd_bModel_transactional_OrderDetails VALUES('56a559f5-3db9-47e0-a7ee-03fd148e2a9a','2025-10-28T11:54:29.089Z','anonymous','2025-10-28T11:54:29.089Z','anonymous',34,10367,'95e0d14f-fccb-4ae5-8cb1-35093608cd77','ec385635-5e7b-4344-af8e-55dd020c3f35',11.199999999999999289,36,0);
INSERT INTO bd_bModel_transactional_OrderDetails VALUES('c508c5cc-0e6e-4aa9-a3ef-332d3f2d064f','2025-10-28T11:54:29.089Z','anonymous','2025-10-28T11:54:29.089Z','anonymous',54,10367,'95e0d14f-fccb-4ae5-8cb1-35093608cd77','563da40c-89ed-4b32-9f84-42ca4cd9795b',5.9000000000000003552,18,0);
INSERT INTO bd_bModel_transactional_OrderDetails VALUES('2cbff7c1-97f9-45ed-a242-d048ccda79f4','2025-10-28T11:54:29.089Z','anonymous','2025-10-28T11:54:29.089Z','anonymous',65,10367,'95e0d14f-fccb-4ae5-8cb1-35093608cd77','9e6a4ff2-ae7f-4fbe-bbb0-1d4ba0921230',16.80000000000000071,15,0);
INSERT INTO bd_bModel_transactional_OrderDetails VALUES('91829c7c-7e1e-4a45-b415-14248b2e0e97','2025-10-28T11:54:29.089Z','anonymous','2025-10-28T11:54:29.089Z','anonymous',77,10367,'95e0d14f-fccb-4ae5-8cb1-35093608cd77','81077190-5f4f-4015-bc1b-649d785148ce',10.400000000000000355,7,0);
INSERT INTO bd_bModel_transactional_OrderDetails VALUES('ea2816b1-b1cc-4e3f-918a-c89fa8923328','2025-10-28T11:54:29.089Z','anonymous','2025-10-28T11:54:29.089Z','anonymous',21,10368,'238e5eaf-fce6-44dd-a610-46e9bf2b8ff4','e4be96da-d22f-4f97-b9ae-261079922e53',8,5,0.10000000000000000555);
INSERT INTO bd_bModel_transactional_OrderDetails VALUES('50149631-ee02-4d58-9fb9-655978334358','2025-10-28T11:54:29.089Z','anonymous','2025-10-28T11:54:29.089Z','anonymous',28,10368,'238e5eaf-fce6-44dd-a610-46e9bf2b8ff4','d33484ce-4d80-4b36-b2ff-e5d4984fb426',36.399999999999998578,13,0.10000000000000000555);
INSERT INTO bd_bModel_transactional_OrderDetails VALUES('6e3f2e4b-794a-477b-aced-8dedb08e02bc','2025-10-28T11:54:29.089Z','anonymous','2025-10-28T11:54:29.089Z','anonymous',57,10368,'238e5eaf-fce6-44dd-a610-46e9bf2b8ff4','30d75ce4-c7cf-49a1-a883-715efaff8b6c',15.599999999999999644,25,0);
INSERT INTO bd_bModel_transactional_OrderDetails VALUES('659a9ae2-b220-4b1c-8351-560989f5f77e','2025-10-28T11:54:29.089Z','anonymous','2025-10-28T11:54:29.089Z','anonymous',64,10368,'238e5eaf-fce6-44dd-a610-46e9bf2b8ff4','26353ff5-5fb2-4d91-b6ce-1a8405941b39',26.600000000000001421,35,0.10000000000000000555);
INSERT INTO bd_bModel_transactional_OrderDetails VALUES('9e1bf278-a75a-490e-9dcf-1cb4763e41af','2025-10-28T11:54:29.089Z','anonymous','2025-10-28T11:54:29.089Z','anonymous',29,10369,'4dbebd51-5846-4385-b5d5-3de86dee7ff8','62df289c-31be-47ca-a287-4bb69fd4f7ce',99,20,0);
INSERT INTO bd_bModel_transactional_OrderDetails VALUES('fbcc40ea-f999-4343-a09d-9256c8fe8e4a','2025-10-28T11:54:29.089Z','anonymous','2025-10-28T11:54:29.089Z','anonymous',56,10369,'4dbebd51-5846-4385-b5d5-3de86dee7ff8','3178b2e2-ef85-43ff-b633-b13c51e21f6e',30.399999999999998579,18,0.25);
INSERT INTO bd_bModel_transactional_OrderDetails VALUES('38c0b9ec-af0f-4a1c-8a3c-dea9d64d4816','2025-10-28T11:54:29.089Z','anonymous','2025-10-28T11:54:29.089Z','anonymous',1,10370,'79e9242e-36b1-4348-8633-b4c023759186','de6743b-6020-4311-a567-e8593d1c9194',14.400000000000000355,15,0.14999999999999999444);
INSERT INTO bd_bModel_transactional_OrderDetails VALUES('32a5f5fa-6362-440c-ab1a-08d281d554a3','2025-10-28T11:54:29.089Z','anonymous','2025-10-28T11:54:29.089Z','anonymous',64,10370,'79e9242e-36b1-4348-8633-b4c023759186','26353ff5-5fb2-4d91-b6ce-1a8405941b39',26.600000000000001421,30,0);
INSERT INTO bd_bModel_transactional_OrderDetails VALUES('89b64983-03e9-4896-882b-789f6ca9866e','2025-10-28T11:54:29.089Z','anonymous','2025-10-28T11:54:29.089Z','anonymous',74,10370,'79e9242e-36b1-4348-8633-b4c023759186','739a5f10-a63a-4c3a-995b-d69e65905d0d',8,20,0.14999999999999999444);
INSERT INTO bd_bModel_transactional_OrderDetails VALUES('0d718bef-74e3-49bb-8d95-8a75364de660','2025-10-28T11:54:29.089Z','anonymous','2025-10-28T11:54:29.089Z','anonymous',36,10371,'03137b32-4450-4c94-a08b-6989c56e7b5a','95849f20-38a6-4ba9-be6e-fe3fc089c1a0',15.199999999999999289,6,0.2000000000000000111);
INSERT INTO bd_bModel_transactional_OrderDetails VALUES('9c69b757-d6d1-4b6e-a811-290180a1c748','2025-10-28T11:54:29.089Z','anonymous','2025-10-28T11:54:29.089Z','anonymous',20,10372,'056c8e5a-b829-4207-a111-64d20719ec7b','7f1ee843-9277-4b9b-9170-af013620fadb',64.799999999999997159,12,0.25);
INSERT INTO bd_bModel_transactional_OrderDetails VALUES('b6befe82-6c21-4e12-9d30-e2c947108325','2025-10-28T11:54:29.089Z','anonymous','2025-10-28T11:54:29.089Z','anonymous',38,10372,'056c8e5a-b829-4207-a111-64d20719ec7b','7922d03a-e47a-4447-8e69-52ae4048096c',210.80000000000001137,40,0.25);
INSERT INTO bd_bModel_transactional_OrderDetails VALUES('51309234-8aa9-48db-a7d0-6bfc001a4535','2025-10-28T11:54:29.089Z','anonymous','2025-10-28T11:54:29.089Z','anonymous',60,10372,'056c8e5a-b829-4207-a111-64d20719ec7b','4a76698c-ec29-4ba4-bff8-14bcd1744d06',27.199999999999999289,70,0.25);
INSERT INTO bd_bModel_transactional_OrderDetails VALUES('d695d62b-4282-4f6e-95ee-b61905fe1aa8','2025-10-28T11:54:29.089Z','anonymous','2025-10-28T11:54:29.089Z','anonymous',72,10372,'056c8e5a-b829-4207-a111-64d20719ec7b','cff69d31-bf54-4acc-ac89-66fa54e3dc96',27.80000000000000071,42,0.25);
INSERT INTO bd_bModel_transactional_OrderDetails VALUES('bda408a3-fbdd-440b-b2ce-5cadcaa5c7f3','2025-10-28T11:54:29.089Z','anonymous','2025-10-28T11:54:29.089Z','anonymous',58,10373,'f26974aa-a423-491b-8c10-75366aa07437','39cc6c71-643a-4497-8c09-fbacf987b131',10.599999999999999644,80,0.2000000000000000111);
INSERT INTO bd_bModel_transactional_OrderDetails VALUES('2b268708-1fb8-4db4-a020-61ceccdcaad4','2025-10-28T11:54:29.089Z','anonymous','2025-10-28T11:54:29.089Z','anonymous',71,10373,'f26974aa-a423-491b-8c10-75366aa07437','6b0b026e-d214-4162-b3b0-376fef5f9179',17.199999999999999289,50,0.2000000000000000111);
INSERT INTO bd_bModel_transactional_OrderDetails VALUES('21e85903-387f-445b-ba4a-5343e864cecb','2025-10-28T11:54:29.089Z','anonymous','2025-10-28T11:54:29.089Z','anonymous',31,10374,'f2059ead-87b7-4db0-8e7b-11b20b2f799f','7b7b9f47-c481-4faa-9aba-d82246db9df9',10,30,0);
INSERT INTO bd_bModel_transactional_OrderDetails VALUES('d18d6559-00d3-47eb-82f8-bc1cbdd089d2','2025-10-28T11:54:29.089Z','anonymous','2025-10-28T11:54:29.089Z','anonymous',58,10374,'f2059ead-87b7-4db0-8e7b-11b20b2f799f','39cc6c71-643a-4497-8c09-fbacf987b131',10.599999999999999644,15,0);
INSERT INTO bd_bModel_transactional_OrderDetails VALUES('bb6a1a00-3150-4bca-a23e-1a0ae5be5aad','2025-10-28T11:54:29.089Z','anonymous','2025-10-28T11:54:29.089Z','anonymous',14,10375,'b6366797-9e72-46e5-a021-e56e4810d39a','aeb124c7-33b6-43d2-82b8-37a159d119a5',18.600000000000001421,15,0);
INSERT INTO bd_bModel_transactional_OrderDetails VALUES('02508ce6-7a3a-44b1-9f7d-ec120350978d','2025-10-28T11:54:29.089Z','anonymous','2025-10-28T11:54:29.089Z','anonymous',54,10375,'b6366797-9e72-46e5-a021-e56e4810d39a','563da40c-89ed-4b32-9f84-42ca4cd9795b',5.9000000000000003552,10,0);
INSERT INTO bd_bModel_transactional_OrderDetails VALUES('f8e694b4-4c78-475a-ad4a-d05297c0d9f4','2025-10-28T11:54:29.089Z','anonymous','2025-10-28T11:54:29.089Z','anonymous',31,10376,'fbf6dc63-7043-46ee-bd05-1b71085dd739','7b7b9f47-c481-4faa-9aba-d82246db9df9',10,42,0.050000000000000002775);
INSERT INTO bd_bModel_transactional_OrderDetails VALUES('799ee731-503b-4c35-88cb-bd4dbcb45638','2025-10-28T11:54:29.089Z','anonymous','2025-10-28T11:54:29.089Z','anonymous',28,10377,'4b8d13b4-c836-4349-ac27-6289f1b5f216','d33484ce-4d80-4b36-b2ff-e5d4984fb426',36.399999999999998578,20,0.14999999999999999444);
INSERT INTO bd_bModel_transactional_OrderDetails VALUES('d7f7de8d-b818-43ff-8ed8-173659834376','2025-10-28T11:54:29.089Z','anonymous','2025-10-28T11:54:29.089Z','anonymous',39,10377,'4b8d13b4-c836-4349-ac27-6289f1b5f216','43941126-b9b1-43b9-899d-e5ac8dfea469',14.400000000000000355,20,0.14999999999999999444);
INSERT INTO bd_bModel_transactional_OrderDetails VALUES('cc2c9799-2993-4dd3-a373-8f8ed8476195','2025-10-28T11:54:29.089Z','anonymous','2025-10-28T11:54:29.089Z','anonymous',71,10378,'cfb9060e-c419-423a-98b1-5e9959d5357d','6b0b026e-d214-4162-b3b0-376fef5f9179',17.199999999999999289,6,0);
INSERT INTO bd_bModel_transactional_OrderDetails VALUES('e6d9863e-02df-4bd0-af8d-cfda1db518c4','2025-10-28T11:54:29.089Z','anonymous','2025-10-28T11:54:29.089Z','anonymous',41,10379,'e9216cc5-d845-447b-91a1-c04d02023581','c9b5f962-eeed-40da-bbea-cc9e34960b3b',7.7000000000000001776,8,0.10000000000000000555);
INSERT INTO bd_bModel_transactional_OrderDetails VALUES('b55c1f9d-0d21-4f17-99cd-56c8fa3955a2','2025-10-28T11:54:29.089Z','anonymous','2025-10-28T11:54:29.089Z','anonymous',63,10379,'e9216cc5-d845-447b-91a1-c04d02023581','297c1cdf-be90-486c-ac46-981435c8fb72',35.10000000000000142,16,0.10000000000000000555);
INSERT INTO bd_bModel_transactional_OrderDetails VALUES('782bb7d6-98ab-4107-8013-4975d135e18a','2025-10-28T11:54:29.089Z','anonymous','2025-10-28T11:54:29.089Z','anonymous',65,10379,'e9216cc5-d845-447b-91a1-c04d02023581','9e6a4ff2-ae7f-4fbe-bbb0-1d4ba0921230',16.80000000000000071,20,0.10000000000000000555);
INSERT INTO bd_bModel_transactional_OrderDetails VALUES('bc8cc41a-4382-4b99-9e7f-810c130962c4','2025-10-28T11:54:29.089Z','anonymous','2025-10-28T11:54:29.089Z','anonymous',30,10380,'278feaf3-a65c-4ce7-9eae-6759386bace3','4db2864c-364c-4b93-8b40-f79888c0b8be',20.69999999999999929,18,0.10000000000000000555);
INSERT INTO bd_bModel_transactional_OrderDetails VALUES('06d9ace0-4164-4e77-9421-92bec8466ac3','2025-10-28T11:54:29.089Z','anonymous','2025-10-28T11:54:29.089Z','anonymous',53,10380,'278feaf3-a65c-4ce7-9eae-6759386bace3','de052bb9-9840-4139-8ec2-5d3009e7c1a7',26.199999999999999289,20,0.10000000000000000555);
INSERT INTO bd_bModel_transactional_OrderDetails VALUES('995cf32d-4e25-4b91-945b-f0e14cba2a02','2025-10-28T11:54:29.089Z','anonymous','2025-10-28T11:54:29.089Z','anonymous',60,10380,'278feaf3-a65c-4ce7-9eae-6759386bace3','4a76698c-ec29-4ba4-bff8-14bcd1744d06',27.199999999999999289,6,0.10000000000000000555);
INSERT INTO bd_bModel_transactional_OrderDetails VALUES('efa2ab17-b025-40ac-bf6f-8e9f0c89e5e1','2025-10-28T11:54:29.089Z','anonymous','2025-10-28T11:54:29.089Z','anonymous',70,10380,'278feaf3-a65c-4ce7-9eae-6759386bace3','7c199617-5917-4619-8803-b70028ab85da',12,30,0);
INSERT INTO bd_bModel_transactional_OrderDetails VALUES('9a1cf184-1ae9-47c0-bc76-af289cf9b6ac','2025-10-28T11:54:29.089Z','anonymous','2025-10-28T11:54:29.089Z','anonymous',74,10381,'cfb71c01-58fc-419a-8e87-75b8fef7dd00','739a5f10-a63a-4c3a-995b-d69e65905d0d',8,14,0);
INSERT INTO bd_bModel_transactional_OrderDetails VALUES('660658dc-ec54-41f3-ba8a-8d1d56427b9e','2025-10-28T11:54:29.089Z','anonymous','2025-10-28T11:54:29.089Z','anonymous',5,10382,'6f19cc77-a7fd-409d-b90a-053615f758fb','5f538c0-9c54-449a-bb52-df63806a235b',17,32,0);
INSERT INTO bd_bModel_transactional_OrderDetails VALUES('cd403550-038d-4946-b5cb-467eefda4ee0','2025-10-28T11:54:29.089Z','anonymous','2025-10-28T11:54:29.089Z','anonymous',18,10382,'6f19cc77-a7fd-409d-b90a-053615f758fb','db942f84-facb-4e37-90db-01ef82b42b58',50,9,0);
INSERT INTO bd_bModel_transactional_OrderDetails VALUES('b94d2668-9e90-4b3a-80f3-b0e124a85e62','2025-10-28T11:54:29.089Z','anonymous','2025-10-28T11:54:29.089Z','anonymous',29,10382,'6f19cc77-a7fd-409d-b90a-053615f758fb','62df289c-31be-47ca-a287-4bb69fd4f7ce',99,14,0);
INSERT INTO bd_bModel_transactional_OrderDetails VALUES('47101a23-2c4f-4e8b-add0-e30b0b29b703','2025-10-28T11:54:29.089Z','anonymous','2025-10-28T11:54:29.089Z','anonymous',33,10382,'6f19cc77-a7fd-409d-b90a-053615f758fb','ceecbc92-43e2-47a0-b254-07e8cf6a34ce',2,60,0);
INSERT INTO bd_bModel_transactional_OrderDetails VALUES('929df860-97de-4fce-b97f-2f2ff4564633','2025-10-28T11:54:29.089Z','anonymous','2025-10-28T11:54:29.089Z','anonymous',74,10382,'6f19cc77-a7fd-409d-b90a-053615f758fb','739a5f10-a63a-4c3a-995b-d69e65905d0d',8,50,0);
INSERT INTO bd_bModel_transactional_OrderDetails VALUES('f2761b95-5033-4b09-bd81-b10acf2ff4c4','2025-10-28T11:54:29.089Z','anonymous','2025-10-28T11:54:29.089Z','anonymous',13,10383,'17940625-be7b-434a-8757-e6332575326a','2892fb11-61f6-49d2-853f-2be3d75bca38',4.7999999999999998223,20,0);
INSERT INTO bd_bModel_transactional_OrderDetails VALUES('9c8b4635-b499-4fff-a99d-2c11def7f8b6','2025-10-28T11:54:29.089Z','anonymous','2025-10-28T11:54:29.089Z','anonymous',50,10383,'17940625-be7b-434a-8757-e6332575326a','29ddd986-0a63-4752-9880-15fcaa81e92d',13,15,0);
INSERT INTO bd_bModel_transactional_OrderDetails VALUES('7af6bde9-db98-4b15-8674-c902b2c62e22','2025-10-28T11:54:29.089Z','anonymous','2025-10-28T11:54:29.089Z','anonymous',56,10383,'17940625-be7b-434a-8757-e6332575326a','3178b2e2-ef85-43ff-b633-b13c51e21f6e',30.399999999999998579,20,0);
INSERT INTO bd_bModel_transactional_OrderDetails VALUES('a2cfcd83-6d85-4ac3-ac7e-e3c52bce4dae','2025-10-28T11:54:29.089Z','anonymous','2025-10-28T11:54:29.089Z','anonymous',20,10384,'d4265c7e-64f6-49ed-82e1-86cf762c3aef','7f1ee843-9277-4b9b-9170-af013620fadb',64.799999999999997159,28,0);
INSERT INTO bd_bModel_transactional_OrderDetails VALUES('b62ad8cb-8b60-4236-b2fe-128f13597653','2025-10-28T11:54:29.089Z','anonymous','2025-10-28T11:54:29.089Z','anonymous',60,10384,'d4265c7e-64f6-49ed-82e1-86cf762c3aef','4a76698c-ec29-4ba4-bff8-14bcd1744d06',27.199999999999999289,15,0);
INSERT INTO bd_bModel_transactional_OrderDetails VALUES('8d73a195-1bdb-4e4e-bb14-7a3409fc6857','2025-10-28T11:54:29.089Z','anonymous','2025-10-28T11:54:29.089Z','anonymous',7,10385,'e528182a-64a4-4140-a5b9-564aa49b51d6','ceacd29-44b7-4a1e-b42c-d79f62e98434',24,10,0.2000000000000000111);
INSERT INTO bd_bModel_transactional_OrderDetails VALUES('fdef4dd5-a02c-48d7-b206-3c9331a517b6','2025-10-28T11:54:29.089Z','anonymous','2025-10-28T11:54:29.089Z','anonymous',60,10385,'e528182a-64a4-4140-a5b9-564aa49b51d6','4a76698c-ec29-4ba4-bff8-14bcd1744d06',27.199999999999999289,20,0.2000000000000000111);
INSERT INTO bd_bModel_transactional_OrderDetails VALUES('c290e915-a7c6-47d5-8233-8633371a0a8a','2025-10-28T11:54:29.089Z','anonymous','2025-10-28T11:54:29.089Z','anonymous',68,10385,'e528182a-64a4-4140-a5b9-564aa49b51d6','c6c8f25f-012f-4e27-8b5c-92d1e6a08f18',10,8,0.2000000000000000111);
INSERT INTO bd_bModel_transactional_OrderDetails VALUES('9916dee4-df7a-4711-bdd6-833640f186dd','2025-10-28T11:54:29.089Z','anonymous','2025-10-28T11:54:29.089Z','anonymous',24,10386,'f166736c-615c-4a7a-94d2-247437853dd9','eb201e52-7e31-4014-bc7c-94e65b4aaab9',3.6000000000000000888,15,0);
INSERT INTO bd_bModel_transactional_OrderDetails VALUES('7733ca93-7558-4f47-ab98-1ef9aa005a2f','2025-10-28T11:54:29.089Z','anonymous','2025-10-28T11:54:29.089Z','anonymous',34,10386,'f166736c-615c-4a7a-94d2-247437853dd9','ec385635-5e7b-4344-af8e-55dd020c3f35',11.199999999999999289,10,0);
INSERT INTO bd_bModel_transactional_OrderDetails VALUES('b49f154f-3d15-4129-bfea-631f292f2e16','2025-10-28T11:54:29.089Z','anonymous','2025-10-28T11:54:29.089Z','anonymous',24,10387,'a0894f09-90b3-4705-b391-23df943ddddf','eb201e52-7e31-4014-bc7c-94e65b4aaab9',3.6000000000000000888,15,0);
INSERT INTO bd_bModel_transactional_OrderDetails VALUES('c68f41fd-bf0a-48ae-979f-950fc5819bda','2025-10-28T11:54:29.089Z','anonymous','2025-10-28T11:54:29.089Z','anonymous',28,10387,'a0894f09-90b3-4705-b391-23df943ddddf','d33484ce-4d80-4b36-b2ff-e5d4984fb426',36.399999999999998578,6,0);
INSERT INTO bd_bModel_transactional_OrderDetails VALUES('0eb6d28b-9b8a-4c7b-8f65-7b09e61e94ce','2025-10-28T11:54:29.089Z','anonymous','2025-10-28T11:54:29.089Z','anonymous',59,10387,'a0894f09-90b3-4705-b391-23df943ddddf','e52802de-d683-4bbe-aaf9-e919bffc1f57',44,12,0);
INSERT INTO bd_bModel_transactional_OrderDetails VALUES('f440e84b-0f59-48ef-b236-ed8ad68d6bd3','2025-10-28T11:54:29.089Z','anonymous','2025-10-28T11:54:29.089Z','anonymous',71,10387,'a0894f09-90b3-4705-b391-23df943ddddf','6b0b026e-d214-4162-b3b0-376fef5f9179',17.199999999999999289,15,0);
INSERT INTO bd_bModel_transactional_OrderDetails VALUES('2eb86977-86bd-43a9-975f-050465f7c226','2025-10-28T11:54:29.089Z','anonymous','2025-10-28T11:54:29.089Z','anonymous',45,10388,'f4e98e7f-e04d-421a-ae57-474d299dc4d8','61892a7b-caa4-4e0d-b2b3-648a3d941f0a',7.5999999999999996447,15,0.2000000000000000111);
INSERT INTO bd_bModel_transactional_OrderDetails VALUES('4e373b76-4530-4f45-85c1-0cdd0cdaca76','2025-10-28T11:54:29.089Z','anonymous','2025-10-28T11:54:29.089Z','anonymous',52,10388,'f4e98e7f-e04d-421a-ae57-474d299dc4d8','a746ae75-e112-446d-adfb-14f03888ea0c',5.5999999999999996447,20,0.2000000000000000111);
INSERT INTO bd_bModel_transactional_OrderDetails VALUES('d162b58e-de78-4970-9746-4dc8d9de60fe','2025-10-28T11:54:29.089Z','anonymous','2025-10-28T11:54:29.089Z','anonymous',53,10388,'f4e98e7f-e04d-421a-ae57-474d299dc4d8','de052bb9-9840-4139-8ec2-5d3009e7c1a7',26.199999999999999289,40,0);
INSERT INTO bd_bModel_transactional_OrderDetails VALUES('21ef7de9-61da-4c15-bf2e-243dcdb2ca5c','2025-10-28T11:54:29.089Z','anonymous','2025-10-28T11:54:29.089Z','anonymous',10,10389,'63ee12f4-3674-4529-bec2-bbcc43dd2cd6','6b4ba78c-9fc2-4d0c-b782-000f23f19b45',24.800000000000000711,16,0);
INSERT INTO bd_bModel_transactional_OrderDetails VALUES('39981fa5-1d29-4e6b-a1ee-d9f6a4f1e385','2025-10-28T11:54:29.089Z','anonymous','2025-10-28T11:54:29.089Z','anonymous',55,10389,'63ee12f4-3674-4529-bec2-bbcc43dd2cd6','3b1ae227-9a06-4679-a53b-98d25d4010c4',19.199999999999999289,15,0);
INSERT INTO bd_bModel_transactional_OrderDetails VALUES('fb2eae09-d7f7-4b2e-8cf5-e1275799949c','2025-10-28T11:54:29.089Z','anonymous','2025-10-28T11:54:29.089Z','anonymous',62,10389,'63ee12f4-3674-4529-bec2-bbcc43dd2cd6','25cae081-3317-4dfe-9bf7-30814bb7d2f0',39.399999999999998578,20,0);
INSERT INTO bd_bModel_transactional_OrderDetails VALUES('5053338d-aff3-4682-b65f-2fde4b1d0e28','2025-10-28T11:54:29.089Z','anonymous','2025-10-28T11:54:29.089Z','anonymous',70,10389,'63ee12f4-3674-4529-bec2-bbcc43dd2cd6','7c199617-5917-4619-8803-b70028ab85da',12,30,0);
INSERT INTO bd_bModel_transactional_OrderDetails VALUES('85aa2ffc-06e7-4f9e-a8b6-475be7e91b01','2025-10-28T11:54:29.089Z','anonymous','2025-10-28T11:54:29.089Z','anonymous',31,10390,'8bc785b9-94c9-4553-92b8-7b6ff1572c80','7b7b9f47-c481-4faa-9aba-d82246db9df9',10,60,0.10000000000000000555);
INSERT INTO bd_bModel_transactional_OrderDetails VALUES('a55ad1b8-d503-426f-87e6-095521eb9426','2025-10-28T11:54:29.089Z','anonymous','2025-10-28T11:54:29.089Z','anonymous',35,10390,'8bc785b9-94c9-4553-92b8-7b6ff1572c80','2f16c2bf-e0ac-4176-b2d5-a54ddc883216',14.400000000000000355,40,0.10000000000000000555);
INSERT INTO bd_bModel_transactional_OrderDetails VALUES('8852758f-9da0-4d40-9edb-b1452d51f415','2025-10-28T11:54:29.089Z','anonymous','2025-10-28T11:54:29.089Z','anonymous',46,10390,'8bc785b9-94c9-4553-92b8-7b6ff1572c80','8fe8ff6c-eab5-4567-bcc4-24f9fa24cb88',9.5999999999999996447,45,0);
INSERT INTO bd_bModel_transactional_OrderDetails VALUES('791d6a32-16ff-4783-ae2e-1db408420351','2025-10-28T11:54:29.089Z','anonymous','2025-10-28T11:54:29.089Z','anonymous',72,10390,'8bc785b9-94c9-4553-92b8-7b6ff1572c80','cff69d31-bf54-4acc-ac89-66fa54e3dc96',27.80000000000000071,24,0.10000000000000000555);
INSERT INTO bd_bModel_transactional_OrderDetails VALUES('fce2abd8-751d-4ef5-a207-dfbb9d45cd0e','2025-10-28T11:54:29.089Z','anonymous','2025-10-28T11:54:29.089Z','anonymous',13,10391,'8191a292-05a5-4077-9084-5dcd1ee74779','2892fb11-61f6-49d2-853f-2be3d75bca38',4.7999999999999998223,18,0);
INSERT INTO bd_bModel_transactional_OrderDetails VALUES('6520e498-c9e8-4f6d-bdef-04e92630c747','2025-10-28T11:54:29.089Z','anonymous','2025-10-28T11:54:29.089Z','anonymous',69,10392,'e93e09be-b6de-4906-ad56-de703e6e6479','311215cd-3b3e-48e0-948c-131e8dddae08',28.80000000000000071,50,0);
INSERT INTO bd_bModel_transactional_OrderDetails VALUES('85733fb8-2dc2-4dce-868d-615145c60b7e','2025-10-28T11:54:29.089Z','anonymous','2025-10-28T11:54:29.089Z','anonymous',2,10393,'907d4c86-d2e6-4d93-bea8-c7f7894d3f7d','035bf2d-d722-4141-8418-3f51bf3c26a0',15.199999999999999289,25,0.25);
INSERT INTO bd_bModel_transactional_OrderDetails VALUES('87de07c8-9038-4857-976b-dca6fae179a4','2025-10-28T11:54:29.089Z','anonymous','2025-10-28T11:54:29.089Z','anonymous',14,10393,'907d4c86-d2e6-4d93-bea8-c7f7894d3f7d','aeb124c7-33b6-43d2-82b8-37a159d119a5',18.600000000000001421,42,0.25);
INSERT INTO bd_bModel_transactional_OrderDetails VALUES('5e562921-78ab-4e08-af5c-f98cc299efa1','2025-10-28T11:54:29.089Z','anonymous','2025-10-28T11:54:29.089Z','anonymous',25,10393,'907d4c86-d2e6-4d93-bea8-c7f7894d3f7d','2d67473c-999d-41b4-8f60-d51aa714310e',11.199999999999999289,7,0.25);
INSERT INTO bd_bModel_transactional_OrderDetails VALUES('318069a6-ecd1-434d-a7ee-b22f02a7cb79','2025-10-28T11:54:29.089Z','anonymous','2025-10-28T11:54:29.089Z','anonymous',26,10393,'907d4c86-d2e6-4d93-bea8-c7f7894d3f7d','5e60ddf4-b75f-44f5-9f01-08447e967930',24.899999999999998579,70,0.25);
INSERT INTO bd_bModel_transactional_OrderDetails VALUES('8f81c584-c92f-4306-b202-33b008e3ef76','2025-10-28T11:54:29.089Z','anonymous','2025-10-28T11:54:29.089Z','anonymous',31,10393,'907d4c86-d2e6-4d93-bea8-c7f7894d3f7d','7b7b9f47-c481-4faa-9aba-d82246db9df9',10,32,0);
INSERT INTO bd_bModel_transactional_OrderDetails VALUES('8a12951e-5027-4a7b-b803-1d546315cdb5','2025-10-28T11:54:29.089Z','anonymous','2025-10-28T11:54:29.089Z','anonymous',13,10394,'677350fa-81e3-4465-828a-0f5b10b04292','2892fb11-61f6-49d2-853f-2be3d75bca38',4.7999999999999998223,10,0);
INSERT INTO bd_bModel_transactional_OrderDetails VALUES('6d974827-042f-48dc-ac6a-1d63e9af397b','2025-10-28T11:54:29.089Z','anonymous','2025-10-28T11:54:29.089Z','anonymous',62,10394,'677350fa-81e3-4465-828a-0f5b10b04292','25cae081-3317-4dfe-9bf7-30814bb7d2f0',39.399999999999998578,10,0);
INSERT INTO bd_bModel_transactional_OrderDetails VALUES('066b653b-cebd-433a-8378-5b31c97ca4c5','2025-10-28T11:54:29.089Z','anonymous','2025-10-28T11:54:29.089Z','anonymous',46,10395,'ddf4c6f9-eaff-4a44-8f66-e33539d2ce9f','8fe8ff6c-eab5-4567-bcc4-24f9fa24cb88',9.5999999999999996447,28,0.10000000000000000555);
INSERT INTO bd_bModel_transactional_OrderDetails VALUES('3caa3d3e-94a4-4076-b888-72ab83be28bb','2025-10-28T11:54:29.089Z','anonymous','2025-10-28T11:54:29.089Z','anonymous',53,10395,'ddf4c6f9-eaff-4a44-8f66-e33539d2ce9f','de052bb9-9840-4139-8ec2-5d3009e7c1a7',26.199999999999999289,70,0.10000000000000000555);
INSERT INTO bd_bModel_transactional_OrderDetails VALUES('0273832b-0d80-4921-a3d2-10723e9e2b88','2025-10-28T11:54:29.089Z','anonymous','2025-10-28T11:54:29.089Z','anonymous',69,10395,'ddf4c6f9-eaff-4a44-8f66-e33539d2ce9f','311215cd-3b3e-48e0-948c-131e8dddae08',28.80000000000000071,8,0);
INSERT INTO bd_bModel_transactional_OrderDetails VALUES('8ebc8c6f-cdf6-4aba-a3f1-b8e7c54120b9','2025-10-28T11:54:29.089Z','anonymous','2025-10-28T11:54:29.089Z','anonymous',23,10396,'aae39e5e-60f5-4255-9eca-baca461fbc1f','10186b38-f62c-4dd8-84f2-76ae6b3644bb',7.2000000000000001776,40,0);
INSERT INTO bd_bModel_transactional_OrderDetails VALUES('82fc82a0-583c-42cb-9971-e8020ee81877','2025-10-28T11:54:29.089Z','anonymous','2025-10-28T11:54:29.089Z','anonymous',71,10396,'aae39e5e-60f5-4255-9eca-baca461fbc1f','6b0b026e-d214-4162-b3b0-376fef5f9179',17.199999999999999289,60,0);
INSERT INTO bd_bModel_transactional_OrderDetails VALUES('26d48021-e165-4007-9a45-b9d08b550eb6','2025-10-28T11:54:29.089Z','anonymous','2025-10-28T11:54:29.089Z','anonymous',72,10396,'aae39e5e-60f5-4255-9eca-baca461fbc1f','cff69d31-bf54-4acc-ac89-66fa54e3dc96',27.80000000000000071,21,0);
INSERT INTO bd_bModel_transactional_OrderDetails VALUES('9aeedc09-278d-4213-a323-ddc832e157b4','2025-10-28T11:54:29.089Z','anonymous','2025-10-28T11:54:29.089Z','anonymous',21,10397,'a4bf9924-40f6-4b8a-8ebb-cfd7aaa0dfd2','e4be96da-d22f-4f97-b9ae-261079922e53',8,10,0.14999999999999999444);
INSERT INTO bd_bModel_transactional_OrderDetails VALUES('d7c3bcaa-e036-431c-931a-e036e8bce703','2025-10-28T11:54:29.089Z','anonymous','2025-10-28T11:54:29.089Z','anonymous',51,10397,'a4bf9924-40f6-4b8a-8ebb-cfd7aaa0dfd2','c9e5625b-c3ff-48d9-9cce-caaa33f7bdf7',42.399999999999998579,18,0.14999999999999999444);
INSERT INTO bd_bModel_transactional_OrderDetails VALUES('10f2c809-9e84-41e4-b489-d2dccea342b6','2025-10-28T11:54:29.089Z','anonymous','2025-10-28T11:54:29.089Z','anonymous',35,10398,'6fee5c7d-62a2-4c54-8a30-583238ed49de','2f16c2bf-e0ac-4176-b2d5-a54ddc883216',14.400000000000000355,30,0);
INSERT INTO bd_bModel_transactional_OrderDetails VALUES('449a0d0d-2c05-4c50-8892-c4fdff3ed201','2025-10-28T11:54:29.089Z','anonymous','2025-10-28T11:54:29.089Z','anonymous',55,10398,'6fee5c7d-62a2-4c54-8a30-583238ed49de','3b1ae227-9a06-4679-a53b-98d25d4010c4',19.199999999999999289,120,0.10000000000000000555);
INSERT INTO bd_bModel_transactional_OrderDetails VALUES('1d6b6ce8-0fd4-4ebe-8a91-3665d2040bf7','2025-10-28T11:54:29.089Z','anonymous','2025-10-28T11:54:29.089Z','anonymous',68,10399,'671763b8-c710-430d-9242-0356d4896a30','c6c8f25f-012f-4e27-8b5c-92d1e6a08f18',10,60,0);
INSERT INTO bd_bModel_transactional_OrderDetails VALUES('06ef91e1-c721-4cf1-a0c5-4700d7f505e3','2025-10-28T11:54:29.089Z','anonymous','2025-10-28T11:54:29.089Z','anonymous',71,10399,'671763b8-c710-430d-9242-0356d4896a30','6b0b026e-d214-4162-b3b0-376fef5f9179',17.199999999999999289,30,0);
INSERT INTO bd_bModel_transactional_OrderDetails VALUES('3320d042-4378-42ac-9d67-4abac4c39ba9','2025-10-28T11:54:29.089Z','anonymous','2025-10-28T11:54:29.089Z','anonymous',76,10399,'671763b8-c710-430d-9242-0356d4896a30','81110c8f-d936-4c69-a5d4-19daf9b55a2f',14.400000000000000355,35,0);
INSERT INTO bd_bModel_transactional_OrderDetails VALUES('70a70014-0699-4496-b4ec-87578210a5b3','2025-10-28T11:54:29.089Z','anonymous','2025-10-28T11:54:29.089Z','anonymous',77,10399,'671763b8-c710-430d-9242-0356d4896a30','81077190-5f4f-4015-bc1b-649d785148ce',10.400000000000000355,14,0);
INSERT INTO bd_bModel_transactional_OrderDetails VALUES('34e81ec6-7ee5-4535-96f0-d65774ea5814','2025-10-28T11:54:29.089Z','anonymous','2025-10-28T11:54:29.089Z','anonymous',29,10400,'19f26a9a-1c03-497b-abd2-ce184c4eec5b','62df289c-31be-47ca-a287-4bb69fd4f7ce',99,21,0);
INSERT INTO bd_bModel_transactional_OrderDetails VALUES('a4495259-78df-4bce-bd92-60b4cd08d997','2025-10-28T11:54:29.089Z','anonymous','2025-10-28T11:54:29.089Z','anonymous',35,10400,'19f26a9a-1c03-497b-abd2-ce184c4eec5b','2f16c2bf-e0ac-4176-b2d5-a54ddc883216',14.400000000000000355,35,0);
INSERT INTO bd_bModel_transactional_OrderDetails VALUES('21bdfa02-6c82-436c-8756-7406cc2416e4','2025-10-28T11:54:29.089Z','anonymous','2025-10-28T11:54:29.089Z','anonymous',49,10400,'19f26a9a-1c03-497b-abd2-ce184c4eec5b','ef65072f-79be-47cb-b4b3-2c20dfd6f139',16,30,0);
INSERT INTO bd_bModel_transactional_OrderDetails VALUES('1cdf00ee-ec71-4eb9-b7d1-aae8d46713bc','2025-10-28T11:54:29.089Z','anonymous','2025-10-28T11:54:29.089Z','anonymous',30,10401,'0f22d787-ec1b-4397-acef-92a87eb249a3','4db2864c-364c-4b93-8b40-f79888c0b8be',20.69999999999999929,18,0);
INSERT INTO bd_bModel_transactional_OrderDetails VALUES('6016c39b-989c-4935-9197-18961e2b107c','2025-10-28T11:54:29.089Z','anonymous','2025-10-28T11:54:29.089Z','anonymous',56,10401,'0f22d787-ec1b-4397-acef-92a87eb249a3','3178b2e2-ef85-43ff-b633-b13c51e21f6e',30.399999999999998579,70,0);
INSERT INTO bd_bModel_transactional_OrderDetails VALUES('8ffa8900-f26c-43da-b9ac-46010c1ec0d6','2025-10-28T11:54:29.089Z','anonymous','2025-10-28T11:54:29.089Z','anonymous',65,10401,'0f22d787-ec1b-4397-acef-92a87eb249a3','9e6a4ff2-ae7f-4fbe-bbb0-1d4ba0921230',16.80000000000000071,20,0);
INSERT INTO bd_bModel_transactional_OrderDetails VALUES('3ffe3d05-4a3b-409c-a86f-a70f44cfa663','2025-10-28T11:54:29.089Z','anonymous','2025-10-28T11:54:29.089Z','anonymous',71,10401,'0f22d787-ec1b-4397-acef-92a87eb249a3','6b0b026e-d214-4162-b3b0-376fef5f9179',17.199999999999999289,60,0);
INSERT INTO bd_bModel_transactional_OrderDetails VALUES('5028d983-6eb9-4efb-99f3-752f6bd75473','2025-10-28T11:54:29.089Z','anonymous','2025-10-28T11:54:29.089Z','anonymous',23,10402,'f6360f5f-4c2d-473e-a899-57c6918ff7c7','10186b38-f62c-4dd8-84f2-76ae6b3644bb',7.2000000000000001776,60,0);
INSERT INTO bd_bModel_transactional_OrderDetails VALUES('1ca22769-3592-4827-b15e-8a7a6268ca09','2025-10-28T11:54:29.089Z','anonymous','2025-10-28T11:54:29.089Z','anonymous',63,10402,'f6360f5f-4c2d-473e-a899-57c6918ff7c7','297c1cdf-be90-486c-ac46-981435c8fb72',35.10000000000000142,65,0);
INSERT INTO bd_bModel_transactional_OrderDetails VALUES('7214da2a-c46a-432d-8f7b-9b3ac81ba85b','2025-10-28T11:54:29.089Z','anonymous','2025-10-28T11:54:29.089Z','anonymous',16,10403,'43c02d6d-0348-4557-b5cf-b571c688c240','6a1c725b-dee6-4eb9-8a75-495f304b77b7',13.900000000000000355,21,0.14999999999999999444);
INSERT INTO bd_bModel_transactional_OrderDetails VALUES('02881cf9-c8d0-4ed9-a37d-4871a053cbc5','2025-10-28T11:54:29.089Z','anonymous','2025-10-28T11:54:29.089Z','anonymous',48,10403,'43c02d6d-0348-4557-b5cf-b571c688c240','8266795b-653b-4cd8-9285-4f615dc2b8f2',10.199999999999999289,70,0.14999999999999999444);
INSERT INTO bd_bModel_transactional_OrderDetails VALUES('d5fbbb6b-e1d2-4bee-8e08-c2e83add5e23','2025-10-28T11:54:29.089Z','anonymous','2025-10-28T11:54:29.089Z','anonymous',26,10404,'15199c31-f8ac-4279-8e0a-8ee11373c8fc','5e60ddf4-b75f-44f5-9f01-08447e967930',24.899999999999998579,30,0.050000000000000002775);
INSERT INTO bd_bModel_transactional_OrderDetails VALUES('2cd36e4c-253f-4400-bab1-94cf567a127d','2025-10-28T11:54:29.089Z','anonymous','2025-10-28T11:54:29.089Z','anonymous',42,10404,'15199c31-f8ac-4279-8e0a-8ee11373c8fc','34e5f361-c815-4963-a6a7-fff7fe05c89c',11.199999999999999289,40,0.050000000000000002775);
INSERT INTO bd_bModel_transactional_OrderDetails VALUES('56c37114-bc9a-4120-9de8-3b2766b0aa41','2025-10-28T11:54:29.089Z','anonymous','2025-10-28T11:54:29.089Z','anonymous',49,10404,'15199c31-f8ac-4279-8e0a-8ee11373c8fc','ef65072f-79be-47cb-b4b3-2c20dfd6f139',16,30,0.050000000000000002775);
INSERT INTO bd_bModel_transactional_OrderDetails VALUES('f0b92b20-90b1-474d-974e-23a16118256d','2025-10-28T11:54:29.089Z','anonymous','2025-10-28T11:54:29.089Z','anonymous',3,10405,'38941b96-88a4-40b0-98f7-13bdc821bfbd','d8f09fa-b580-4de0-a23f-59993c884a5d',8,50,0);
INSERT INTO bd_bModel_transactional_OrderDetails VALUES('2204ac9b-f98f-497d-9b0a-8153f6ba5435','2025-10-28T11:54:29.089Z','anonymous','2025-10-28T11:54:29.089Z','anonymous',1,10406,'86af0fa6-e68a-4933-8bb1-8369c4b06fd8','de6743b-6020-4311-a567-e8593d1c9194',14.400000000000000355,10,0);
INSERT INTO bd_bModel_transactional_OrderDetails VALUES('0d1ab828-94bb-44c2-a211-fa2b157901b4','2025-10-28T11:54:29.089Z','anonymous','2025-10-28T11:54:29.089Z','anonymous',21,10406,'86af0fa6-e68a-4933-8bb1-8369c4b06fd8','e4be96da-d22f-4f97-b9ae-261079922e53',8,30,0.10000000000000000555);
INSERT INTO bd_bModel_transactional_OrderDetails VALUES('ad45c53b-7ea9-40a7-b29c-a0bbe74fbfc3','2025-10-28T11:54:29.089Z','anonymous','2025-10-28T11:54:29.089Z','anonymous',28,10406,'86af0fa6-e68a-4933-8bb1-8369c4b06fd8','d33484ce-4d80-4b36-b2ff-e5d4984fb426',36.399999999999998578,42,0.10000000000000000555);
INSERT INTO bd_bModel_transactional_OrderDetails VALUES('8139ed45-0b22-420a-b723-dc2226fb7987','2025-10-28T11:54:29.089Z','anonymous','2025-10-28T11:54:29.089Z','anonymous',36,10406,'86af0fa6-e68a-4933-8bb1-8369c4b06fd8','95849f20-38a6-4ba9-be6e-fe3fc089c1a0',15.199999999999999289,5,0.10000000000000000555);
INSERT INTO bd_bModel_transactional_OrderDetails VALUES('fd439788-fd75-4fb1-b80a-7794e8a93c50','2025-10-28T11:54:29.089Z','anonymous','2025-10-28T11:54:29.089Z','anonymous',40,10406,'86af0fa6-e68a-4933-8bb1-8369c4b06fd8','9af2661d-5349-466f-94a7-cbab4974ab98',14.699999999999999289,2,0.10000000000000000555);
INSERT INTO bd_bModel_transactional_OrderDetails VALUES('4043a71a-6089-43d2-a5e1-a02f421b7b48','2025-10-28T11:54:29.089Z','anonymous','2025-10-28T11:54:29.089Z','anonymous',11,10407,'4c347181-d660-44ea-95ff-d4e0d926cb8d','daab8b86-f920-4398-a6ad-31c8405acde5',16.80000000000000071,30,0);
INSERT INTO bd_bModel_transactional_OrderDetails VALUES('a363f01f-fe43-4049-a32a-8a50b59b3490','2025-10-28T11:54:29.089Z','anonymous','2025-10-28T11:54:29.089Z','anonymous',69,10407,'4c347181-d660-44ea-95ff-d4e0d926cb8d','311215cd-3b3e-48e0-948c-131e8dddae08',28.80000000000000071,15,0);
INSERT INTO bd_bModel_transactional_OrderDetails VALUES('769f3bf1-546d-44ce-8583-1f85758a1c81','2025-10-28T11:54:29.089Z','anonymous','2025-10-28T11:54:29.089Z','anonymous',71,10407,'4c347181-d660-44ea-95ff-d4e0d926cb8d','6b0b026e-d214-4162-b3b0-376fef5f9179',17.199999999999999289,15,0);
INSERT INTO bd_bModel_transactional_OrderDetails VALUES('eb1b0628-59de-4a03-852a-8048941294dc','2025-10-28T11:54:29.089Z','anonymous','2025-10-28T11:54:29.089Z','anonymous',37,10408,'a832af44-3b58-4b58-a6ff-fb7e087b0a42','402cedcc-b56f-4944-a72c-14937b105d70',20.80000000000000071,10,0);
INSERT INTO bd_bModel_transactional_OrderDetails VALUES('6b693838-4da1-4814-bc4f-c24160edcfca','2025-10-28T11:54:29.089Z','anonymous','2025-10-28T11:54:29.089Z','anonymous',54,10408,'a832af44-3b58-4b58-a6ff-fb7e087b0a42','563da40c-89ed-4b32-9f84-42ca4cd9795b',5.9000000000000003552,6,0);
INSERT INTO bd_bModel_transactional_OrderDetails VALUES('47ece25c-885a-49c6-88e9-4f487ba420f6','2025-10-28T11:54:29.089Z','anonymous','2025-10-28T11:54:29.089Z','anonymous',62,10408,'a832af44-3b58-4b58-a6ff-fb7e087b0a42','25cae081-3317-4dfe-9bf7-30814bb7d2f0',39.399999999999998578,35,0);
INSERT INTO bd_bModel_transactional_OrderDetails VALUES('33dfab75-b6dd-4285-8fae-621aed9297b0','2025-10-28T11:54:29.089Z','anonymous','2025-10-28T11:54:29.089Z','anonymous',14,10409,'fcaf6472-3edc-4258-ba25-ce255001a26a','aeb124c7-33b6-43d2-82b8-37a159d119a5',18.600000000000001421,12,0);
INSERT INTO bd_bModel_transactional_OrderDetails VALUES('737186cb-c470-4746-8510-253bbe6d2d9d','2025-10-28T11:54:29.089Z','anonymous','2025-10-28T11:54:29.089Z','anonymous',21,10409,'fcaf6472-3edc-4258-ba25-ce255001a26a','e4be96da-d22f-4f97-b9ae-261079922e53',8,12,0);
INSERT INTO bd_bModel_transactional_OrderDetails VALUES('70de1d17-7fef-4600-b5e3-c526b7184bb4','2025-10-28T11:54:29.089Z','anonymous','2025-10-28T11:54:29.089Z','anonymous',33,10410,'b3d1364e-409e-4b70-a78d-b2a8142bdfb2','ceecbc92-43e2-47a0-b254-07e8cf6a34ce',2,49,0);
INSERT INTO bd_bModel_transactional_OrderDetails VALUES('a90ecfaf-b67a-43bb-986c-6c81bc31d5c6','2025-10-28T11:54:29.089Z','anonymous','2025-10-28T11:54:29.089Z','anonymous',59,10410,'b3d1364e-409e-4b70-a78d-b2a8142bdfb2','e52802de-d683-4bbe-aaf9-e919bffc1f57',44,16,0);
INSERT INTO bd_bModel_transactional_OrderDetails VALUES('cac87acf-2c68-4615-a853-0a9e29d90bd8','2025-10-28T11:54:29.089Z','anonymous','2025-10-28T11:54:29.089Z','anonymous',41,10411,'d48655bb-3a16-4240-a4a6-d6b446776e1c','c9b5f962-eeed-40da-bbea-cc9e34960b3b',7.7000000000000001776,25,0.2000000000000000111);
INSERT INTO bd_bModel_transactional_OrderDetails VALUES('b73af2e1-0272-4fb9-84ba-a30f92dc50f2','2025-10-28T11:54:29.089Z','anonymous','2025-10-28T11:54:29.089Z','anonymous',44,10411,'d48655bb-3a16-4240-a4a6-d6b446776e1c','76df74fb-0dd3-4137-98c7-d108bb7768f2',15.499999999999999999,40,0.2000000000000000111);
INSERT INTO bd_bModel_transactional_OrderDetails VALUES('b9955dee-6608-46bb-a3eb-d6c00fb5317d','2025-10-28T11:54:29.089Z','anonymous','2025-10-28T11:54:29.089Z','anonymous',59,10411,'d48655bb-3a16-4240-a4a6-d6b446776e1c','e52802de-d683-4bbe-aaf9-e919bffc1f57',44,9,0.2000000000000000111);
INSERT INTO bd_bModel_transactional_OrderDetails VALUES('5315ca6f-a2b0-4e1e-88c2-1e527e43124a','2025-10-28T11:54:29.089Z','anonymous','2025-10-28T11:54:29.089Z','anonymous',14,10412,'38841784-cb1e-4ab8-9a7a-508d72da8970','aeb124c7-33b6-43d2-82b8-37a159d119a5',18.600000000000001421,20,0.10000000000000000555);
INSERT INTO bd_bModel_transactional_OrderDetails VALUES('07f8627e-4592-4c8b-93cd-4f15bed1a666','2025-10-28T11:54:29.089Z','anonymous','2025-10-28T11:54:29.089Z','anonymous',1,10413,'ecbbee77-3015-467c-afc0-691c4e5ec99d','de6743b-6020-4311-a567-e8593d1c9194',14.400000000000000355,24,0);
INSERT INTO bd_bModel_transactional_OrderDetails VALUES('b66bd404-a785-45ff-afbf-23f8719db81d','2025-10-28T11:54:29.089Z','anonymous','2025-10-28T11:54:29.089Z','anonymous',62,10413,'ecbbee77-3015-467c-afc0-691c4e5ec99d','25cae081-3317-4dfe-9bf7-30814bb7d2f0',39.399999999999998578,40,0);
INSERT INTO bd_bModel_transactional_OrderDetails VALUES('7afca5c8-2711-4ad4-874e-0c3f79093b53','2025-10-28T11:54:29.089Z','anonymous','2025-10-28T11:54:29.089Z','anonymous',76,10413,'ecbbee77-3015-467c-afc0-691c4e5ec99d','81110c8f-d936-4c69-a5d4-19daf9b55a2f',14.400000000000000355,14,0);
INSERT INTO bd_bModel_transactional_OrderDetails VALUES('823b4a25-bce8-4c83-ac7b-75845da6012d','2025-10-28T11:54:29.089Z','anonymous','2025-10-28T11:54:29.089Z','anonymous',19,10414,'ea777724-306c-4503-9d6b-9d2db4e13be2','38167d1b-53c8-4a4f-a7aa-56974b7fb238',7.2999999999999998223,18,0.050000000000000002775);
INSERT INTO bd_bModel_transactional_OrderDetails VALUES('93590833-52d8-4f72-9876-636e53a8c28b','2025-10-28T11:54:29.089Z','anonymous','2025-10-28T11:54:29.089Z','anonymous',33,10414,'ea777724-306c-4503-9d6b-9d2db4e13be2','ceecbc92-43e2-47a0-b254-07e8cf6a34ce',2,50,0);
INSERT INTO bd_bModel_transactional_OrderDetails VALUES('57efacbe-137a-410e-bd5a-e60c6d929805','2025-10-28T11:54:29.089Z','anonymous','2025-10-28T11:54:29.089Z','anonymous',17,10415,'034779bb-31ac-4ce2-9b3c-440454f565b6','5f93efa9-286d-4b5c-95cf-5a0025e04ad4',31.199999999999999289,2,0);
INSERT INTO bd_bModel_transactional_OrderDetails VALUES('8dcae0fe-76c3-42b7-991e-586f821c8573','2025-10-28T11:54:29.089Z','anonymous','2025-10-28T11:54:29.089Z','anonymous',33,10415,'034779bb-31ac-4ce2-9b3c-440454f565b6','ceecbc92-43e2-47a0-b254-07e8cf6a34ce',2,20,0);
INSERT INTO bd_bModel_transactional_OrderDetails VALUES('94db871d-d981-499f-a0fc-d64d2e758d2b','2025-10-28T11:54:29.089Z','anonymous','2025-10-28T11:54:29.089Z','anonymous',19,10416,'28c5fb8b-440b-4f7d-924a-08ac99ad14ea','38167d1b-53c8-4a4f-a7aa-56974b7fb238',7.2999999999999998223,20,0);
INSERT INTO bd_bModel_transactional_OrderDetails VALUES('95c1c343-2616-4d1d-9e90-c9d9f898c7bb','2025-10-28T11:54:29.089Z','anonymous','2025-10-28T11:54:29.089Z','anonymous',53,10416,'28c5fb8b-440b-4f7d-924a-08ac99ad14ea','de052bb9-9840-4139-8ec2-5d3009e7c1a7',26.199999999999999289,10,0);
INSERT INTO bd_bModel_transactional_OrderDetails VALUES('d9a0260b-cb6f-421b-b5ca-b34c8f0d2212','2025-10-28T11:54:29.089Z','anonymous','2025-10-28T11:54:29.089Z','anonymous',57,10416,'28c5fb8b-440b-4f7d-924a-08ac99ad14ea','30d75ce4-c7cf-49a1-a883-715efaff8b6c',15.599999999999999644,20,0);
INSERT INTO bd_bModel_transactional_OrderDetails VALUES('7be96f22-cd55-4dfa-bc1b-efae0b4b4a10','2025-10-28T11:54:29.089Z','anonymous','2025-10-28T11:54:29.089Z','anonymous',38,10417,'95798ac2-4b61-4835-8c9c-7704983bf147','7922d03a-e47a-4447-8e69-52ae4048096c',210.80000000000001137,50,0);
INSERT INTO bd_bModel_transactional_OrderDetails VALUES('9adf40a8-3d1b-4d65-a094-749ef0607d8e','2025-10-28T11:54:29.089Z','anonymous','2025-10-28T11:54:29.089Z','anonymous',46,10417,'95798ac2-4b61-4835-8c9c-7704983bf147','8fe8ff6c-eab5-4567-bcc4-24f9fa24cb88',9.5999999999999996447,2,0.25);
INSERT INTO bd_bModel_transactional_OrderDetails VALUES('c0e1105e-cad5-4a32-afa2-d029a376fe1a','2025-10-28T11:54:29.089Z','anonymous','2025-10-28T11:54:29.089Z','anonymous',68,10417,'95798ac2-4b61-4835-8c9c-7704983bf147','c6c8f25f-012f-4e27-8b5c-92d1e6a08f18',10,36,0.25);
INSERT INTO bd_bModel_transactional_OrderDetails VALUES('86dd8095-a3e4-4db7-bca1-bbc2e5dda615','2025-10-28T11:54:29.089Z','anonymous','2025-10-28T11:54:29.089Z','anonymous',77,10417,'95798ac2-4b61-4835-8c9c-7704983bf147','81077190-5f4f-4015-bc1b-649d785148ce',10.400000000000000355,35,0);
INSERT INTO bd_bModel_transactional_OrderDetails VALUES('11779ad8-6f37-43ab-91f2-c3cf7e4d3c91','2025-10-28T11:54:29.089Z','anonymous','2025-10-28T11:54:29.089Z','anonymous',2,10418,'3a63366a-4ada-4656-a492-b751ac555c4a','035bf2d-d722-4141-8418-3f51bf3c26a0',15.199999999999999289,60,0);
INSERT INTO bd_bModel_transactional_OrderDetails VALUES('4b90eb79-6030-4639-a99f-22e891a6e28c','2025-10-28T11:54:29.089Z','anonymous','2025-10-28T11:54:29.089Z','anonymous',47,10418,'3a63366a-4ada-4656-a492-b751ac555c4a','345f1c16-04d8-4d16-a04e-8691685dfea8',7.5999999999999996447,55,0);
INSERT INTO bd_bModel_transactional_OrderDetails VALUES('56ab1376-0807-46d2-af3b-b04fffd98eed','2025-10-28T11:54:29.089Z','anonymous','2025-10-28T11:54:29.089Z','anonymous',61,10418,'3a63366a-4ada-4656-a492-b751ac555c4a','a6acfdd1-88b6-4c60-aa4d-fff0fb88ab40',22.80000000000000071,16,0);
INSERT INTO bd_bModel_transactional_OrderDetails VALUES('49d603df-56be-456d-87fa-b97f669dd08d','2025-10-28T11:54:29.089Z','anonymous','2025-10-28T11:54:29.089Z','anonymous',74,10418,'3a63366a-4ada-4656-a492-b751ac555c4a','739a5f10-a63a-4c3a-995b-d69e65905d0d',8,15,0);
INSERT INTO bd_bModel_transactional_OrderDetails VALUES('15708310-523e-49c2-8094-d17c3b845a9a','2025-10-28T11:54:29.089Z','anonymous','2025-10-28T11:54:29.089Z','anonymous',60,10419,'adc8377a-70b9-4d1b-95d3-b5a04dbb562b','4a76698c-ec29-4ba4-bff8-14bcd1744d06',27.199999999999999289,60,0.050000000000000002775);
INSERT INTO bd_bModel_transactional_OrderDetails VALUES('1aa6b2da-a222-45d8-bcb8-8706285aa162','2025-10-28T11:54:29.089Z','anonymous','2025-10-28T11:54:29.089Z','anonymous',69,10419,'adc8377a-70b9-4d1b-95d3-b5a04dbb562b','311215cd-3b3e-48e0-948c-131e8dddae08',28.80000000000000071,20,0.050000000000000002775);
INSERT INTO bd_bModel_transactional_OrderDetails VALUES('51a0c830-85ad-49db-a370-47a387494b69','2025-10-28T11:54:29.089Z','anonymous','2025-10-28T11:54:29.089Z','anonymous',9,10420,'33bd5fae-44e2-4bca-b14c-ae4610af9868','94ca1e6-5e7b-4120-94b0-95bf0f020281',77.599999999999994316,20,0.10000000000000000555);
INSERT INTO bd_bModel_transactional_OrderDetails VALUES('382a65cf-b7ef-4d7f-b0cf-df8fdeeab6e5','2025-10-28T11:54:29.089Z','anonymous','2025-10-28T11:54:29.089Z','anonymous',13,10420,'33bd5fae-44e2-4bca-b14c-ae4610af9868','2892fb11-61f6-49d2-853f-2be3d75bca38',4.7999999999999998223,2,0.10000000000000000555);
INSERT INTO bd_bModel_transactional_OrderDetails VALUES('922154b8-8bfb-455b-9583-8e0ae2930e16','2025-10-28T11:54:29.089Z','anonymous','2025-10-28T11:54:29.089Z','anonymous',70,10420,'33bd5fae-44e2-4bca-b14c-ae4610af9868','7c199617-5917-4619-8803-b70028ab85da',12,8,0.10000000000000000555);
INSERT INTO bd_bModel_transactional_OrderDetails VALUES('cb146ab1-3f28-42dd-a25c-855eb1435368','2025-10-28T11:54:29.089Z','anonymous','2025-10-28T11:54:29.089Z','anonymous',73,10420,'33bd5fae-44e2-4bca-b14c-ae4610af9868','4003f872-7fbf-451c-826f-8c1d560604f9',12,20,0.10000000000000000555);
INSERT INTO bd_bModel_transactional_OrderDetails VALUES('3f6b6490-f38d-413a-bd41-5e453f2fab6b','2025-10-28T11:54:29.089Z','anonymous','2025-10-28T11:54:29.089Z','anonymous',19,10421,'b4310da1-ff4f-4aff-835a-7e65304774b7','38167d1b-53c8-4a4f-a7aa-56974b7fb238',7.2999999999999998223,4,0.14999999999999999444);
INSERT INTO bd_bModel_transactional_OrderDetails VALUES('dcd68184-0635-485d-b03b-cbdaa390ad0e','2025-10-28T11:54:29.089Z','anonymous','2025-10-28T11:54:29.089Z','anonymous',26,10421,'b4310da1-ff4f-4aff-835a-7e65304774b7','5e60ddf4-b75f-44f5-9f01-08447e967930',24.899999999999998579,30,0);
INSERT INTO bd_bModel_transactional_OrderDetails VALUES('d048365d-7cd8-4df2-ad0b-44fc746fcf39','2025-10-28T11:54:29.089Z','anonymous','2025-10-28T11:54:29.089Z','anonymous',53,10421,'b4310da1-ff4f-4aff-835a-7e65304774b7','de052bb9-9840-4139-8ec2-5d3009e7c1a7',26.199999999999999289,15,0.14999999999999999444);
INSERT INTO bd_bModel_transactional_OrderDetails VALUES('441d73f8-9ea4-40b7-a465-50c381e046b2','2025-10-28T11:54:29.089Z','anonymous','2025-10-28T11:54:29.089Z','anonymous',77,10421,'b4310da1-ff4f-4aff-835a-7e65304774b7','81077190-5f4f-4015-bc1b-649d785148ce',10.400000000000000355,10,0.14999999999999999444);
INSERT INTO bd_bModel_transactional_OrderDetails VALUES('f6a6578a-738e-41bd-992b-5616d8a0a187','2025-10-28T11:54:29.089Z','anonymous','2025-10-28T11:54:29.089Z','anonymous',26,10422,'c61079e1-1741-4c85-a0b0-45eaa0c7cee5','5e60ddf4-b75f-44f5-9f01-08447e967930',24.899999999999998579,2,0);
INSERT INTO bd_bModel_transactional_OrderDetails VALUES('aa7101b3-90b7-42f3-8619-330f94195f75','2025-10-28T11:54:29.089Z','anonymous','2025-10-28T11:54:29.089Z','anonymous',31,10423,'ff300183-e028-4299-85d0-c43e08f4512c','7b7b9f47-c481-4faa-9aba-d82246db9df9',10,14,0);
INSERT INTO bd_bModel_transactional_OrderDetails VALUES('c539455f-91dc-4ff3-bc8c-fc142318dad5','2025-10-28T11:54:29.089Z','anonymous','2025-10-28T11:54:29.089Z','anonymous',59,10423,'ff300183-e028-4299-85d0-c43e08f4512c','e52802de-d683-4bbe-aaf9-e919bffc1f57',44,20,0);
INSERT INTO bd_bModel_transactional_OrderDetails VALUES('8dc931fd-1e96-4953-8519-dbfb04e63c75','2025-10-28T11:54:29.089Z','anonymous','2025-10-28T11:54:29.089Z','anonymous',35,10424,'b8f285f9-2c4a-4735-ad0c-21ecf7b62a61','2f16c2bf-e0ac-4176-b2d5-a54ddc883216',14.400000000000000355,60,0.2000000000000000111);
INSERT INTO bd_bModel_transactional_OrderDetails VALUES('1d2ad95c-cce6-448e-8c69-8ceb3294f87d','2025-10-28T11:54:29.089Z','anonymous','2025-10-28T11:54:29.089Z','anonymous',38,10424,'b8f285f9-2c4a-4735-ad0c-21ecf7b62a61','7922d03a-e47a-4447-8e69-52ae4048096c',210.80000000000001137,49,0.2000000000000000111);
INSERT INTO bd_bModel_transactional_OrderDetails VALUES('bd6ae913-29c5-4ec3-ac92-a6bd184ab45a','2025-10-28T11:54:29.089Z','anonymous','2025-10-28T11:54:29.089Z','anonymous',68,10424,'b8f285f9-2c4a-4735-ad0c-21ecf7b62a61','c6c8f25f-012f-4e27-8b5c-92d1e6a08f18',10,30,0.2000000000000000111);
INSERT INTO bd_bModel_transactional_OrderDetails VALUES('b6164a0f-0c83-42c6-96d0-d2189719615a','2025-10-28T11:54:29.089Z','anonymous','2025-10-28T11:54:29.089Z','anonymous',55,10425,'5b9eeac3-861e-4c84-9c94-bc8bb44ecede','3b1ae227-9a06-4679-a53b-98d25d4010c4',19.199999999999999289,10,0.25);
INSERT INTO bd_bModel_transactional_OrderDetails VALUES('938477c0-9d2f-4f5f-ba8a-abe7df84aaee','2025-10-28T11:54:29.089Z','anonymous','2025-10-28T11:54:29.089Z','anonymous',76,10425,'5b9eeac3-861e-4c84-9c94-bc8bb44ecede','81110c8f-d936-4c69-a5d4-19daf9b55a2f',14.400000000000000355,20,0.25);
INSERT INTO bd_bModel_transactional_OrderDetails VALUES('80c49dff-6ff5-4ae6-ad5a-e18362a4eddb','2025-10-28T11:54:29.089Z','anonymous','2025-10-28T11:54:29.089Z','anonymous',56,10426,'906a4517-d7cf-4c24-b6e5-6dc62d1ae76b','3178b2e2-ef85-43ff-b633-b13c51e21f6e',30.399999999999998579,5,0);
INSERT INTO bd_bModel_transactional_OrderDetails VALUES('8b7a4f09-eea9-4fac-8d10-7e83bc5724ef','2025-10-28T11:54:29.089Z','anonymous','2025-10-28T11:54:29.089Z','anonymous',64,10426,'906a4517-d7cf-4c24-b6e5-6dc62d1ae76b','26353ff5-5fb2-4d91-b6ce-1a8405941b39',26.600000000000001421,7,0);
INSERT INTO bd_bModel_transactional_OrderDetails VALUES('d16c6f9b-0bcf-4909-8f5c-362c48d627fb','2025-10-28T11:54:29.089Z','anonymous','2025-10-28T11:54:29.089Z','anonymous',14,10427,'5accc6c3-6d00-45ef-a00b-1c63d8a3a8ef','aeb124c7-33b6-43d2-82b8-37a159d119a5',18.600000000000001421,35,0);
INSERT INTO bd_bModel_transactional_OrderDetails VALUES('c2a0ae59-2b2a-4813-bc46-70874453f5f8','2025-10-28T11:54:29.089Z','anonymous','2025-10-28T11:54:29.089Z','anonymous',46,10428,'632ccc96-4886-4291-8796-2eda8d1a6688','8fe8ff6c-eab5-4567-bcc4-24f9fa24cb88',9.5999999999999996447,20,0);
INSERT INTO bd_bModel_transactional_OrderDetails VALUES('0af44572-e9ce-4f10-8cfa-a814a43b3676','2025-10-28T11:54:29.089Z','anonymous','2025-10-28T11:54:29.089Z','anonymous',50,10429,'3d987a87-1306-4965-a3c3-14d2d0dcd42d','29ddd986-0a63-4752-9880-15fcaa81e92d',13,40,0);
INSERT INTO bd_bModel_transactional_OrderDetails VALUES('1c0971e4-325f-46fc-9a5a-fca686c93883','2025-10-28T11:54:29.089Z','anonymous','2025-10-28T11:54:29.089Z','anonymous',63,10429,'3d987a87-1306-4965-a3c3-14d2d0dcd42d','297c1cdf-be90-486c-ac46-981435c8fb72',35.10000000000000142,35,0.25);
INSERT INTO bd_bModel_transactional_OrderDetails VALUES('b62f4741-c93b-445e-bc9d-c27ecc517c15','2025-10-28T11:54:29.089Z','anonymous','2025-10-28T11:54:29.089Z','anonymous',17,10430,'23705e37-a881-43be-9b34-7a63bd7eff3c','5f93efa9-286d-4b5c-95cf-5a0025e04ad4',31.199999999999999289,45,0.2000000000000000111);
INSERT INTO bd_bModel_transactional_OrderDetails VALUES('67311393-bcb6-4dc8-9a6f-6986f0f628de','2025-10-28T11:54:29.089Z','anonymous','2025-10-28T11:54:29.089Z','anonymous',21,10430,'23705e37-a881-43be-9b34-7a63bd7eff3c','e4be96da-d22f-4f97-b9ae-261079922e53',8,50,0);
INSERT INTO bd_bModel_transactional_OrderDetails VALUES('de2367b8-5f83-48db-9d4c-7c69151d9413','2025-10-28T11:54:29.089Z','anonymous','2025-10-28T11:54:29.089Z','anonymous',56,10430,'23705e37-a881-43be-9b34-7a63bd7eff3c','3178b2e2-ef85-43ff-b633-b13c51e21f6e',30.399999999999998579,30,0);
INSERT INTO bd_bModel_transactional_OrderDetails VALUES('5c9b1690-8934-44b9-a3bb-2276314764ee','2025-10-28T11:54:29.089Z','anonymous','2025-10-28T11:54:29.089Z','anonymous',59,10430,'23705e37-a881-43be-9b34-7a63bd7eff3c','e52802de-d683-4bbe-aaf9-e919bffc1f57',44,70,0.2000000000000000111);
INSERT INTO bd_bModel_transactional_OrderDetails VALUES('9611a6f9-e5a2-4a86-ba13-ee0a5a99f47e','2025-10-28T11:54:29.089Z','anonymous','2025-10-28T11:54:29.089Z','anonymous',17,10431,'57a66435-3c26-4fb1-8a63-e3b31a8aee3c','5f93efa9-286d-4b5c-95cf-5a0025e04ad4',31.199999999999999289,50,0.25);
INSERT INTO bd_bModel_transactional_OrderDetails VALUES('8b5cf393-f5e0-4e53-abfe-46cb56bfb4be','2025-10-28T11:54:29.089Z','anonymous','2025-10-28T11:54:29.089Z','anonymous',40,10431,'57a66435-3c26-4fb1-8a63-e3b31a8aee3c','9af2661d-5349-466f-94a7-cbab4974ab98',14.699999999999999289,50,0.25);
INSERT INTO bd_bModel_transactional_OrderDetails VALUES('83bdadd3-180e-4b60-a4ac-e8b2b107703c','2025-10-28T11:54:29.089Z','anonymous','2025-10-28T11:54:29.089Z','anonymous',47,10431,'57a66435-3c26-4fb1-8a63-e3b31a8aee3c','345f1c16-04d8-4d16-a04e-8691685dfea8',7.5999999999999996447,30,0.25);
INSERT INTO bd_bModel_transactional_OrderDetails VALUES('c971ee97-25ba-4537-9675-e9895f75b97a','2025-10-28T11:54:29.089Z','anonymous','2025-10-28T11:54:29.089Z','anonymous',26,10432,'f675ad25-e7f4-491e-9459-f995de131a55','5e60ddf4-b75f-44f5-9f01-08447e967930',24.899999999999998579,10,0);
INSERT INTO bd_bModel_transactional_OrderDetails VALUES('3e13f4e0-654f-4083-b7ab-20e3c6730303','2025-10-28T11:54:29.089Z','anonymous','2025-10-28T11:54:29.089Z','anonymous',54,10432,'f675ad25-e7f4-491e-9459-f995de131a55','563da40c-89ed-4b32-9f84-42ca4cd9795b',5.9000000000000003552,40,0);
INSERT INTO bd_bModel_transactional_OrderDetails VALUES('e4ccc312-8d9b-4364-8014-b44ec6fe4f0f','2025-10-28T11:54:29.089Z','anonymous','2025-10-28T11:54:29.089Z','anonymous',56,10433,'ba4516be-dd4f-42d1-8745-53429fa08d3d','3178b2e2-ef85-43ff-b633-b13c51e21f6e',30.399999999999998579,28,0);
INSERT INTO bd_bModel_transactional_OrderDetails VALUES('e51a0271-facf-4d64-9a62-65972803a8cf','2025-10-28T11:54:29.089Z','anonymous','2025-10-28T11:54:29.089Z','anonymous',11,10434,'568a796d-a7f0-4b5d-9182-987b9b9c539a','daab8b86-f920-4398-a6ad-31c8405acde5',16.80000000000000071,6,0);
INSERT INTO bd_bModel_transactional_OrderDetails VALUES('b43e00bc-fccc-4565-a5b1-6900b75922c3','2025-10-28T11:54:29.089Z','anonymous','2025-10-28T11:54:29.089Z','anonymous',76,10434,'568a796d-a7f0-4b5d-9182-987b9b9c539a','81110c8f-d936-4c69-a5d4-19daf9b55a2f',14.400000000000000355,18,0.14999999999999999444);
INSERT INTO bd_bModel_transactional_OrderDetails VALUES('34df574c-117a-4584-9096-ceb7fbae485e','2025-10-28T11:54:29.089Z','anonymous','2025-10-28T11:54:29.089Z','anonymous',2,10435,'f7676bed-c933-4149-b2b2-c38b0d4d39ed','035bf2d-d722-4141-8418-3f51bf3c26a0',15.199999999999999289,10,0);
INSERT INTO bd_bModel_transactional_OrderDetails VALUES('c02d0b96-74ba-4ab4-8270-118a2f31206f','2025-10-28T11:54:29.089Z','anonymous','2025-10-28T11:54:29.089Z','anonymous',22,10435,'f7676bed-c933-4149-b2b2-c38b0d4d39ed','dd69be7a-4bd2-49dc-947b-7bf2f98d83b3',16.80000000000000071,12,0);
INSERT INTO bd_bModel_transactional_OrderDetails VALUES('2111cd35-3891-4d9f-ad78-488b170c28bc','2025-10-28T11:54:29.089Z','anonymous','2025-10-28T11:54:29.089Z','anonymous',72,10435,'f7676bed-c933-4149-b2b2-c38b0d4d39ed','cff69d31-bf54-4acc-ac89-66fa54e3dc96',27.80000000000000071,10,0);
INSERT INTO bd_bModel_transactional_OrderDetails VALUES('b4bce262-1bcd-4b68-915f-788b90d1bc1e','2025-10-28T11:54:29.089Z','anonymous','2025-10-28T11:54:29.089Z','anonymous',46,10436,'ff13113e-ec40-4f9c-b3fe-c0738bf65cda','8fe8ff6c-eab5-4567-bcc4-24f9fa24cb88',9.5999999999999996447,5,0);
INSERT INTO bd_bModel_transactional_OrderDetails VALUES('cf175c69-fabf-48d7-8c0d-7cd033bc5b81','2025-10-28T11:54:29.089Z','anonymous','2025-10-28T11:54:29.089Z','anonymous',56,10436,'ff13113e-ec40-4f9c-b3fe-c0738bf65cda','3178b2e2-ef85-43ff-b633-b13c51e21f6e',30.399999999999998579,40,0.10000000000000000555);
INSERT INTO bd_bModel_transactional_OrderDetails VALUES('526243ea-d3eb-4666-9ea0-69dcc206a7e7','2025-10-28T11:54:29.089Z','anonymous','2025-10-28T11:54:29.089Z','anonymous',64,10436,'ff13113e-ec40-4f9c-b3fe-c0738bf65cda','26353ff5-5fb2-4d91-b6ce-1a8405941b39',26.600000000000001421,30,0.10000000000000000555);
INSERT INTO bd_bModel_transactional_OrderDetails VALUES('f619d36c-cc18-4dd8-a4e2-59aa484cbc61','2025-10-28T11:54:29.089Z','anonymous','2025-10-28T11:54:29.089Z','anonymous',75,10436,'ff13113e-ec40-4f9c-b3fe-c0738bf65cda','2cf7b716-4467-4ac2-a558-7ed28d8a5835',6.2000000000000001776,24,0.10000000000000000555);
/*CREATE TABLE bd_bModel_transactional_Orders (
  ID NVARCHAR(36) NOT NULL,
  createdAt TIMESTAMP_TEXT,
  createdBy NVARCHAR(255),
  modifiedAt TIMESTAMP_TEXT,
  modifiedBy NVARCHAR(255),
  OrderID INTEGER,
  CustomerID NVARCHAR(255),
  EmployeeID INTEGER,
  ShipVia INTEGER,
  customer_ID NVARCHAR(36),
  employee_ID NVARCHAR(36),
  shipper_ID NVARCHAR(36),
  OrderDate DATETIME_TEXT NOT NULL,
  RequiredDate DATETIME_TEXT,
  ShippedDate DATETIME_TEXT,
  Freight DECIMAL(15, 2),
  ShipName NVARCHAR(200),
  ShipAddress NVARCHAR(200),
  ShipCity NVARCHAR(100),
  ShipPostalCode NVARCHAR(20),
  ShipCountry NVARCHAR(100),
  PRIMARY KEY(ID)
);
*/INSERT INTO bd_bModel_transactional_Orders VALUES('38aa2734-fead-4855-a63b-0d233363ed10','2025-10-27T13:29:22.666Z','anonymous','2025-10-27T13:29:22.666Z','anonymous',10248,'VINET',5,3,'792afc76-d95e-4a47-9b7a-712e5602f883','bc46806c-b2e3-4cfd-9833-54fe5b92edaf','8ea627a0-40c9-4179-9859-ee8b8c5c0d24','1996-07-04T00:00:00.000Z','1996-08-01T00:00:00.000Z','1996-07-16T00:00:00.000Z',32.380000000000002558,'Vins et alcools Chevalier','59 rue de l''Abbaye','Reims','51100','France');
INSERT INTO bd_bModel_transactional_Orders VALUES('2bea7714-9a00-443a-ad44-eabde829cf7e','2025-10-27T13:29:22.666Z','anonymous','2025-10-27T13:29:22.666Z','anonymous',10249,'TOMSP',6,1,'0420513b-cfb6-4f2e-b49d-baf6fde4d4fc','5c76508f-9dd7-46da-aed3-566c64b1bd3f','47a2f778-93e0-47b7-9022-22a53dfccf7f','1996-07-05T00:00:00.000Z','1996-08-16T00:00:00.000Z','1996-07-10T00:00:00.000Z',11.609999999999999431,'Toms Spezialitäten','Luisenstr. 48','Münster','44087','Germany');
INSERT INTO bd_bModel_transactional_Orders VALUES('ef1213e6-ea27-4ff5-9cd1-f4885d9897b4','2025-10-27T13:29:22.666Z','anonymous','2025-10-27T13:29:22.666Z','anonymous',10250,'HANAR',4,2,'3d21c928-13fd-4c07-b4b7-e5b53c621348','e1ce3fd3-45c5-4871-b190-c8186f084874','717e80ba-169e-4387-9a76-f8a1c3191679','1996-07-08T00:00:00.000Z','1996-08-05T00:00:00.000Z','1996-07-12T00:00:00.000Z',65.829999999999998295,'Hanari Carnes','Rua do Paço, 67','Rio de Janeiro','05454-876','Brazil');
INSERT INTO bd_bModel_transactional_Orders VALUES('c8f2cce7-7cbd-4d7c-b2c6-d53be1c9c7c2','2025-10-27T13:29:22.666Z','anonymous','2025-10-27T13:29:22.666Z','anonymous',10251,'VICTE',3,1,'4dd72d67-5590-4969-a3d1-450714fb8027','2c592581-ef22-4041-9d96-c6cfcd855b4b','47a2f778-93e0-47b7-9022-22a53dfccf7f','1996-07-08T00:00:00.000Z','1996-08-05T00:00:00.000Z','1996-07-15T00:00:00.000Z',41.34000000000000341,'Victuailles en stock','2, rue du Commerce','Lyon','69004','France');
INSERT INTO bd_bModel_transactional_Orders VALUES('39210965-ff19-4e11-84b2-634f34024934','2025-10-27T13:29:22.666Z','anonymous','2025-10-27T13:29:22.666Z','anonymous',10252,'SUPRD',4,2,'39918438-bf9c-46fa-abda-686d2aef46fd','e1ce3fd3-45c5-4871-b190-c8186f084874','717e80ba-169e-4387-9a76-f8a1c3191679','1996-07-09T00:00:00.000Z','1996-08-06T00:00:00.000Z','1996-07-11T00:00:00.000Z',51.299999999999997156,'Suprêmes délices','Boulevard Tirou, 255','Charleroi','B-6000','Belgium');
INSERT INTO bd_bModel_transactional_Orders VALUES('8e918e62-da16-412d-ab08-bc675cab2b0a','2025-10-27T13:29:22.666Z','anonymous','2025-10-27T13:29:22.666Z','anonymous',10253,'HANAR',3,2,'3d21c928-13fd-4c07-b4b7-e5b53c621348','2c592581-ef22-4041-9d96-c6cfcd855b4b','717e80ba-169e-4387-9a76-f8a1c3191679','1996-07-10T00:00:00.000Z','1996-07-24T00:00:00.000Z','1996-07-16T00:00:00.000Z',58.170000000000001705,'Hanari Carnes','Rua do Paço, 67','Rio de Janeiro','05454-876','Brazil');
INSERT INTO bd_bModel_transactional_Orders VALUES('57c6ad55-f48e-4a8c-acf8-17ff5eb18763','2025-10-27T13:29:22.666Z','anonymous','2025-10-27T13:29:22.666Z','anonymous',10254,'CHOPS',5,2,'b8940eb7-eb5c-4f3d-8a8f-dbd08a1e3026','bc46806c-b2e3-4cfd-9833-54fe5b92edaf','717e80ba-169e-4387-9a76-f8a1c3191679','1996-07-11T00:00:00.000Z','1996-08-08T00:00:00.000Z','1996-07-23T00:00:00.000Z',22.980000000000000426,'Chop-suey Chinese','Hauptstr. 31','Bern','3012','Switzerland');
INSERT INTO bd_bModel_transactional_Orders VALUES('45ff455b-1481-4604-937b-c5ec5f8080c2','2025-10-27T13:29:22.666Z','anonymous','2025-10-27T13:29:22.666Z','anonymous',10255,'RICSU',9,3,'93637861-fd0a-4d50-b4b9-59217fa2ce16','8f73e309-98dc-47ba-9544-3e549fe30f62','8ea627a0-40c9-4179-9859-ee8b8c5c0d24','1996-07-12T00:00:00.000Z','1996-08-09T00:00:00.000Z','1996-07-15T00:00:00.000Z',148.33000000000001249,'Richter Supermarkt','Starenweg 5','Genève','1204','Switzerland');
INSERT INTO bd_bModel_transactional_Orders VALUES('238a4dd3-c1f3-4b30-ab1a-c079badd9136','2025-10-27T13:29:22.666Z','anonymous','2025-10-27T13:29:22.666Z','anonymous',10256,'WELLI',3,2,'7ae74edc-88fa-4411-84b0-f337d4309674','2c592581-ef22-4041-9d96-c6cfcd855b4b','717e80ba-169e-4387-9a76-f8a1c3191679','1996-07-15T00:00:00.000Z','1996-08-12T00:00:00.000Z','1996-07-17T00:00:00.000Z',13.970000000000000639,'Wellington Importadora','Rua do Mercado, 12','Resende','08737-363','Brazil');
INSERT INTO bd_bModel_transactional_Orders VALUES('0136d6c8-5d91-4f21-906e-78453f50f14c','2025-10-27T13:29:22.666Z','anonymous','2025-10-27T13:29:22.666Z','anonymous',10257,'HILAA',4,3,'32267e3a-0a4f-4be2-b2f6-8d0767c37b4e','e1ce3fd3-45c5-4871-b190-c8186f084874','8ea627a0-40c9-4179-9859-ee8b8c5c0d24','1996-07-16T00:00:00.000Z','1996-08-13T00:00:00.000Z','1996-07-22T00:00:00.000Z',81.909999999999996587,'HILARION-Abastos','Carrera 22 con Ave. Carlos Soublette #8-35','San Cristóbal','5022','Venezuela');
INSERT INTO bd_bModel_transactional_Orders VALUES('42d8a531-a38f-4092-bbff-731257536640','2025-10-27T13:29:22.666Z','anonymous','2025-10-27T13:29:22.666Z','anonymous',10258,'ERNSH',1,1,'be963b74-101a-4d7c-99f4-0f772c578f0b','c1bba1e1-76e2-4a34-bf6d-70644a453b86','47a2f778-93e0-47b7-9022-22a53dfccf7f','1996-07-17T00:00:00.000Z','1996-08-14T00:00:00.000Z','1996-07-23T00:00:00.000Z',140.5099999999999909,'Ernst Handel','Kirchgasse 6','Graz','8010','Austria');
INSERT INTO bd_bModel_transactional_Orders VALUES('7eae5432-1947-4703-9a26-4e95575d9ade','2025-10-27T13:29:22.666Z','anonymous','2025-10-27T13:29:22.666Z','anonymous',10259,'CENTC',4,3,'637b00e2-fcbc-4ad3-a23a-d9e1249ec81c','e1ce3fd3-45c5-4871-b190-c8186f084874','8ea627a0-40c9-4179-9859-ee8b8c5c0d24','1996-07-18T00:00:00.000Z','1996-08-15T00:00:00.000Z','1996-07-25T00:00:00.000Z',3.25,'Centro comercial Moctezuma','Sierras de Granada 9993','México D.F.','05022','Mexico');
INSERT INTO bd_bModel_transactional_Orders VALUES('cb47c70d-825c-43d7-8918-fb0be939f943','2025-10-27T13:29:22.666Z','anonymous','2025-10-27T13:29:22.666Z','anonymous',10260,'OTTIK',4,1,'450ec100-2c63-4926-94a0-119cc58d4ac4','e1ce3fd3-45c5-4871-b190-c8186f084874','47a2f778-93e0-47b7-9022-22a53dfccf7f','1996-07-19T00:00:00.000Z','1996-08-16T00:00:00.000Z','1996-07-29T00:00:00.000Z',55.09000000000000341,'Ottilies Käseladen','Mehrheimerstr. 369','Köln','50739','Germany');
INSERT INTO bd_bModel_transactional_Orders VALUES('3d1ce436-54fd-4834-a890-cd7597643106','2025-10-27T13:29:22.666Z','anonymous','2025-10-27T13:29:22.666Z','anonymous',10261,'QUEDE',4,2,'31653a1d-248f-4a2a-866d-9b58ec1fd4e4','e1ce3fd3-45c5-4871-b190-c8186f084874','717e80ba-169e-4387-9a76-f8a1c3191679','1996-07-19T00:00:00.000Z','1996-08-16T00:00:00.000Z','1996-07-30T00:00:00.000Z',3.0499999999999998223,'Que Delícia','Rua da Panificadora, 12','Rio de Janeiro','02389-673','Brazil');
INSERT INTO bd_bModel_transactional_Orders VALUES('62f5ae9c-54ec-4404-bc75-f49c9dd7b71d','2025-10-27T13:29:22.666Z','anonymous','2025-10-27T13:29:22.666Z','anonymous',10262,'RATTC',8,3,'f15eb348-98a3-4e0c-a427-060637e31d10','525274a2-db97-4f25-a9be-4a616f8f6ece','8ea627a0-40c9-4179-9859-ee8b8c5c0d24','1996-07-22T00:00:00.000Z','1996-08-19T00:00:00.000Z','1996-07-25T00:00:00.000Z',48.289999999999999149,'Rattlesnake Canyon Grocery','2817 Milton Dr.','Albuquerque','87110','USA');
INSERT INTO bd_bModel_transactional_Orders VALUES('16635b53-d373-47e5-a5b5-8029663afdf3','2025-10-27T13:29:22.666Z','anonymous','2025-10-27T13:29:22.666Z','anonymous',10263,'ERNSH',9,3,'be963b74-101a-4d7c-99f4-0f772c578f0b','8f73e309-98dc-47ba-9544-3e549fe30f62','8ea627a0-40c9-4179-9859-ee8b8c5c0d24','1996-07-23T00:00:00.000Z','1996-08-20T00:00:00.000Z','1996-07-31T00:00:00.000Z',146.06000000000000227,'Ernst Handel','Kirchgasse 6','Graz','8010','Austria');
INSERT INTO bd_bModel_transactional_Orders VALUES('c9f8c2ee-fe9b-4385-aa61-729c776163bc','2025-10-27T13:29:22.666Z','anonymous','2025-10-27T13:29:22.666Z','anonymous',10264,'FOLKO',6,3,'30abbb3a-fb62-4b16-b095-7b9c4a10c508','5c76508f-9dd7-46da-aed3-566c64b1bd3f','8ea627a0-40c9-4179-9859-ee8b8c5c0d24','1996-07-24T00:00:00.000Z','1996-08-21T00:00:00.000Z','1996-08-23T00:00:00.000Z',3.6699999999999999289,'Folk och fä HB','Åkergatan 24','Bräcke','S-844 67','Sweden');
INSERT INTO bd_bModel_transactional_Orders VALUES('a2379f08-270b-4cc3-9af0-eedd7a096029','2025-10-27T13:29:22.666Z','anonymous','2025-10-27T13:29:22.666Z','anonymous',10265,'BLONP',2,1,'df34a75d-bf4f-4389-a45a-cc5479d42d1c','d4beb5bb-e6d0-4717-bbd0-3460aad9de91','47a2f778-93e0-47b7-9022-22a53dfccf7f','1996-07-25T00:00:00.000Z','1996-08-22T00:00:00.000Z','1996-08-12T00:00:00.000Z',55.280000000000001137,'Blondel père et fils','24, place Kléber','Strasbourg','67000','France');
INSERT INTO bd_bModel_transactional_Orders VALUES('84ebc002-a34f-40e4-8db8-cddf86fde0a1','2025-10-27T13:29:22.666Z','anonymous','2025-10-27T13:29:22.666Z','anonymous',10266,'WARTH',3,3,'10b828f9-beff-4a2c-bf3e-d497bb0345f7','2c592581-ef22-4041-9d96-c6cfcd855b4b','8ea627a0-40c9-4179-9859-ee8b8c5c0d24','1996-07-26T00:00:00.000Z','1996-09-06T00:00:00.000Z','1996-07-31T00:00:00.000Z',25.730000000000000427,'Wartian Herkku','Torikatu 38','Oulu','90110','Finland');
INSERT INTO bd_bModel_transactional_Orders VALUES('363c34cc-56cc-4813-ac0a-d5a99a74b300','2025-10-27T13:29:22.666Z','anonymous','2025-10-27T13:29:22.666Z','anonymous',10267,'FRANK',4,1,'20714b84-ad79-4cfd-8493-abb0d0559352','e1ce3fd3-45c5-4871-b190-c8186f084874','47a2f778-93e0-47b7-9022-22a53dfccf7f','1996-07-29T00:00:00.000Z','1996-08-26T00:00:00.000Z','1996-08-06T00:00:00.000Z',208.5800000000000125,'Frankenversand','Berliner Platz 43','München','80805','Germany');
INSERT INTO bd_bModel_transactional_Orders VALUES('a4b6c0da-4718-4afa-b3f9-dbbd40d3ab18','2025-10-27T13:29:22.666Z','anonymous','2025-10-27T13:29:22.666Z','anonymous',10268,'GROSR',8,3,'55de2c37-5073-4c43-9bbe-12025cb8b549','525274a2-db97-4f25-a9be-4a616f8f6ece','8ea627a0-40c9-4179-9859-ee8b8c5c0d24','1996-07-30T00:00:00.000Z','1996-08-27T00:00:00.000Z','1996-08-02T00:00:00.000Z',66.290000000000006254,'GROSELLA-Restaurante','5ª Ave. Los Palos Grandes','Caracas','1081','Venezuela');
INSERT INTO bd_bModel_transactional_Orders VALUES('e8a03f9c-59c2-45ba-8ad3-7edbb6a22e39','2025-10-27T13:29:22.666Z','anonymous','2025-10-27T13:29:22.666Z','anonymous',10269,'WHITC',5,1,'7beb0322-4651-4e21-9c3d-9e367f5eae19','bc46806c-b2e3-4cfd-9833-54fe5b92edaf','47a2f778-93e0-47b7-9022-22a53dfccf7f','1996-07-31T00:00:00.000Z','1996-08-14T00:00:00.000Z','1996-08-09T00:00:00.000Z',4.5599999999999996092,'White Clover Markets','1029 - 12th Ave. S.','Seattle','98124','USA');
INSERT INTO bd_bModel_transactional_Orders VALUES('85dfe04c-08c3-4f31-8054-2ec8e4244015','2025-10-27T13:29:22.666Z','anonymous','2025-10-27T13:29:22.666Z','anonymous',10270,'WARTH',1,1,'10b828f9-beff-4a2c-bf3e-d497bb0345f7','c1bba1e1-76e2-4a34-bf6d-70644a453b86','47a2f778-93e0-47b7-9022-22a53dfccf7f','1996-08-01T00:00:00.000Z','1996-08-29T00:00:00.000Z','1996-08-02T00:00:00.000Z',136.53999999999999203,'Wartian Herkku','Torikatu 38','Oulu','90110','Finland');
INSERT INTO bd_bModel_transactional_Orders VALUES('9491f642-7a50-4246-b2b0-c17060fc72ae','2025-10-27T13:29:22.666Z','anonymous','2025-10-27T13:29:22.666Z','anonymous',10271,'SPLIR',6,2,'03175c2e-8a31-4f78-9feb-c5751e0c432d','5c76508f-9dd7-46da-aed3-566c64b1bd3f','717e80ba-169e-4387-9a76-f8a1c3191679','1996-08-01T00:00:00.000Z','1996-08-29T00:00:00.000Z','1996-08-30T00:00:00.000Z',4.5400000000000000355,'Split Rail Beer & Ale','P.O. Box 555','Lander','82520','USA');
INSERT INTO bd_bModel_transactional_Orders VALUES('d10fdff3-e191-4ed5-b48a-a90a30d8c01d','2025-10-27T13:29:22.666Z','anonymous','2025-10-27T13:29:22.666Z','anonymous',10272,'RATTC',6,2,'f15eb348-98a3-4e0c-a427-060637e31d10','5c76508f-9dd7-46da-aed3-566c64b1bd3f','717e80ba-169e-4387-9a76-f8a1c3191679','1996-08-02T00:00:00.000Z','1996-08-30T00:00:00.000Z','1996-08-06T00:00:00.000Z',98.030000000000001138,'Rattlesnake Canyon Grocery','2817 Milton Dr.','Albuquerque','87110','USA');
INSERT INTO bd_bModel_transactional_Orders VALUES('b22bc530-16b5-483f-b645-9c9d27fea5f3','2025-10-27T13:29:22.666Z','anonymous','2025-10-27T13:29:22.666Z','anonymous',10273,'QUICK',3,3,'51c05fae-6add-493a-8004-136d9ccc907e','2c592581-ef22-4041-9d96-c6cfcd855b4b','8ea627a0-40c9-4179-9859-ee8b8c5c0d24','1996-08-05T00:00:00.000Z','1996-09-02T00:00:00.000Z','1996-08-12T00:00:00.000Z',76.069999999999993178,'QUICK-Stop','Taucherstraße 10','Cunewalde','01307','Germany');
INSERT INTO bd_bModel_transactional_Orders VALUES('b72a80d0-f474-4694-a86b-6959c591121d','2025-10-27T13:29:22.666Z','anonymous','2025-10-27T13:29:22.666Z','anonymous',10274,'VINET',6,1,'792afc76-d95e-4a47-9b7a-712e5602f883','5c76508f-9dd7-46da-aed3-566c64b1bd3f','47a2f778-93e0-47b7-9022-22a53dfccf7f','1996-08-06T00:00:00.000Z','1996-09-03T00:00:00.000Z','1996-08-16T00:00:00.000Z',6.0099999999999997868,'Vins et alcools Chevalier','59 rue de l''Abbaye','Reims','51100','France');
INSERT INTO bd_bModel_transactional_Orders VALUES('10f36b86-54e1-446e-91af-23978647bbca','2025-10-27T13:29:22.666Z','anonymous','2025-10-27T13:29:22.666Z','anonymous',10275,'MAGAA',1,1,'6fc459c5-8687-427d-bf1f-d672afcda46b','c1bba1e1-76e2-4a34-bf6d-70644a453b86','47a2f778-93e0-47b7-9022-22a53dfccf7f','1996-08-07T00:00:00.000Z','1996-09-04T00:00:00.000Z','1996-08-09T00:00:00.000Z',26.929999999999999714,'Magazzini Alimentari Riuniti','Via Ludovico il Moro 22','Bergamo','24100','Italy');
INSERT INTO bd_bModel_transactional_Orders VALUES('afc4fe64-f2a2-4cec-ab26-42bfb9c3dd90','2025-10-27T13:29:22.666Z','anonymous','2025-10-27T13:29:22.666Z','anonymous',10276,'TORTU',8,3,'2c68663e-386b-4e0d-9765-c6cb1b5d23aa','525274a2-db97-4f25-a9be-4a616f8f6ece','8ea627a0-40c9-4179-9859-ee8b8c5c0d24','1996-08-08T00:00:00.000Z','1996-08-22T00:00:00.000Z','1996-08-14T00:00:00.000Z',13.839999999999999857,'Tortuga Restaurante','Avda. Azteca 123','México D.F.','05033','Mexico');
INSERT INTO bd_bModel_transactional_Orders VALUES('c0ddd6a2-91ac-4b7c-a039-3027d9f5fb09','2025-10-27T13:29:22.666Z','anonymous','2025-10-27T13:29:22.666Z','anonymous',10277,'MORGK',2,3,'b7f9a516-8a88-4a04-99b3-62b20086c3ea','d4beb5bb-e6d0-4717-bbd0-3460aad9de91','8ea627a0-40c9-4179-9859-ee8b8c5c0d24','1996-08-09T00:00:00.000Z','1996-09-06T00:00:00.000Z','1996-08-13T00:00:00.000Z',125.76999999999999602,'Morgenstern Gesundkost','Heerstr. 22','Leipzig','04179','Germany');
INSERT INTO bd_bModel_transactional_Orders VALUES('eba870c5-2622-4bbb-a3fd-89290cdafd5f','2025-10-27T13:29:22.666Z','anonymous','2025-10-27T13:29:22.666Z','anonymous',10278,'BERGS',8,2,'8f0e02ac-11f7-4fd1-8f59-8d0b1bf4374f','525274a2-db97-4f25-a9be-4a616f8f6ece','717e80ba-169e-4387-9a76-f8a1c3191679','1996-08-12T00:00:00.000Z','1996-09-09T00:00:00.000Z','1996-08-16T00:00:00.000Z',92.689999999999997722,'Berglunds snabbköp','Berguvsvägen  8','Luleå','S-958 22','Sweden');
INSERT INTO bd_bModel_transactional_Orders VALUES('079c0102-ac7e-4e40-a8f9-288e3299a079','2025-10-27T13:29:22.666Z','anonymous','2025-10-27T13:29:22.666Z','anonymous',10279,'LEHMS',8,2,'e2409824-e276-49ba-8af3-2a5d066159f3','525274a2-db97-4f25-a9be-4a616f8f6ece','717e80ba-169e-4387-9a76-f8a1c3191679','1996-08-13T00:00:00.000Z','1996-09-10T00:00:00.000Z','1996-08-16T00:00:00.000Z',25.829999999999998295,'Lehmanns Marktstand','Magazinweg 7','Frankfurt a.M.','60528','Germany');
INSERT INTO bd_bModel_transactional_Orders VALUES('701322f3-122d-4bec-b9e0-0fccc3ffa550','2025-10-27T13:29:22.666Z','anonymous','2025-10-27T13:29:22.666Z','anonymous',10280,'BERGS',2,1,'8f0e02ac-11f7-4fd1-8f59-8d0b1bf4374f','d4beb5bb-e6d0-4717-bbd0-3460aad9de91','47a2f778-93e0-47b7-9022-22a53dfccf7f','1996-08-14T00:00:00.000Z','1996-09-11T00:00:00.000Z','1996-09-12T00:00:00.000Z',8.9800000000000004263,'Berglunds snabbköp','Berguvsvägen  8','Luleå','S-958 22','Sweden');
INSERT INTO bd_bModel_transactional_Orders VALUES('176fa609-a69c-4dea-94dd-91f4973d1ff2','2025-10-27T13:29:22.666Z','anonymous','2025-10-27T13:29:22.666Z','anonymous',10281,'ROMEY',4,1,'512e9b43-6578-44a0-91de-07f196560672','e1ce3fd3-45c5-4871-b190-c8186f084874','47a2f778-93e0-47b7-9022-22a53dfccf7f','1996-08-14T00:00:00.000Z','1996-08-28T00:00:00.000Z','1996-08-21T00:00:00.000Z',2.9399999999999999467,'Romero y tomillo','Gran Vía, 1','Madrid','28001','Spain');
INSERT INTO bd_bModel_transactional_Orders VALUES('c162dea5-5351-4af3-8e79-674d8e922300','2025-10-27T13:29:22.666Z','anonymous','2025-10-27T13:29:22.666Z','anonymous',10282,'ROMEY',4,1,'512e9b43-6578-44a0-91de-07f196560672','e1ce3fd3-45c5-4871-b190-c8186f084874','47a2f778-93e0-47b7-9022-22a53dfccf7f','1996-08-15T00:00:00.000Z','1996-09-12T00:00:00.000Z','1996-08-21T00:00:00.000Z',12.689999999999999503,'Romero y tomillo','Gran Vía, 1','Madrid','28001','Spain');
INSERT INTO bd_bModel_transactional_Orders VALUES('e10e511c-b792-4f1b-a8fd-558c57ac8bb1','2025-10-27T13:29:22.666Z','anonymous','2025-10-27T13:29:22.666Z','anonymous',10283,'LILAS',3,3,'70daee43-9d99-4f69-8126-becf4e569ab0','2c592581-ef22-4041-9d96-c6cfcd855b4b','8ea627a0-40c9-4179-9859-ee8b8c5c0d24','1996-08-16T00:00:00.000Z','1996-09-13T00:00:00.000Z','1996-08-23T00:00:00.000Z',84.810000000000002277,'LILA-Supermercado','Carrera 52 con Ave. Bolívar #65-98 Llano Largo','Barquisimeto','3508','Venezuela');
INSERT INTO bd_bModel_transactional_Orders VALUES('20cc9bb4-6c0e-4a90-b9c3-392606e64089','2025-10-27T13:29:22.666Z','anonymous','2025-10-27T13:29:22.666Z','anonymous',10284,'LEHMS',4,1,'e2409824-e276-49ba-8af3-2a5d066159f3','e1ce3fd3-45c5-4871-b190-c8186f084874','47a2f778-93e0-47b7-9022-22a53dfccf7f','1996-08-19T00:00:00.000Z','1996-09-16T00:00:00.000Z','1996-08-27T00:00:00.000Z',76.560000000000002274,'Lehmanns Marktstand','Magazinweg 7','Frankfurt a.M.','60528','Germany');
INSERT INTO bd_bModel_transactional_Orders VALUES('79c74256-6c24-4b58-9d19-a194209621fd','2025-10-27T13:29:22.666Z','anonymous','2025-10-27T13:29:22.666Z','anonymous',10285,'QUICK',1,2,'51c05fae-6add-493a-8004-136d9ccc907e','c1bba1e1-76e2-4a34-bf6d-70644a453b86','717e80ba-169e-4387-9a76-f8a1c3191679','1996-08-20T00:00:00.000Z','1996-09-17T00:00:00.000Z','1996-08-26T00:00:00.000Z',76.829999999999998294,'QUICK-Stop','Taucherstraße 10','Cunewalde','01307','Germany');
INSERT INTO bd_bModel_transactional_Orders VALUES('30b641e0-25e5-4aeb-af6d-c826bcabc076','2025-10-27T13:29:22.666Z','anonymous','2025-10-27T13:29:22.666Z','anonymous',10286,'QUICK',8,3,'51c05fae-6add-493a-8004-136d9ccc907e','525274a2-db97-4f25-a9be-4a616f8f6ece','8ea627a0-40c9-4179-9859-ee8b8c5c0d24','1996-08-21T00:00:00.000Z','1996-09-18T00:00:00.000Z','1996-08-30T00:00:00.000Z',229.2400000000000091,'QUICK-Stop','Taucherstraße 10','Cunewalde','01307','Germany');
INSERT INTO bd_bModel_transactional_Orders VALUES('3fcbde18-9002-4971-9181-177eff9df44a','2025-10-27T13:29:22.666Z','anonymous','2025-10-27T13:29:22.666Z','anonymous',10287,'RICAR',8,3,'111831d0-5f11-4093-a444-2a9174c87de2','525274a2-db97-4f25-a9be-4a616f8f6ece','8ea627a0-40c9-4179-9859-ee8b8c5c0d24','1996-08-22T00:00:00.000Z','1996-09-19T00:00:00.000Z','1996-08-28T00:00:00.000Z',12.759999999999999786,'Ricardo Adocicados','Av. Copacabana, 267','Rio de Janeiro','02389-890','Brazil');
INSERT INTO bd_bModel_transactional_Orders VALUES('d1c791f4-ae44-4ce2-955e-ef24687172ec','2025-10-27T13:29:22.666Z','anonymous','2025-10-27T13:29:22.666Z','anonymous',10288,'REGGC',4,1,'4fb86114-f2c1-4394-a350-f74dcaed21c1','e1ce3fd3-45c5-4871-b190-c8186f084874','47a2f778-93e0-47b7-9022-22a53dfccf7f','1996-08-23T00:00:00.000Z','1996-09-20T00:00:00.000Z','1996-09-03T00:00:00.000Z',7.4500000000000001776,'Reggiani Caseifici','Strada Provinciale 124','Reggio Emilia','42100','Italy');
INSERT INTO bd_bModel_transactional_Orders VALUES('f8b1598c-260c-4049-b455-02d8d02b8c40','2025-10-27T13:29:22.666Z','anonymous','2025-10-27T13:29:22.666Z','anonymous',10289,'BSBEV',7,3,'aa7ab528-2717-4a19-ae65-7470dab007e7','22a4583d-6a94-4b0c-9b95-b655438758e9','8ea627a0-40c9-4179-9859-ee8b8c5c0d24','1996-08-26T00:00:00.000Z','1996-09-23T00:00:00.000Z','1996-08-28T00:00:00.000Z',22.769999999999999574,'B''s Beverages','Fauntleroy Circus','London','EC2 5NT','UK');
INSERT INTO bd_bModel_transactional_Orders VALUES('6160991f-f26b-40fe-8bb1-c18c375d15fd','2025-10-27T13:29:22.666Z','anonymous','2025-10-27T13:29:22.666Z','anonymous',10290,'COMMI',8,1,'4652b5b0-c83f-472c-b46c-c17640ff3bb9','525274a2-db97-4f25-a9be-4a616f8f6ece','47a2f778-93e0-47b7-9022-22a53dfccf7f','1996-08-27T00:00:00.000Z','1996-09-24T00:00:00.000Z','1996-09-03T00:00:00.000Z',79.700000000000002843,'Comércio Mineiro','Av. dos Lusíadas, 23','Sao Paulo','05432-043','Brazil');
INSERT INTO bd_bModel_transactional_Orders VALUES('ea2309b6-e330-4501-95da-21697211312d','2025-10-27T13:29:22.666Z','anonymous','2025-10-27T13:29:22.666Z','anonymous',10291,'QUEDE',6,2,'31653a1d-248f-4a2a-866d-9b58ec1fd4e4','5c76508f-9dd7-46da-aed3-566c64b1bd3f','717e80ba-169e-4387-9a76-f8a1c3191679','1996-08-27T00:00:00.000Z','1996-09-24T00:00:00.000Z','1996-09-04T00:00:00.000Z',6.4000000000000003552,'Que Delícia','Rua da Panificadora, 12','Rio de Janeiro','02389-673','Brazil');
INSERT INTO bd_bModel_transactional_Orders VALUES('85a6f6b6-9d7c-4686-a0af-41e6ef0a7e87','2025-10-27T13:29:22.666Z','anonymous','2025-10-27T13:29:22.666Z','anonymous',10292,'TRADH',1,2,'b8be027b-44d7-4270-aaf5-fe35c8f7839c','c1bba1e1-76e2-4a34-bf6d-70644a453b86','717e80ba-169e-4387-9a76-f8a1c3191679','1996-08-28T00:00:00.000Z','1996-09-25T00:00:00.000Z','1996-09-02T00:00:00.000Z',1.3500000000000000888,'Tradiçao Hipermercados','Av. Inês de Castro, 414','Sao Paulo','05634-030','Brazil');
INSERT INTO bd_bModel_transactional_Orders VALUES('7b841cae-9ff6-41b5-a5eb-46036d1e2636','2025-10-27T13:29:22.666Z','anonymous','2025-10-27T13:29:22.666Z','anonymous',10293,'TORTU',1,3,'2c68663e-386b-4e0d-9765-c6cb1b5d23aa','c1bba1e1-76e2-4a34-bf6d-70644a453b86','8ea627a0-40c9-4179-9859-ee8b8c5c0d24','1996-08-29T00:00:00.000Z','1996-09-26T00:00:00.000Z','1996-09-11T00:00:00.000Z',21.179999999999999716,'Tortuga Restaurante','Avda. Azteca 123','México D.F.','05033','Mexico');
INSERT INTO bd_bModel_transactional_Orders VALUES('34a94209-ae0f-4641-96dd-dd9673b438dd','2025-10-27T13:29:22.666Z','anonymous','2025-10-27T13:29:22.666Z','anonymous',10294,'RATTC',4,2,'f15eb348-98a3-4e0c-a427-060637e31d10','e1ce3fd3-45c5-4871-b190-c8186f084874','717e80ba-169e-4387-9a76-f8a1c3191679','1996-08-30T00:00:00.000Z','1996-09-27T00:00:00.000Z','1996-09-05T00:00:00.000Z',147.2599999999999909,'Rattlesnake Canyon Grocery','2817 Milton Dr.','Albuquerque','87110','USA');
INSERT INTO bd_bModel_transactional_Orders VALUES('ea3667fb-4509-4e3b-aaad-c90d47cbd3a8','2025-10-27T13:29:22.666Z','anonymous','2025-10-27T13:29:22.666Z','anonymous',10295,'VINET',2,2,'792afc76-d95e-4a47-9b7a-712e5602f883','d4beb5bb-e6d0-4717-bbd0-3460aad9de91','717e80ba-169e-4387-9a76-f8a1c3191679','1996-09-02T00:00:00.000Z','1996-09-30T00:00:00.000Z','1996-09-10T00:00:00.000Z',1.1499999999999999111,'Vins et alcools Chevalier','59 rue de l''Abbaye','Reims','51100','France');
INSERT INTO bd_bModel_transactional_Orders VALUES('d5e8f24e-c016-4396-be0a-fcfe5d58b39c','2025-10-27T13:29:22.666Z','anonymous','2025-10-27T13:29:22.666Z','anonymous',10296,'LILAS',6,1,'70daee43-9d99-4f69-8126-becf4e569ab0','5c76508f-9dd7-46da-aed3-566c64b1bd3f','47a2f778-93e0-47b7-9022-22a53dfccf7f','1996-09-03T00:00:00.000Z','1996-10-01T00:00:00.000Z','1996-09-11T00:00:00.000Z',0.11999999999999999555,'LILA-Supermercado','Carrera 52 con Ave. Bolívar #65-98 Llano Largo','Barquisimeto','3508','Venezuela');
INSERT INTO bd_bModel_transactional_Orders VALUES('1c5a9894-b0e2-4398-bc48-d69f4f924631','2025-10-27T13:29:22.666Z','anonymous','2025-10-27T13:29:22.666Z','anonymous',10297,'BLONP',5,2,'df34a75d-bf4f-4389-a45a-cc5479d42d1c','bc46806c-b2e3-4cfd-9833-54fe5b92edaf','717e80ba-169e-4387-9a76-f8a1c3191679','1996-09-04T00:00:00.000Z','1996-10-16T00:00:00.000Z','1996-09-10T00:00:00.000Z',5.7400000000000002131,'Blondel père et fils','24, place Kléber','Strasbourg','67000','France');
INSERT INTO bd_bModel_transactional_Orders VALUES('3e3ffca0-d1e7-4ebf-ab45-f62ba58346a0','2025-10-27T13:29:22.666Z','anonymous','2025-10-27T13:29:22.666Z','anonymous',10298,'HUNGO',6,2,'d8315cb2-7552-41bd-8a8b-dea2cbd89edb','5c76508f-9dd7-46da-aed3-566c64b1bd3f','717e80ba-169e-4387-9a76-f8a1c3191679','1996-09-05T00:00:00.000Z','1996-10-03T00:00:00.000Z','1996-09-11T00:00:00.000Z',168.21999999999999886,'Hungry Owl All-Night Grocers','8 Johnstown Road','Cork',NULL,'Ireland');
INSERT INTO bd_bModel_transactional_Orders VALUES('c5b24f8f-a33e-43d4-b6a8-1ef992c2ae3e','2025-10-27T13:29:22.666Z','anonymous','2025-10-27T13:29:22.666Z','anonymous',10299,'RICAR',4,2,'111831d0-5f11-4093-a444-2a9174c87de2','e1ce3fd3-45c5-4871-b190-c8186f084874','717e80ba-169e-4387-9a76-f8a1c3191679','1996-09-06T00:00:00.000Z','1996-10-04T00:00:00.000Z','1996-09-13T00:00:00.000Z',29.760000000000001563,'Ricardo Adocicados','Av. Copacabana, 267','Rio de Janeiro','02389-890','Brazil');
INSERT INTO bd_bModel_transactional_Orders VALUES('e09830ec-36e2-4601-92f5-23a601fbb9b4','2025-10-27T13:29:22.666Z','anonymous','2025-10-27T13:29:22.666Z','anonymous',10300,'MAGAA',2,2,'6fc459c5-8687-427d-bf1f-d672afcda46b','d4beb5bb-e6d0-4717-bbd0-3460aad9de91','717e80ba-169e-4387-9a76-f8a1c3191679','1996-09-09T00:00:00.000Z','1996-10-07T00:00:00.000Z','1996-09-18T00:00:00.000Z',17.679999999999999715,'Magazzini Alimentari Riuniti','Via Ludovico il Moro 22','Bergamo','24100','Italy');
INSERT INTO bd_bModel_transactional_Orders VALUES('b0599a43-f5b0-472e-9d88-014022446fa5','2025-10-27T13:29:22.666Z','anonymous','2025-10-27T13:29:22.666Z','anonymous',10301,'WANDK',8,2,'d5ca6dc2-b3a9-4b2b-8363-7eb610bac217','525274a2-db97-4f25-a9be-4a616f8f6ece','717e80ba-169e-4387-9a76-f8a1c3191679','1996-09-09T00:00:00.000Z','1996-10-07T00:00:00.000Z','1996-09-17T00:00:00.000Z',45.079999999999998292,'Die Wandernde Kuh','Adenauerallee 900','Stuttgart','70563','Germany');
INSERT INTO bd_bModel_transactional_Orders VALUES('fd6ea723-6e8f-4c5a-b95a-87643e6cdc7d','2025-10-27T13:29:22.666Z','anonymous','2025-10-27T13:29:22.666Z','anonymous',10302,'SUPRD',4,2,'39918438-bf9c-46fa-abda-686d2aef46fd','e1ce3fd3-45c5-4871-b190-c8186f084874','717e80ba-169e-4387-9a76-f8a1c3191679','1996-09-10T00:00:00.000Z','1996-10-08T00:00:00.000Z','1996-10-09T00:00:00.000Z',6.2699999999999995736,'Suprêmes délices','Boulevard Tirou, 255','Charleroi','B-6000','Belgium');
INSERT INTO bd_bModel_transactional_Orders VALUES('682471b2-320f-4d0b-ba58-9a092ebc2255','2025-10-27T13:29:22.666Z','anonymous','2025-10-27T13:29:22.666Z','anonymous',10303,'GODOS',7,2,'64152471-66bb-4c16-9e59-a54bac923491','22a4583d-6a94-4b0c-9b95-b655438758e9','717e80ba-169e-4387-9a76-f8a1c3191679','1996-09-11T00:00:00.000Z','1996-10-09T00:00:00.000Z','1996-09-18T00:00:00.000Z',107.82999999999999828,'Godos Cocina Típica','C/ Romero, 33','Sevilla','41101','Spain');
INSERT INTO bd_bModel_transactional_Orders VALUES('1a515278-711e-492d-9156-3bd574f30a7c','2025-10-27T13:29:22.666Z','anonymous','2025-10-27T13:29:22.666Z','anonymous',10304,'TORTU',1,2,'2c68663e-386b-4e0d-9765-c6cb1b5d23aa','c1bba1e1-76e2-4a34-bf6d-70644a453b86','717e80ba-169e-4387-9a76-f8a1c3191679','1996-09-12T00:00:00.000Z','1996-10-10T00:00:00.000Z','1996-09-17T00:00:00.000Z',63.789999999999999146,'Tortuga Restaurante','Avda. Azteca 123','México D.F.','05033','Mexico');
INSERT INTO bd_bModel_transactional_Orders VALUES('8c902c87-692e-4718-bd91-75374b5679e3','2025-10-27T13:29:22.666Z','anonymous','2025-10-27T13:29:22.666Z','anonymous',10305,'OLDWO',8,3,'d428d4e0-7bea-4cf9-a9c2-e917a2849b9b','525274a2-db97-4f25-a9be-4a616f8f6ece','8ea627a0-40c9-4179-9859-ee8b8c5c0d24','1996-09-13T00:00:00.000Z','1996-10-11T00:00:00.000Z','1996-10-09T00:00:00.000Z',257.62000000000000454,'Old World Delicatessen','2743 Bering St.','Anchorage','99508','USA');
INSERT INTO bd_bModel_transactional_Orders VALUES('763dc0ce-233f-44a6-89af-1c470cc0c1f6','2025-10-27T13:29:22.666Z','anonymous','2025-10-27T13:29:22.666Z','anonymous',10306,'ROMEY',1,3,'512e9b43-6578-44a0-91de-07f196560672','c1bba1e1-76e2-4a34-bf6d-70644a453b86','8ea627a0-40c9-4179-9859-ee8b8c5c0d24','1996-09-16T00:00:00.000Z','1996-10-14T00:00:00.000Z','1996-09-23T00:00:00.000Z',7.5599999999999996092,'Romero y tomillo','Gran Vía, 1','Madrid','28001','Spain');
INSERT INTO bd_bModel_transactional_Orders VALUES('4908aa8c-f8a0-4d94-9f03-c252378cffe8','2025-10-27T13:29:22.666Z','anonymous','2025-10-27T13:29:22.666Z','anonymous',10307,'LONEP',2,2,'9384536e-c849-432d-9ffd-dd0a5022407b','d4beb5bb-e6d0-4717-bbd0-3460aad9de91','717e80ba-169e-4387-9a76-f8a1c3191679','1996-09-17T00:00:00.000Z','1996-10-15T00:00:00.000Z','1996-09-25T00:00:00.000Z',0.56000000000000005329,'Lonesome Pine Restaurant','89 Chiaroscuro Rd.','Portland','97219','USA');
INSERT INTO bd_bModel_transactional_Orders VALUES('57a0fe78-ab6d-4042-a0f2-f1d75b2cd295','2025-10-27T13:29:22.666Z','anonymous','2025-10-27T13:29:22.666Z','anonymous',10308,'ANATR',7,3,'48e9de26-f527-4890-9870-68e490a085ce','22a4583d-6a94-4b0c-9b95-b655438758e9','8ea627a0-40c9-4179-9859-ee8b8c5c0d24','1996-09-18T00:00:00.000Z','1996-10-16T00:00:00.000Z','1996-09-24T00:00:00.000Z',1.6100000000000000976,'Ana Trujillo Emparedados y helados','Avda. de la Constitución 2222','México D.F.','05021','Mexico');
INSERT INTO bd_bModel_transactional_Orders VALUES('6f887446-3d49-4d77-8d37-e859b5e2c183','2025-10-27T13:29:22.666Z','anonymous','2025-10-27T13:29:22.666Z','anonymous',10309,'HUNGO',3,1,'d8315cb2-7552-41bd-8a8b-dea2cbd89edb','2c592581-ef22-4041-9d96-c6cfcd855b4b','47a2f778-93e0-47b7-9022-22a53dfccf7f','1996-09-19T00:00:00.000Z','1996-10-17T00:00:00.000Z','1996-10-23T00:00:00.000Z',47.299999999999997159,'Hungry Owl All-Night Grocers','8 Johnstown Road','Cork',NULL,'Ireland');
INSERT INTO bd_bModel_transactional_Orders VALUES('b3653140-c08c-4f00-b7e7-b19a354effbe','2025-10-27T13:29:22.666Z','anonymous','2025-10-27T13:29:22.666Z','anonymous',10310,'THEBI',8,2,'96574316-da36-43ff-9254-dfa2e0241117','525274a2-db97-4f25-a9be-4a616f8f6ece','717e80ba-169e-4387-9a76-f8a1c3191679','1996-09-20T00:00:00.000Z','1996-10-18T00:00:00.000Z','1996-09-27T00:00:00.000Z',17.519999999999999573,'The Big Cheese','89 Jefferson Way Suite 2','Portland','97201','USA');
INSERT INTO bd_bModel_transactional_Orders VALUES('931a0c8b-61e8-4b22-afdf-e8018d0f1812','2025-10-27T13:29:22.666Z','anonymous','2025-10-27T13:29:22.666Z','anonymous',10311,'DUMON',1,3,'1e3608cc-f0f8-4dc5-b459-e8d69634dcd3','c1bba1e1-76e2-4a34-bf6d-70644a453b86','8ea627a0-40c9-4179-9859-ee8b8c5c0d24','1996-09-20T00:00:00.000Z','1996-10-04T00:00:00.000Z','1996-09-26T00:00:00.000Z',24.690000000000001279,'Du monde entier','67, rue des Cinquante Otages','Nantes','44000','France');
INSERT INTO bd_bModel_transactional_Orders VALUES('df987e56-6fa8-4ce4-9a78-5c523680119c','2025-10-27T13:29:22.666Z','anonymous','2025-10-27T13:29:22.666Z','anonymous',10312,'WANDK',2,2,'d5ca6dc2-b3a9-4b2b-8363-7eb610bac217','d4beb5bb-e6d0-4717-bbd0-3460aad9de91','717e80ba-169e-4387-9a76-f8a1c3191679','1996-09-23T00:00:00.000Z','1996-10-21T00:00:00.000Z','1996-10-03T00:00:00.000Z',40.25999999999999801,'Die Wandernde Kuh','Adenauerallee 900','Stuttgart','70563','Germany');
INSERT INTO bd_bModel_transactional_Orders VALUES('c90e6877-981d-4e09-a388-664bedfc5db9','2025-10-27T13:29:22.666Z','anonymous','2025-10-27T13:29:22.666Z','anonymous',10313,'QUICK',2,2,'51c05fae-6add-493a-8004-136d9ccc907e','d4beb5bb-e6d0-4717-bbd0-3460aad9de91','717e80ba-169e-4387-9a76-f8a1c3191679','1996-09-24T00:00:00.000Z','1996-10-22T00:00:00.000Z','1996-10-04T00:00:00.000Z',1.9599999999999999644,'QUICK-Stop','Taucherstraße 10','Cunewalde','01307','Germany');
INSERT INTO bd_bModel_transactional_Orders VALUES('8b957ead-3f85-48a0-9ab1-bf887f56283d','2025-10-27T13:29:22.666Z','anonymous','2025-10-27T13:29:22.666Z','anonymous',10314,'RATTC',1,2,'f15eb348-98a3-4e0c-a427-060637e31d10','c1bba1e1-76e2-4a34-bf6d-70644a453b86','717e80ba-169e-4387-9a76-f8a1c3191679','1996-09-25T00:00:00.000Z','1996-10-23T00:00:00.000Z','1996-10-04T00:00:00.000Z',74.159999999999996591,'Rattlesnake Canyon Grocery','2817 Milton Dr.','Albuquerque','87110','USA');
INSERT INTO bd_bModel_transactional_Orders VALUES('cbdc5e1f-e158-4a03-ba38-9894ab485a36','2025-10-27T13:29:22.666Z','anonymous','2025-10-27T13:29:22.666Z','anonymous',10315,'ISLAT',4,2,'5c367a89-27ca-4d02-8c44-81c3ef29e611','e1ce3fd3-45c5-4871-b190-c8186f084874','717e80ba-169e-4387-9a76-f8a1c3191679','1996-09-26T00:00:00.000Z','1996-10-24T00:00:00.000Z','1996-10-03T00:00:00.000Z',41.759999999999998011,'Island Trading','Garden House Crowther Way','Cowes','PO31 7PJ','UK');
INSERT INTO bd_bModel_transactional_Orders VALUES('5c04e786-159a-4f60-84b8-4d9e80ff84ab','2025-10-27T13:29:22.666Z','anonymous','2025-10-27T13:29:22.666Z','anonymous',10316,'RATTC',1,3,'f15eb348-98a3-4e0c-a427-060637e31d10','c1bba1e1-76e2-4a34-bf6d-70644a453b86','8ea627a0-40c9-4179-9859-ee8b8c5c0d24','1996-09-27T00:00:00.000Z','1996-10-25T00:00:00.000Z','1996-10-08T00:00:00.000Z',150.15000000000000568,'Rattlesnake Canyon Grocery','2817 Milton Dr.','Albuquerque','87110','USA');
INSERT INTO bd_bModel_transactional_Orders VALUES('746bdc95-b26f-42d3-92a2-bfad5d938ba9','2025-10-27T13:29:22.666Z','anonymous','2025-10-27T13:29:22.666Z','anonymous',10317,'LONEP',6,1,'9384536e-c849-432d-9ffd-dd0a5022407b','5c76508f-9dd7-46da-aed3-566c64b1bd3f','47a2f778-93e0-47b7-9022-22a53dfccf7f','1996-09-30T00:00:00.000Z','1996-10-28T00:00:00.000Z','1996-10-10T00:00:00.000Z',12.689999999999999503,'Lonesome Pine Restaurant','89 Chiaroscuro Rd.','Portland','97219','USA');
INSERT INTO bd_bModel_transactional_Orders VALUES('8b742d1e-eda4-4a3e-9fc0-c41622271bfb','2025-10-27T13:29:22.666Z','anonymous','2025-10-27T13:29:22.666Z','anonymous',10318,'ISLAT',8,2,'5c367a89-27ca-4d02-8c44-81c3ef29e611','525274a2-db97-4f25-a9be-4a616f8f6ece','717e80ba-169e-4387-9a76-f8a1c3191679','1996-10-01T00:00:00.000Z','1996-10-29T00:00:00.000Z','1996-10-04T00:00:00.000Z',4.7300000000000004263,'Island Trading','Garden House Crowther Way','Cowes','PO31 7PJ','UK');
INSERT INTO bd_bModel_transactional_Orders VALUES('3414b25d-ea8b-424d-b5d7-ce976e9efa06','2025-10-27T13:29:22.666Z','anonymous','2025-10-27T13:29:22.666Z','anonymous',10319,'TORTU',7,3,'2c68663e-386b-4e0d-9765-c6cb1b5d23aa','22a4583d-6a94-4b0c-9b95-b655438758e9','8ea627a0-40c9-4179-9859-ee8b8c5c0d24','1996-10-02T00:00:00.000Z','1996-10-30T00:00:00.000Z','1996-10-11T00:00:00.000Z',64.499999999999999998,'Tortuga Restaurante','Avda. Azteca 123','México D.F.','05033','Mexico');
INSERT INTO bd_bModel_transactional_Orders VALUES('a625bf8a-60f3-4aee-b51a-d245604da956','2025-10-27T13:29:22.666Z','anonymous','2025-10-27T13:29:22.666Z','anonymous',10320,'WARTH',5,3,'10b828f9-beff-4a2c-bf3e-d497bb0345f7','bc46806c-b2e3-4cfd-9833-54fe5b92edaf','8ea627a0-40c9-4179-9859-ee8b8c5c0d24','1996-10-03T00:00:00.000Z','1996-10-17T00:00:00.000Z','1996-10-18T00:00:00.000Z',34.570000000000000283,'Wartian Herkku','Torikatu 38','Oulu','90110','Finland');
INSERT INTO bd_bModel_transactional_Orders VALUES('85dccdb6-748c-456f-921c-36b0ebd22ebf','2025-10-27T13:29:22.666Z','anonymous','2025-10-27T13:29:22.666Z','anonymous',10321,'ISLAT',3,2,'5c367a89-27ca-4d02-8c44-81c3ef29e611','2c592581-ef22-4041-9d96-c6cfcd855b4b','717e80ba-169e-4387-9a76-f8a1c3191679','1996-10-03T00:00:00.000Z','1996-10-31T00:00:00.000Z','1996-10-11T00:00:00.000Z',3.4300000000000001598,'Island Trading','Garden House Crowther Way','Cowes','PO31 7PJ','UK');
INSERT INTO bd_bModel_transactional_Orders VALUES('0192f8ca-d470-43c6-b0ce-c8063830b4d2','2025-10-27T13:29:22.666Z','anonymous','2025-10-27T13:29:22.666Z','anonymous',10322,'PERIC',7,3,'e8022fe7-003c-42e4-aacb-7b9ac60b95d9','22a4583d-6a94-4b0c-9b95-b655438758e9','8ea627a0-40c9-4179-9859-ee8b8c5c0d24','1996-10-04T00:00:00.000Z','1996-11-01T00:00:00.000Z','1996-10-23T00:00:00.000Z',0.4000000000000000222,'Pericles Comidas clásicas','Calle Dr. Jorge Cash 321','México D.F.','05033','Mexico');
INSERT INTO bd_bModel_transactional_Orders VALUES('21bfdf4d-a236-4cf1-afd8-d1ce16a37450','2025-10-27T13:29:22.666Z','anonymous','2025-10-27T13:29:22.666Z','anonymous',10323,'KOENE',4,1,'43bff302-ddb9-4581-9227-83888fdb8fae','e1ce3fd3-45c5-4871-b190-c8186f084874','47a2f778-93e0-47b7-9022-22a53dfccf7f','1996-10-07T00:00:00.000Z','1996-11-04T00:00:00.000Z','1996-10-14T00:00:00.000Z',4.8799999999999998934,'Königlich Essen','Maubelstr. 90','Brandenburg','14776','Germany');
INSERT INTO bd_bModel_transactional_Orders VALUES('8ad4d358-dca7-496c-8131-d9517226c30c','2025-10-27T13:29:22.666Z','anonymous','2025-10-27T13:29:22.666Z','anonymous',10324,'SAVEA',9,1,'eb78fe32-6e61-4d63-a6f5-dc86c0326e24','8f73e309-98dc-47ba-9544-3e549fe30f62','47a2f778-93e0-47b7-9022-22a53dfccf7f','1996-10-08T00:00:00.000Z','1996-11-05T00:00:00.000Z','1996-10-10T00:00:00.000Z',214.27000000000001023,'Save-a-lot Markets','187 Suffolk Ln.','Boise','83720','USA');
INSERT INTO bd_bModel_transactional_Orders VALUES('250fdef8-cd03-4651-a081-5863776ee339','2025-10-27T13:29:22.666Z','anonymous','2025-10-27T13:29:22.666Z','anonymous',10325,'KOENE',1,3,'43bff302-ddb9-4581-9227-83888fdb8fae','c1bba1e1-76e2-4a34-bf6d-70644a453b86','8ea627a0-40c9-4179-9859-ee8b8c5c0d24','1996-10-09T00:00:00.000Z','1996-10-23T00:00:00.000Z','1996-10-14T00:00:00.000Z',64.859999999999999433,'Königlich Essen','Maubelstr. 90','Brandenburg','14776','Germany');
INSERT INTO bd_bModel_transactional_Orders VALUES('5e2c7460-bbb3-4ec6-b9d1-a194576eb44a','2025-10-27T13:29:22.666Z','anonymous','2025-10-27T13:29:22.666Z','anonymous',10326,'BOLID',4,2,'fe845d20-24e0-41f7-9648-ba1e2a23658d','e1ce3fd3-45c5-4871-b190-c8186f084874','717e80ba-169e-4387-9a76-f8a1c3191679','1996-10-10T00:00:00.000Z','1996-11-07T00:00:00.000Z','1996-10-14T00:00:00.000Z',77.920000000000001704,'Bólido Comidas preparadas','C/ Araquil, 67','Madrid','28023','Spain');
INSERT INTO bd_bModel_transactional_Orders VALUES('2f713742-4f89-4bf6-8c3b-8fa62738027d','2025-10-27T13:29:22.666Z','anonymous','2025-10-27T13:29:22.666Z','anonymous',10327,'FOLKO',2,1,'30abbb3a-fb62-4b16-b095-7b9c4a10c508','d4beb5bb-e6d0-4717-bbd0-3460aad9de91','47a2f778-93e0-47b7-9022-22a53dfccf7f','1996-10-11T00:00:00.000Z','1996-11-08T00:00:00.000Z','1996-10-14T00:00:00.000Z',63.359999999999999432,'Folk och fä HB','Åkergatan 24','Bräcke','S-844 67','Sweden');
INSERT INTO bd_bModel_transactional_Orders VALUES('c4f25272-b5b1-4989-9e7e-35188fe01306','2025-10-27T13:29:22.666Z','anonymous','2025-10-27T13:29:22.666Z','anonymous',10328,'FURIB',4,3,'27e92bb0-2f0a-4cd1-9376-0ad940b78637','e1ce3fd3-45c5-4871-b190-c8186f084874','8ea627a0-40c9-4179-9859-ee8b8c5c0d24','1996-10-14T00:00:00.000Z','1996-11-11T00:00:00.000Z','1996-10-17T00:00:00.000Z',87.030000000000001135,'Furia Bacalhau e Frutos do Mar','Jardim das rosas n. 32','Lisboa','1675','Portugal');
INSERT INTO bd_bModel_transactional_Orders VALUES('83088e1e-90f7-4153-9762-0da573db31d2','2025-10-27T13:29:22.666Z','anonymous','2025-10-27T13:29:22.666Z','anonymous',10329,'SPLIR',4,2,'03175c2e-8a31-4f78-9feb-c5751e0c432d','e1ce3fd3-45c5-4871-b190-c8186f084874','717e80ba-169e-4387-9a76-f8a1c3191679','1996-10-15T00:00:00.000Z','1996-11-26T00:00:00.000Z','1996-10-23T00:00:00.000Z',191.6699999999999875,'Split Rail Beer & Ale','P.O. Box 555','Lander','82520','USA');
INSERT INTO bd_bModel_transactional_Orders VALUES('417133c1-8ab8-49d5-a728-5009869b8f14','2025-10-27T13:29:22.666Z','anonymous','2025-10-27T13:29:22.666Z','anonymous',10330,'LILAS',3,1,'70daee43-9d99-4f69-8126-becf4e569ab0','2c592581-ef22-4041-9d96-c6cfcd855b4b','47a2f778-93e0-47b7-9022-22a53dfccf7f','1996-10-16T00:00:00.000Z','1996-11-13T00:00:00.000Z','1996-10-28T00:00:00.000Z',12.749999999999999999,'LILA-Supermercado','Carrera 52 con Ave. Bolívar #65-98 Llano Largo','Barquisimeto','3508','Venezuela');
INSERT INTO bd_bModel_transactional_Orders VALUES('653cfb15-a2bf-4245-b5a4-b731814dd108','2025-10-27T13:29:22.666Z','anonymous','2025-10-27T13:29:22.666Z','anonymous',10331,'BONAP',9,1,'44ee63ca-f003-43d3-80d6-0c497ee096b5','8f73e309-98dc-47ba-9544-3e549fe30f62','47a2f778-93e0-47b7-9022-22a53dfccf7f','1996-10-16T00:00:00.000Z','1996-11-27T00:00:00.000Z','1996-10-21T00:00:00.000Z',10.189999999999999503,'Bon app''','12, rue des Bouchers','Marseille','13008','France');
INSERT INTO bd_bModel_transactional_Orders VALUES('975d04e8-9786-4030-8cbf-29538e86b78a','2025-10-27T13:29:22.666Z','anonymous','2025-10-27T13:29:22.666Z','anonymous',10332,'MEREP',3,2,'22f69c37-9a06-4c7b-bce3-851b6670084f','2c592581-ef22-4041-9d96-c6cfcd855b4b','717e80ba-169e-4387-9a76-f8a1c3191679','1996-10-17T00:00:00.000Z','1996-11-28T00:00:00.000Z','1996-10-21T00:00:00.000Z',52.840000000000003411,'Mère Paillarde','43 rue St. Laurent','Montréal','H1J 1C3','Canada');
INSERT INTO bd_bModel_transactional_Orders VALUES('3a587efc-3214-440f-aeb8-fc9f1044f59c','2025-10-27T13:29:22.666Z','anonymous','2025-10-27T13:29:22.666Z','anonymous',10333,'WARTH',5,3,'10b828f9-beff-4a2c-bf3e-d497bb0345f7','bc46806c-b2e3-4cfd-9833-54fe5b92edaf','8ea627a0-40c9-4179-9859-ee8b8c5c0d24','1996-10-18T00:00:00.000Z','1996-11-15T00:00:00.000Z','1996-10-25T00:00:00.000Z',0.58999999999999996891,'Wartian Herkku','Torikatu 38','Oulu','90110','Finland');
INSERT INTO bd_bModel_transactional_Orders VALUES('57df2048-0a15-4e61-b143-98ffc56e7804','2025-10-27T13:29:22.666Z','anonymous','2025-10-27T13:29:22.666Z','anonymous',10334,'VICTE',8,2,'4dd72d67-5590-4969-a3d1-450714fb8027','525274a2-db97-4f25-a9be-4a616f8f6ece','717e80ba-169e-4387-9a76-f8a1c3191679','1996-10-21T00:00:00.000Z','1996-11-18T00:00:00.000Z','1996-10-28T00:00:00.000Z',8.5600000000000004973,'Victuailles en stock','2, rue du Commerce','Lyon','69004','France');
INSERT INTO bd_bModel_transactional_Orders VALUES('223aa29b-e54c-4e14-ab66-758162cf4224','2025-10-27T13:29:22.666Z','anonymous','2025-10-27T13:29:22.666Z','anonymous',10335,'HUNGO',7,2,'d8315cb2-7552-41bd-8a8b-dea2cbd89edb','22a4583d-6a94-4b0c-9b95-b655438758e9','717e80ba-169e-4387-9a76-f8a1c3191679','1996-10-22T00:00:00.000Z','1996-11-19T00:00:00.000Z','1996-10-24T00:00:00.000Z',42.109999999999999432,'Hungry Owl All-Night Grocers','8 Johnstown Road','Cork',NULL,'Ireland');
INSERT INTO bd_bModel_transactional_Orders VALUES('ac328093-76c1-46a3-85c8-772e4e7d2d2f','2025-10-27T13:29:22.666Z','anonymous','2025-10-27T13:29:22.666Z','anonymous',10336,'PRINI',7,2,'1ee53ed2-88fc-4d80-aa99-c02fbf171661','22a4583d-6a94-4b0c-9b95-b655438758e9','717e80ba-169e-4387-9a76-f8a1c3191679','1996-10-23T00:00:00.000Z','1996-11-20T00:00:00.000Z','1996-10-25T00:00:00.000Z',15.509999999999999787,'Princesa Isabel Vinhos','Estrada da saúde n. 58','Lisboa','1756','Portugal');
INSERT INTO bd_bModel_transactional_Orders VALUES('dee08946-7167-4f35-a53d-6520d039112e','2025-10-27T13:29:22.666Z','anonymous','2025-10-27T13:29:22.666Z','anonymous',10337,'FRANK',4,3,'20714b84-ad79-4cfd-8493-abb0d0559352','e1ce3fd3-45c5-4871-b190-c8186f084874','8ea627a0-40c9-4179-9859-ee8b8c5c0d24','1996-10-24T00:00:00.000Z','1996-11-21T00:00:00.000Z','1996-10-29T00:00:00.000Z',108.26000000000000512,'Frankenversand','Berliner Platz 43','München','80805','Germany');
INSERT INTO bd_bModel_transactional_Orders VALUES('bb61354f-0739-4b03-be9d-f8e9d7e5fa8d','2025-10-27T13:29:22.666Z','anonymous','2025-10-27T13:29:22.666Z','anonymous',10338,'OLDWO',4,3,'d428d4e0-7bea-4cf9-a9c2-e917a2849b9b','e1ce3fd3-45c5-4871-b190-c8186f084874','8ea627a0-40c9-4179-9859-ee8b8c5c0d24','1996-10-25T00:00:00.000Z','1996-11-22T00:00:00.000Z','1996-10-29T00:00:00.000Z',84.209999999999993747,'Old World Delicatessen','2743 Bering St.','Anchorage','99508','USA');
INSERT INTO bd_bModel_transactional_Orders VALUES('ac55a9ee-c818-4aa0-9420-200a47056f57','2025-10-27T13:29:22.666Z','anonymous','2025-10-27T13:29:22.666Z','anonymous',10339,'MEREP',2,2,'22f69c37-9a06-4c7b-bce3-851b6670084f','d4beb5bb-e6d0-4717-bbd0-3460aad9de91','717e80ba-169e-4387-9a76-f8a1c3191679','1996-10-28T00:00:00.000Z','1996-11-25T00:00:00.000Z','1996-11-04T00:00:00.000Z',15.660000000000000141,'Mère Paillarde','43 rue St. Laurent','Montréal','H1J 1C3','Canada');
INSERT INTO bd_bModel_transactional_Orders VALUES('fa5fc753-dfeb-4615-9685-53e51afba273','2025-10-27T13:29:22.666Z','anonymous','2025-10-27T13:29:22.666Z','anonymous',10340,'BONAP',1,3,'44ee63ca-f003-43d3-80d6-0c497ee096b5','c1bba1e1-76e2-4a34-bf6d-70644a453b86','8ea627a0-40c9-4179-9859-ee8b8c5c0d24','1996-10-29T00:00:00.000Z','1996-11-26T00:00:00.000Z','1996-11-08T00:00:00.000Z',166.31000000000000227,'Bon app''','12, rue des Bouchers','Marseille','13008','France');
INSERT INTO bd_bModel_transactional_Orders VALUES('5c858ab1-f797-4835-87bd-3777440ad56e','2025-10-27T13:29:22.666Z','anonymous','2025-10-27T13:29:22.666Z','anonymous',10341,'SIMOB',7,3,'21f718d9-5158-4f42-b3dd-198708794aa0','22a4583d-6a94-4b0c-9b95-b655438758e9','8ea627a0-40c9-4179-9859-ee8b8c5c0d24','1996-10-29T00:00:00.000Z','1996-11-26T00:00:00.000Z','1996-11-05T00:00:00.000Z',26.780000000000001136,'Simons bistro','Vinbæltet 34','Kobenhavn','1734','Denmark');
INSERT INTO bd_bModel_transactional_Orders VALUES('49d8f3f0-7ef3-496d-90dd-be1ab73a0a0a','2025-10-27T13:29:22.666Z','anonymous','2025-10-27T13:29:22.666Z','anonymous',10342,'FRANK',4,2,'20714b84-ad79-4cfd-8493-abb0d0559352','e1ce3fd3-45c5-4871-b190-c8186f084874','717e80ba-169e-4387-9a76-f8a1c3191679','1996-10-30T00:00:00.000Z','1996-11-13T00:00:00.000Z','1996-11-04T00:00:00.000Z',54.829999999999998296,'Frankenversand','Berliner Platz 43','München','80805','Germany');
INSERT INTO bd_bModel_transactional_Orders VALUES('f49639e7-ede7-4c27-a092-3c39484fa17e','2025-10-27T13:29:22.666Z','anonymous','2025-10-27T13:29:22.666Z','anonymous',10343,'LEHMS',4,1,'e2409824-e276-49ba-8af3-2a5d066159f3','e1ce3fd3-45c5-4871-b190-c8186f084874','47a2f778-93e0-47b7-9022-22a53dfccf7f','1996-10-31T00:00:00.000Z','1996-11-28T00:00:00.000Z','1996-11-06T00:00:00.000Z',110.37000000000000455,'Lehmanns Marktstand','Magazinweg 7','Frankfurt a.M.','60528','Germany');
INSERT INTO bd_bModel_transactional_Orders VALUES('e19d5852-ac95-41a8-9961-f430568d0e41','2025-10-27T13:29:22.666Z','anonymous','2025-10-27T13:29:22.666Z','anonymous',10344,'WHITC',4,2,'7beb0322-4651-4e21-9c3d-9e367f5eae19','e1ce3fd3-45c5-4871-b190-c8186f084874','717e80ba-169e-4387-9a76-f8a1c3191679','1996-11-01T00:00:00.000Z','1996-11-29T00:00:00.000Z','1996-11-05T00:00:00.000Z',23.289999999999999146,'White Clover Markets','1029 - 12th Ave. S.','Seattle','98124','USA');
INSERT INTO bd_bModel_transactional_Orders VALUES('a36c79ee-4cfe-475e-bc19-07545a83498f','2025-10-27T13:29:22.666Z','anonymous','2025-10-27T13:29:22.666Z','anonymous',10345,'QUICK',2,2,'51c05fae-6add-493a-8004-136d9ccc907e','d4beb5bb-e6d0-4717-bbd0-3460aad9de91','717e80ba-169e-4387-9a76-f8a1c3191679','1996-11-04T00:00:00.000Z','1996-12-02T00:00:00.000Z','1996-11-11T00:00:00.000Z',249.06000000000000228,'QUICK-Stop','Taucherstraße 10','Cunewalde','01307','Germany');
INSERT INTO bd_bModel_transactional_Orders VALUES('246626c9-1462-4c9e-be3e-b9bebdb23ee8','2025-10-27T13:29:22.666Z','anonymous','2025-10-27T13:29:22.666Z','anonymous',10346,'RATTC',3,3,'f15eb348-98a3-4e0c-a427-060637e31d10','2c592581-ef22-4041-9d96-c6cfcd855b4b','8ea627a0-40c9-4179-9859-ee8b8c5c0d24','1996-11-05T00:00:00.000Z','1996-12-17T00:00:00.000Z','1996-11-08T00:00:00.000Z',142.08000000000001249,'Rattlesnake Canyon Grocery','2817 Milton Dr.','Albuquerque','87110','USA');
INSERT INTO bd_bModel_transactional_Orders VALUES('8a54cedd-c3fc-4859-8429-e2557ccc427c','2025-10-27T13:29:22.666Z','anonymous','2025-10-27T13:29:22.666Z','anonymous',10347,'FAMIA',4,3,'c9e89b0b-d0d7-4892-be53-1784bb0ade0f','e1ce3fd3-45c5-4871-b190-c8186f084874','8ea627a0-40c9-4179-9859-ee8b8c5c0d24','1996-11-06T00:00:00.000Z','1996-12-04T00:00:00.000Z','1996-11-08T00:00:00.000Z',3.1000000000000000888,'Familia Arquibaldo','Rua Orós, 92','Sao Paulo','05442-030','Brazil');
INSERT INTO bd_bModel_transactional_Orders VALUES('79d26686-ae1a-4574-bb49-dae0d8d15aff','2025-10-27T13:29:22.666Z','anonymous','2025-10-27T13:29:22.666Z','anonymous',10348,'WANDK',4,2,'d5ca6dc2-b3a9-4b2b-8363-7eb610bac217','e1ce3fd3-45c5-4871-b190-c8186f084874','717e80ba-169e-4387-9a76-f8a1c3191679','1996-11-07T00:00:00.000Z','1996-12-05T00:00:00.000Z','1996-11-15T00:00:00.000Z',0.78000000000000002664,'Die Wandernde Kuh','Adenauerallee 900','Stuttgart','70563','Germany');
INSERT INTO bd_bModel_transactional_Orders VALUES('716c4687-bfff-47a6-96a8-271d3dfca653','2025-10-27T13:29:22.666Z','anonymous','2025-10-27T13:29:22.666Z','anonymous',10349,'SPLIR',7,1,'03175c2e-8a31-4f78-9feb-c5751e0c432d','22a4583d-6a94-4b0c-9b95-b655438758e9','47a2f778-93e0-47b7-9022-22a53dfccf7f','1996-11-08T00:00:00.000Z','1996-12-06T00:00:00.000Z','1996-11-15T00:00:00.000Z',8.6300000000000007815,'Split Rail Beer & Ale','P.O. Box 555','Lander','82520','USA');
INSERT INTO bd_bModel_transactional_Orders VALUES('0f0a2c20-a313-4aea-88b1-710e978b7919','2025-10-27T13:29:22.666Z','anonymous','2025-10-27T13:29:22.666Z','anonymous',10350,'LAMAI',6,2,'9fafe09d-cebf-4600-a036-55ec6972e2ae','5c76508f-9dd7-46da-aed3-566c64b1bd3f','717e80ba-169e-4387-9a76-f8a1c3191679','1996-11-11T00:00:00.000Z','1996-12-09T00:00:00.000Z','1996-12-03T00:00:00.000Z',64.189999999999997727,'La maison d''Asie','1 rue Alsace-Lorraine','Toulouse','31000','France');
INSERT INTO bd_bModel_transactional_Orders VALUES('a7232bd1-802d-4405-afd1-0b12eea1525b','2025-10-27T13:29:22.666Z','anonymous','2025-10-27T13:29:22.666Z','anonymous',10351,'ERNSH',1,1,'be963b74-101a-4d7c-99f4-0f772c578f0b','c1bba1e1-76e2-4a34-bf6d-70644a453b86','47a2f778-93e0-47b7-9022-22a53dfccf7f','1996-11-11T00:00:00.000Z','1996-12-09T00:00:00.000Z','1996-11-20T00:00:00.000Z',162.33000000000001251,'Ernst Handel','Kirchgasse 6','Graz','8010','Austria');
INSERT INTO bd_bModel_transactional_Orders VALUES('1d0c95b0-8c94-48f4-8cc8-db4d55f5a679','2025-10-27T13:29:22.666Z','anonymous','2025-10-27T13:29:22.666Z','anonymous',10352,'FURIB',3,3,'27e92bb0-2f0a-4cd1-9376-0ad940b78637','2c592581-ef22-4041-9d96-c6cfcd855b4b','8ea627a0-40c9-4179-9859-ee8b8c5c0d24','1996-11-12T00:00:00.000Z','1996-11-26T00:00:00.000Z','1996-11-18T00:00:00.000Z',1.3000000000000000444,'Furia Bacalhau e Frutos do Mar','Jardim das rosas n. 32','Lisboa','1675','Portugal');
INSERT INTO bd_bModel_transactional_Orders VALUES('143b5780-5e57-44cb-b522-6c0b2b6f521a','2025-10-27T13:29:22.666Z','anonymous','2025-10-27T13:29:22.666Z','anonymous',10353,'PICCO',7,3,'a1d8b40c-fb4e-4788-89bd-d421f0aad160','22a4583d-6a94-4b0c-9b95-b655438758e9','8ea627a0-40c9-4179-9859-ee8b8c5c0d24','1996-11-13T00:00:00.000Z','1996-12-11T00:00:00.000Z','1996-11-25T00:00:00.000Z',360.62999999999999544,'Piccolo und mehr','Geislweg 14','Salzburg','5020','Austria');
INSERT INTO bd_bModel_transactional_Orders VALUES('0890c7fe-3ff1-40a7-a983-d00d1cbb76ce','2025-10-27T13:29:22.666Z','anonymous','2025-10-27T13:29:22.666Z','anonymous',10354,'PERIC',8,3,'e8022fe7-003c-42e4-aacb-7b9ac60b95d9','525274a2-db97-4f25-a9be-4a616f8f6ece','8ea627a0-40c9-4179-9859-ee8b8c5c0d24','1996-11-14T00:00:00.000Z','1996-12-12T00:00:00.000Z','1996-11-20T00:00:00.000Z',53.799999999999997156,'Pericles Comidas clásicas','Calle Dr. Jorge Cash 321','México D.F.','05033','Mexico');
INSERT INTO bd_bModel_transactional_Orders VALUES('76cff8de-773b-4fa2-bc9f-401d26820b37','2025-10-27T13:29:22.666Z','anonymous','2025-10-27T13:29:22.666Z','anonymous',10355,'AROUT',6,1,'bded729c-53b1-492a-ab0c-38d1a40576b7','5c76508f-9dd7-46da-aed3-566c64b1bd3f','47a2f778-93e0-47b7-9022-22a53dfccf7f','1996-11-15T00:00:00.000Z','1996-12-13T00:00:00.000Z','1996-11-20T00:00:00.000Z',41.950000000000002842,'Around the Horn','Brook Farm Stratford St. Mary','Colchester','CO7 6JX','UK');
INSERT INTO bd_bModel_transactional_Orders VALUES('17292841-f4e7-4225-a915-c11da1442b20','2025-10-27T13:29:22.666Z','anonymous','2025-10-27T13:29:22.666Z','anonymous',10356,'WANDK',6,2,'d5ca6dc2-b3a9-4b2b-8363-7eb610bac217','5c76508f-9dd7-46da-aed3-566c64b1bd3f','717e80ba-169e-4387-9a76-f8a1c3191679','1996-11-18T00:00:00.000Z','1996-12-16T00:00:00.000Z','1996-11-27T00:00:00.000Z',36.710000000000000853,'Die Wandernde Kuh','Adenauerallee 900','Stuttgart','70563','Germany');
INSERT INTO bd_bModel_transactional_Orders VALUES('f92845a9-0d3c-445f-b0fe-b9b92d6c6f48','2025-10-27T13:29:22.666Z','anonymous','2025-10-27T13:29:22.666Z','anonymous',10357,'LILAS',1,3,'70daee43-9d99-4f69-8126-becf4e569ab0','c1bba1e1-76e2-4a34-bf6d-70644a453b86','8ea627a0-40c9-4179-9859-ee8b8c5c0d24','1996-11-19T00:00:00.000Z','1996-12-17T00:00:00.000Z','1996-12-02T00:00:00.000Z',34.880000000000002558,'LILA-Supermercado','Carrera 52 con Ave. Bolívar #65-98 Llano Largo','Barquisimeto','3508','Venezuela');
INSERT INTO bd_bModel_transactional_Orders VALUES('bb605833-2dae-42f6-906f-c40d16f5b2ff','2025-10-27T13:29:22.666Z','anonymous','2025-10-27T13:29:22.666Z','anonymous',10358,'LAMAI',5,1,'9fafe09d-cebf-4600-a036-55ec6972e2ae','bc46806c-b2e3-4cfd-9833-54fe5b92edaf','47a2f778-93e0-47b7-9022-22a53dfccf7f','1996-11-20T00:00:00.000Z','1996-12-18T00:00:00.000Z','1996-11-27T00:00:00.000Z',19.640000000000000568,'La maison d''Asie','1 rue Alsace-Lorraine','Toulouse','31000','France');
INSERT INTO bd_bModel_transactional_Orders VALUES('ac2a92e3-e889-4f58-a341-6f9eb47e8eb2','2025-10-27T13:29:22.666Z','anonymous','2025-10-27T13:29:22.666Z','anonymous',10359,'SEVES',5,3,'e549816d-acf6-43e0-a655-17f3e331d798','bc46806c-b2e3-4cfd-9833-54fe5b92edaf','8ea627a0-40c9-4179-9859-ee8b8c5c0d24','1996-11-21T00:00:00.000Z','1996-12-19T00:00:00.000Z','1996-11-26T00:00:00.000Z',288.43000000000000681,'Seven Seas Imports','90 Wadhurst Rd.','London','OX15 4NB','UK');
INSERT INTO bd_bModel_transactional_Orders VALUES('1fbd2726-00a6-4ff6-8618-86c180360b04','2025-10-27T13:29:22.666Z','anonymous','2025-10-27T13:29:22.666Z','anonymous',10360,'BLONP',4,3,'df34a75d-bf4f-4389-a45a-cc5479d42d1c','e1ce3fd3-45c5-4871-b190-c8186f084874','8ea627a0-40c9-4179-9859-ee8b8c5c0d24','1996-11-22T00:00:00.000Z','1996-12-20T00:00:00.000Z','1996-12-02T00:00:00.000Z',131.69999999999998863,'Blondel père et fils','24, place Kléber','Strasbourg','67000','France');
INSERT INTO bd_bModel_transactional_Orders VALUES('74113b17-139d-43c1-9c81-2d1be9629b90','2025-10-27T13:29:22.666Z','anonymous','2025-10-27T13:29:22.666Z','anonymous',10361,'QUICK',1,2,'51c05fae-6add-493a-8004-136d9ccc907e','c1bba1e1-76e2-4a34-bf6d-70644a453b86','717e80ba-169e-4387-9a76-f8a1c3191679','1996-11-22T00:00:00.000Z','1996-12-20T00:00:00.000Z','1996-12-03T00:00:00.000Z',183.16999999999998749,'QUICK-Stop','Taucherstraße 10','Cunewalde','01307','Germany');
INSERT INTO bd_bModel_transactional_Orders VALUES('1939381e-7f59-4b89-9fd8-b48454d0c736','2025-10-27T13:29:22.666Z','anonymous','2025-10-27T13:29:22.666Z','anonymous',10362,'BONAP',3,1,'44ee63ca-f003-43d3-80d6-0c497ee096b5','2c592581-ef22-4041-9d96-c6cfcd855b4b','47a2f778-93e0-47b7-9022-22a53dfccf7f','1996-11-25T00:00:00.000Z','1996-12-23T00:00:00.000Z','1996-11-28T00:00:00.000Z',96.040000000000006249,'Bon app''','12, rue des Bouchers','Marseille','13008','France');
INSERT INTO bd_bModel_transactional_Orders VALUES('ac76f966-099c-4622-838d-717559b811bf','2025-10-27T13:29:22.666Z','anonymous','2025-10-27T13:29:22.666Z','anonymous',10363,'DRACD',4,3,'27a1079e-f780-4c4d-993f-a2ab65191ec4','e1ce3fd3-45c5-4871-b190-c8186f084874','8ea627a0-40c9-4179-9859-ee8b8c5c0d24','1996-11-26T00:00:00.000Z','1996-12-24T00:00:00.000Z','1996-12-04T00:00:00.000Z',30.539999999999999148,'Drachenblut Delikatessen','Walserweg 21','Aachen','52066','Germany');
INSERT INTO bd_bModel_transactional_Orders VALUES('6e6a223a-1024-44fc-94d1-503c40afb3c6','2025-10-27T13:29:22.666Z','anonymous','2025-10-27T13:29:22.666Z','anonymous',10364,'EASTC',1,1,'1c6d20e9-fa8b-43a4-b854-3bb0273815fa','c1bba1e1-76e2-4a34-bf6d-70644a453b86','47a2f778-93e0-47b7-9022-22a53dfccf7f','1996-11-26T00:00:00.000Z','1997-01-07T00:00:00.000Z','1996-12-04T00:00:00.000Z',71.969999999999998861,'Eastern Connection','35 King George','London','WX3 6FW','UK');
INSERT INTO bd_bModel_transactional_Orders VALUES('3915b337-8587-47d4-b2ee-e8646edf7ef7','2025-10-27T13:29:22.666Z','anonymous','2025-10-27T13:29:22.666Z','anonymous',10365,'ANTON',3,2,'e0877564-8557-4fda-9d48-1051b734dff3','2c592581-ef22-4041-9d96-c6cfcd855b4b','717e80ba-169e-4387-9a76-f8a1c3191679','1996-11-27T00:00:00.000Z','1996-12-25T00:00:00.000Z','1996-12-02T00:00:00.000Z',22,'Antonio Moreno Taquería','Mataderos  2312','México D.F.','05023','Mexico');
INSERT INTO bd_bModel_transactional_Orders VALUES('ccc5ca13-b6a4-4f33-aac4-b27273e81480','2025-10-27T13:29:22.666Z','anonymous','2025-10-27T13:29:22.666Z','anonymous',10366,'GALED',8,2,'1462c553-7105-4ced-bb1e-3606372ec6c0','525274a2-db97-4f25-a9be-4a616f8f6ece','717e80ba-169e-4387-9a76-f8a1c3191679','1996-11-28T00:00:00.000Z','1997-01-09T00:00:00.000Z','1996-12-30T00:00:00.000Z',10.140000000000000568,'Galería del gastronómo','Rambla de Cataluña, 23','Barcelona','8022','Spain');
INSERT INTO bd_bModel_transactional_Orders VALUES('95e0d14f-fccb-4ae5-8cb1-35093608cd77','2025-10-27T13:29:22.666Z','anonymous','2025-10-27T13:29:22.666Z','anonymous',10367,'VAFFE',7,3,'77e5689e-aa24-40fa-85b3-77f6aa0fcfc8','22a4583d-6a94-4b0c-9b95-b655438758e9','8ea627a0-40c9-4179-9859-ee8b8c5c0d24','1996-11-28T00:00:00.000Z','1996-12-26T00:00:00.000Z','1996-12-02T00:00:00.000Z',13.55000000000000071,'Vaffeljernet','Smagsloget 45','Århus','8200','Denmark');
INSERT INTO bd_bModel_transactional_Orders VALUES('238e5eaf-fce6-44dd-a610-46e9bf2b8ff4','2025-10-27T13:29:22.666Z','anonymous','2025-10-27T13:29:22.666Z','anonymous',10368,'ERNSH',2,2,'be963b74-101a-4d7c-99f4-0f772c578f0b','d4beb5bb-e6d0-4717-bbd0-3460aad9de91','717e80ba-169e-4387-9a76-f8a1c3191679','1996-11-29T00:00:00.000Z','1996-12-27T00:00:00.000Z','1996-12-02T00:00:00.000Z',101.95000000000000283,'Ernst Handel','Kirchgasse 6','Graz','8010','Austria');
INSERT INTO bd_bModel_transactional_Orders VALUES('4dbebd51-5846-4385-b5d5-3de86dee7ff8','2025-10-27T13:29:22.666Z','anonymous','2025-10-27T13:29:22.666Z','anonymous',10369,'SPLIR',8,2,'03175c2e-8a31-4f78-9feb-c5751e0c432d','525274a2-db97-4f25-a9be-4a616f8f6ece','717e80ba-169e-4387-9a76-f8a1c3191679','1996-12-02T00:00:00.000Z','1996-12-30T00:00:00.000Z','1996-12-09T00:00:00.000Z',195.68000000000000681,'Split Rail Beer & Ale','P.O. Box 555','Lander','82520','USA');
INSERT INTO bd_bModel_transactional_Orders VALUES('79e9242e-36b1-4348-8633-b4c023759186','2025-10-27T13:29:22.666Z','anonymous','2025-10-27T13:29:22.666Z','anonymous',10370,'CHOPS',6,2,'b8940eb7-eb5c-4f3d-8a8f-dbd08a1e3026','5c76508f-9dd7-46da-aed3-566c64b1bd3f','717e80ba-169e-4387-9a76-f8a1c3191679','1996-12-03T00:00:00.000Z','1996-12-31T00:00:00.000Z','1996-12-27T00:00:00.000Z',1.1699999999999999289,'Chop-suey Chinese','Hauptstr. 31','Bern','3012','Switzerland');
INSERT INTO bd_bModel_transactional_Orders VALUES('03137b32-4450-4c94-a08b-6989c56e7b5a','2025-10-27T13:29:22.666Z','anonymous','2025-10-27T13:29:22.666Z','anonymous',10371,'LAMAI',1,1,'9fafe09d-cebf-4600-a036-55ec6972e2ae','c1bba1e1-76e2-4a34-bf6d-70644a453b86','47a2f778-93e0-47b7-9022-22a53dfccf7f','1996-12-03T00:00:00.000Z','1996-12-31T00:00:00.000Z','1996-12-24T00:00:00.000Z',0.4500000000000000111,'La maison d''Asie','1 rue Alsace-Lorraine','Toulouse','31000','France');
INSERT INTO bd_bModel_transactional_Orders VALUES('056c8e5a-b829-4207-a111-64d20719ec7b','2025-10-27T13:29:22.666Z','anonymous','2025-10-27T13:29:22.666Z','anonymous',10372,'QUEEN',5,2,'fb2a77d7-e1e9-4969-bc87-057d68640d23','bc46806c-b2e3-4cfd-9833-54fe5b92edaf','717e80ba-169e-4387-9a76-f8a1c3191679','1996-12-04T00:00:00.000Z','1997-01-01T00:00:00.000Z','1996-12-09T00:00:00.000Z',890.77999999999997269,'Queen Cozinha','Alameda dos Canàrios, 891','Sao Paulo','05487-020','Brazil');
INSERT INTO bd_bModel_transactional_Orders VALUES('f26974aa-a423-491b-8c10-75366aa07437','2025-10-27T13:29:22.666Z','anonymous','2025-10-27T13:29:22.666Z','anonymous',10373,'HUNGO',4,3,'d8315cb2-7552-41bd-8a8b-dea2cbd89edb','e1ce3fd3-45c5-4871-b190-c8186f084874','8ea627a0-40c9-4179-9859-ee8b8c5c0d24','1996-12-05T00:00:00.000Z','1997-01-02T00:00:00.000Z','1996-12-11T00:00:00.000Z',124.12000000000000454,'Hungry Owl All-Night Grocers','8 Johnstown Road','Cork',NULL,'Ireland');
INSERT INTO bd_bModel_transactional_Orders VALUES('f2059ead-87b7-4db0-8e7b-11b20b2f799f','2025-10-27T13:29:22.666Z','anonymous','2025-10-27T13:29:22.666Z','anonymous',10374,'WOLZA',1,3,'eb35c521-7a1e-4bac-930b-e6b27872ad6f','c1bba1e1-76e2-4a34-bf6d-70644a453b86','8ea627a0-40c9-4179-9859-ee8b8c5c0d24','1996-12-05T00:00:00.000Z','1997-01-02T00:00:00.000Z','1996-12-09T00:00:00.000Z',3.9399999999999999467,'Wolski Zajazd','ul. Filtrowa 68','Warszawa','01-012','Poland');
INSERT INTO bd_bModel_transactional_Orders VALUES('b6366797-9e72-46e5-a021-e56e4810d39a','2025-10-27T13:29:22.666Z','anonymous','2025-10-27T13:29:22.666Z','anonymous',10375,'HUNGC',3,2,'1244d4b7-294f-45b5-8bf4-1087fc9d6761','2c592581-ef22-4041-9d96-c6cfcd855b4b','717e80ba-169e-4387-9a76-f8a1c3191679','1996-12-06T00:00:00.000Z','1997-01-03T00:00:00.000Z','1996-12-09T00:00:00.000Z',20.120000000000000995,'Hungry Coyote Import Store','City Center Plaza 516 Main St.','Elgin','97827','USA');
INSERT INTO bd_bModel_transactional_Orders VALUES('fbf6dc63-7043-46ee-bd05-1b71085dd739','2025-10-27T13:29:22.666Z','anonymous','2025-10-27T13:29:22.666Z','anonymous',10376,'MEREP',1,2,'22f69c37-9a06-4c7b-bce3-851b6670084f','c1bba1e1-76e2-4a34-bf6d-70644a453b86','717e80ba-169e-4387-9a76-f8a1c3191679','1996-12-09T00:00:00.000Z','1997-01-06T00:00:00.000Z','1996-12-13T00:00:00.000Z',20.390000000000000567,'Mère Paillarde','43 rue St. Laurent','Montréal','H1J 1C3','Canada');
INSERT INTO bd_bModel_transactional_Orders VALUES('4b8d13b4-c836-4349-ac27-6289f1b5f216','2025-10-27T13:29:22.666Z','anonymous','2025-10-27T13:29:22.666Z','anonymous',10377,'SEVES',1,3,'e549816d-acf6-43e0-a655-17f3e331d798','c1bba1e1-76e2-4a34-bf6d-70644a453b86','8ea627a0-40c9-4179-9859-ee8b8c5c0d24','1996-12-09T00:00:00.000Z','1997-01-06T00:00:00.000Z','1996-12-13T00:00:00.000Z',22.210000000000000852,'Seven Seas Imports','90 Wadhurst Rd.','London','OX15 4NB','UK');
INSERT INTO bd_bModel_transactional_Orders VALUES('cfb9060e-c419-423a-98b1-5e9959d5357d','2025-10-27T13:29:22.666Z','anonymous','2025-10-27T13:29:22.666Z','anonymous',10378,'FOLKO',5,3,'30abbb3a-fb62-4b16-b095-7b9c4a10c508','bc46806c-b2e3-4cfd-9833-54fe5b92edaf','8ea627a0-40c9-4179-9859-ee8b8c5c0d24','1996-12-10T00:00:00.000Z','1997-01-07T00:00:00.000Z','1996-12-19T00:00:00.000Z',5.4400000000000003907,'Folk och fä HB','Åkergatan 24','Bräcke','S-844 67','Sweden');
INSERT INTO bd_bModel_transactional_Orders VALUES('e9216cc5-d845-447b-91a1-c04d02023581','2025-10-27T13:29:22.666Z','anonymous','2025-10-27T13:29:22.666Z','anonymous',10379,'QUEDE',2,1,'31653a1d-248f-4a2a-866d-9b58ec1fd4e4','d4beb5bb-e6d0-4717-bbd0-3460aad9de91','47a2f778-93e0-47b7-9022-22a53dfccf7f','1996-12-11T00:00:00.000Z','1997-01-08T00:00:00.000Z','1996-12-13T00:00:00.000Z',45.030000000000001136,'Que Delícia','Rua da Panificadora, 12','Rio de Janeiro','02389-673','Brazil');
INSERT INTO bd_bModel_transactional_Orders VALUES('278feaf3-a65c-4ce7-9eae-6759386bace3','2025-10-27T13:29:22.666Z','anonymous','2025-10-27T13:29:22.666Z','anonymous',10380,'HUNGO',8,3,'d8315cb2-7552-41bd-8a8b-dea2cbd89edb','525274a2-db97-4f25-a9be-4a616f8f6ece','8ea627a0-40c9-4179-9859-ee8b8c5c0d24','1996-12-12T00:00:00.000Z','1997-01-09T00:00:00.000Z','1997-01-16T00:00:00.000Z',35.030000000000001136,'Hungry Owl All-Night Grocers','8 Johnstown Road','Cork',NULL,'Ireland');
INSERT INTO bd_bModel_transactional_Orders VALUES('cfb71c01-58fc-419a-8e87-75b8fef7dd00','2025-10-27T13:29:22.666Z','anonymous','2025-10-27T13:29:22.666Z','anonymous',10381,'LILAS',3,3,'70daee43-9d99-4f69-8126-becf4e569ab0','2c592581-ef22-4041-9d96-c6cfcd855b4b','8ea627a0-40c9-4179-9859-ee8b8c5c0d24','1996-12-12T00:00:00.000Z','1997-01-09T00:00:00.000Z','1996-12-13T00:00:00.000Z',7.9900000000000002131,'LILA-Supermercado','Carrera 52 con Ave. Bolívar #65-98 Llano Largo','Barquisimeto','3508','Venezuela');
INSERT INTO bd_bModel_transactional_Orders VALUES('6f19cc77-a7fd-409d-b90a-053615f758fb','2025-10-27T13:29:22.666Z','anonymous','2025-10-27T13:29:22.666Z','anonymous',10382,'ERNSH',4,1,'be963b74-101a-4d7c-99f4-0f772c578f0b','e1ce3fd3-45c5-4871-b190-c8186f084874','47a2f778-93e0-47b7-9022-22a53dfccf7f','1996-12-13T00:00:00.000Z','1997-01-10T00:00:00.000Z','1996-12-16T00:00:00.000Z',94.769999999999996022,'Ernst Handel','Kirchgasse 6','Graz','8010','Austria');
INSERT INTO bd_bModel_transactional_Orders VALUES('17940625-be7b-434a-8757-e6332575326a','2025-10-27T13:29:22.666Z','anonymous','2025-10-27T13:29:22.666Z','anonymous',10383,'AROUT',8,3,'bded729c-53b1-492a-ab0c-38d1a40576b7','525274a2-db97-4f25-a9be-4a616f8f6ece','8ea627a0-40c9-4179-9859-ee8b8c5c0d24','1996-12-16T00:00:00.000Z','1997-01-13T00:00:00.000Z','1996-12-18T00:00:00.000Z',34.240000000000001989,'Around the Horn','Brook Farm Stratford St. Mary','Colchester','CO7 6JX','UK');
INSERT INTO bd_bModel_transactional_Orders VALUES('d4265c7e-64f6-49ed-82e1-86cf762c3aef','2025-10-27T13:29:22.666Z','anonymous','2025-10-27T13:29:22.666Z','anonymous',10384,'BERGS',3,3,'8f0e02ac-11f7-4fd1-8f59-8d0b1bf4374f','2c592581-ef22-4041-9d96-c6cfcd855b4b','8ea627a0-40c9-4179-9859-ee8b8c5c0d24','1996-12-16T00:00:00.000Z','1997-01-13T00:00:00.000Z','1996-12-20T00:00:00.000Z',168.63999999999998635,'Berglunds snabbköp','Berguvsvägen  8','Luleå','S-958 22','Sweden');
INSERT INTO bd_bModel_transactional_Orders VALUES('e528182a-64a4-4140-a5b9-564aa49b51d6','2025-10-27T13:29:22.666Z','anonymous','2025-10-27T13:29:22.666Z','anonymous',10385,'SPLIR',1,2,'03175c2e-8a31-4f78-9feb-c5751e0c432d','c1bba1e1-76e2-4a34-bf6d-70644a453b86','717e80ba-169e-4387-9a76-f8a1c3191679','1996-12-17T00:00:00.000Z','1997-01-14T00:00:00.000Z','1996-12-23T00:00:00.000Z',30.960000000000000852,'Split Rail Beer & Ale','P.O. Box 555','Lander','82520','USA');
INSERT INTO bd_bModel_transactional_Orders VALUES('f166736c-615c-4a7a-94d2-247437853dd9','2025-10-27T13:29:22.666Z','anonymous','2025-10-27T13:29:22.666Z','anonymous',10386,'FAMIA',9,3,'c9e89b0b-d0d7-4892-be53-1784bb0ade0f','8f73e309-98dc-47ba-9544-3e549fe30f62','8ea627a0-40c9-4179-9859-ee8b8c5c0d24','1996-12-18T00:00:00.000Z','1997-01-01T00:00:00.000Z','1996-12-25T00:00:00.000Z',13.990000000000000213,'Familia Arquibaldo','Rua Orós, 92','Sao Paulo','05442-030','Brazil');
INSERT INTO bd_bModel_transactional_Orders VALUES('a0894f09-90b3-4705-b391-23df943ddddf','2025-10-27T13:29:22.666Z','anonymous','2025-10-27T13:29:22.666Z','anonymous',10387,'SANTG',1,2,'7b10c623-c489-4214-8cb0-3a231836dd12','c1bba1e1-76e2-4a34-bf6d-70644a453b86','717e80ba-169e-4387-9a76-f8a1c3191679','1996-12-18T00:00:00.000Z','1997-01-15T00:00:00.000Z','1996-12-20T00:00:00.000Z',93.629999999999995452,'Santé Gourmet','Erling Skakkes gate 78','Stavern','4110','Norway');
INSERT INTO bd_bModel_transactional_Orders VALUES('f4e98e7f-e04d-421a-ae57-474d299dc4d8','2025-10-27T13:29:22.666Z','anonymous','2025-10-27T13:29:22.666Z','anonymous',10388,'SEVES',2,1,'e549816d-acf6-43e0-a655-17f3e331d798','d4beb5bb-e6d0-4717-bbd0-3460aad9de91','47a2f778-93e0-47b7-9022-22a53dfccf7f','1996-12-19T00:00:00.000Z','1997-01-16T00:00:00.000Z','1996-12-20T00:00:00.000Z',34.859999999999999431,'Seven Seas Imports','90 Wadhurst Rd.','London','OX15 4NB','UK');
INSERT INTO bd_bModel_transactional_Orders VALUES('63ee12f4-3674-4529-bec2-bbcc43dd2cd6','2025-10-27T13:29:22.666Z','anonymous','2025-10-27T13:29:22.666Z','anonymous',10389,'BOTTM',4,2,'8c12f305-a9d0-40b2-9ab5-d1b98a00c1d3','e1ce3fd3-45c5-4871-b190-c8186f084874','717e80ba-169e-4387-9a76-f8a1c3191679','1996-12-20T00:00:00.000Z','1997-01-17T00:00:00.000Z','1996-12-24T00:00:00.000Z',47.420000000000001707,'Bottom-Dollar Markets','23 Tsawassen Blvd.','Tsawassen','T2F 8M4','Canada');
INSERT INTO bd_bModel_transactional_Orders VALUES('8bc785b9-94c9-4553-92b8-7b6ff1572c80','2025-10-27T13:29:22.666Z','anonymous','2025-10-27T13:29:22.666Z','anonymous',10390,'ERNSH',6,1,'be963b74-101a-4d7c-99f4-0f772c578f0b','5c76508f-9dd7-46da-aed3-566c64b1bd3f','47a2f778-93e0-47b7-9022-22a53dfccf7f','1996-12-23T00:00:00.000Z','1997-01-20T00:00:00.000Z','1996-12-26T00:00:00.000Z',126.37999999999999545,'Ernst Handel','Kirchgasse 6','Graz','8010','Austria');
INSERT INTO bd_bModel_transactional_Orders VALUES('8191a292-05a5-4077-9084-5dcd1ee74779','2025-10-27T13:29:22.666Z','anonymous','2025-10-27T13:29:22.666Z','anonymous',10391,'DRACD',3,3,'27a1079e-f780-4c4d-993f-a2ab65191ec4','2c592581-ef22-4041-9d96-c6cfcd855b4b','8ea627a0-40c9-4179-9859-ee8b8c5c0d24','1996-12-23T00:00:00.000Z','1997-01-20T00:00:00.000Z','1996-12-31T00:00:00.000Z',5.4500000000000001776,'Drachenblut Delikatessen','Walserweg 21','Aachen','52066','Germany');
INSERT INTO bd_bModel_transactional_Orders VALUES('e93e09be-b6de-4906-ad56-de703e6e6479','2025-10-27T13:29:22.666Z','anonymous','2025-10-27T13:29:22.666Z','anonymous',10392,'PICCO',2,3,'a1d8b40c-fb4e-4788-89bd-d421f0aad160','d4beb5bb-e6d0-4717-bbd0-3460aad9de91','8ea627a0-40c9-4179-9859-ee8b8c5c0d24','1996-12-24T00:00:00.000Z','1997-01-21T00:00:00.000Z','1997-01-01T00:00:00.000Z',122.45999999999999374,'Piccolo und mehr','Geislweg 14','Salzburg','5020','Austria');
INSERT INTO bd_bModel_transactional_Orders VALUES('907d4c86-d2e6-4d93-bea8-c7f7894d3f7d','2025-10-27T13:29:22.666Z','anonymous','2025-10-27T13:29:22.666Z','anonymous',10393,'SAVEA',1,3,'eb78fe32-6e61-4d63-a6f5-dc86c0326e24','c1bba1e1-76e2-4a34-bf6d-70644a453b86','8ea627a0-40c9-4179-9859-ee8b8c5c0d24','1996-12-25T00:00:00.000Z','1997-01-22T00:00:00.000Z','1997-01-03T00:00:00.000Z',126.56000000000000227,'Save-a-lot Markets','187 Suffolk Ln.','Boise','83720','USA');
INSERT INTO bd_bModel_transactional_Orders VALUES('677350fa-81e3-4465-828a-0f5b10b04292','2025-10-27T13:29:22.666Z','anonymous','2025-10-27T13:29:22.666Z','anonymous',10394,'HUNGC',1,3,'1244d4b7-294f-45b5-8bf4-1087fc9d6761','c1bba1e1-76e2-4a34-bf6d-70644a453b86','8ea627a0-40c9-4179-9859-ee8b8c5c0d24','1996-12-25T00:00:00.000Z','1997-01-22T00:00:00.000Z','1997-01-03T00:00:00.000Z',30.339999999999999857,'Hungry Coyote Import Store','City Center Plaza 516 Main St.','Elgin','97827','USA');
INSERT INTO bd_bModel_transactional_Orders VALUES('ddf4c6f9-eaff-4a44-8f66-e33539d2ce9f','2025-10-27T13:29:22.666Z','anonymous','2025-10-27T13:29:22.666Z','anonymous',10395,'HILAA',6,1,'32267e3a-0a4f-4be2-b2f6-8d0767c37b4e','5c76508f-9dd7-46da-aed3-566c64b1bd3f','47a2f778-93e0-47b7-9022-22a53dfccf7f','1996-12-26T00:00:00.000Z','1997-01-23T00:00:00.000Z','1997-01-03T00:00:00.000Z',184.40999999999999658,'HILARION-Abastos','Carrera 22 con Ave. Carlos Soublette #8-35','San Cristóbal','5022','Venezuela');
INSERT INTO bd_bModel_transactional_Orders VALUES('aae39e5e-60f5-4255-9eca-baca461fbc1f','2025-10-27T13:29:22.666Z','anonymous','2025-10-27T13:29:22.666Z','anonymous',10396,'FRANK',1,3,'20714b84-ad79-4cfd-8493-abb0d0559352','c1bba1e1-76e2-4a34-bf6d-70644a453b86','8ea627a0-40c9-4179-9859-ee8b8c5c0d24','1996-12-27T00:00:00.000Z','1997-01-10T00:00:00.000Z','1997-01-06T00:00:00.000Z',135.34999999999999431,'Frankenversand','Berliner Platz 43','München','80805','Germany');
INSERT INTO bd_bModel_transactional_Orders VALUES('a4bf9924-40f6-4b8a-8ebb-cfd7aaa0dfd2','2025-10-27T13:29:22.666Z','anonymous','2025-10-27T13:29:22.666Z','anonymous',10397,'PRINI',5,1,'1ee53ed2-88fc-4d80-aa99-c02fbf171661','bc46806c-b2e3-4cfd-9833-54fe5b92edaf','47a2f778-93e0-47b7-9022-22a53dfccf7f','1996-12-27T00:00:00.000Z','1997-01-24T00:00:00.000Z','1997-01-02T00:00:00.000Z',60.25999999999999801,'Princesa Isabel Vinhos','Estrada da saúde n. 58','Lisboa','1756','Portugal');
INSERT INTO bd_bModel_transactional_Orders VALUES('6fee5c7d-62a2-4c54-8a30-583238ed49de','2025-10-27T13:29:22.666Z','anonymous','2025-10-27T13:29:22.666Z','anonymous',10398,'SAVEA',2,3,'eb78fe32-6e61-4d63-a6f5-dc86c0326e24','d4beb5bb-e6d0-4717-bbd0-3460aad9de91','8ea627a0-40c9-4179-9859-ee8b8c5c0d24','1996-12-30T00:00:00.000Z','1997-01-27T00:00:00.000Z','1997-01-09T00:00:00.000Z',89.159999999999996591,'Save-a-lot Markets','187 Suffolk Ln.','Boise','83720','USA');
INSERT INTO bd_bModel_transactional_Orders VALUES('671763b8-c710-430d-9242-0356d4896a30','2025-10-27T13:29:22.666Z','anonymous','2025-10-27T13:29:22.666Z','anonymous',10399,'VAFFE',8,3,'77e5689e-aa24-40fa-85b3-77f6aa0fcfc8','525274a2-db97-4f25-a9be-4a616f8f6ece','8ea627a0-40c9-4179-9859-ee8b8c5c0d24','1996-12-31T00:00:00.000Z','1997-01-14T00:00:00.000Z','1997-01-08T00:00:00.000Z',27.359999999999999431,'Vaffeljernet','Smagsloget 45','Århus','8200','Denmark');
INSERT INTO bd_bModel_transactional_Orders VALUES('19f26a9a-1c03-497b-abd2-ce184c4eec5b','2025-10-27T13:29:22.666Z','anonymous','2025-10-27T13:29:22.666Z','anonymous',10400,'EASTC',1,3,'1c6d20e9-fa8b-43a4-b854-3bb0273815fa','c1bba1e1-76e2-4a34-bf6d-70644a453b86','8ea627a0-40c9-4179-9859-ee8b8c5c0d24','1997-01-01T00:00:00.000Z','1997-01-29T00:00:00.000Z','1997-01-16T00:00:00.000Z',83.930000000000006821,'Eastern Connection','35 King George','London','WX3 6FW','UK');
INSERT INTO bd_bModel_transactional_Orders VALUES('0f22d787-ec1b-4397-acef-92a87eb249a3','2025-10-27T13:29:22.666Z','anonymous','2025-10-27T13:29:22.666Z','anonymous',10401,'RATTC',1,1,'f15eb348-98a3-4e0c-a427-060637e31d10','c1bba1e1-76e2-4a34-bf6d-70644a453b86','47a2f778-93e0-47b7-9022-22a53dfccf7f','1997-01-01T00:00:00.000Z','1997-01-29T00:00:00.000Z','1997-01-10T00:00:00.000Z',12.509999999999999786,'Rattlesnake Canyon Grocery','2817 Milton Dr.','Albuquerque','87110','USA');
INSERT INTO bd_bModel_transactional_Orders VALUES('f6360f5f-4c2d-473e-a899-57c6918ff7c7','2025-10-27T13:29:22.666Z','anonymous','2025-10-27T13:29:22.666Z','anonymous',10402,'ERNSH',8,2,'be963b74-101a-4d7c-99f4-0f772c578f0b','525274a2-db97-4f25-a9be-4a616f8f6ece','717e80ba-169e-4387-9a76-f8a1c3191679','1997-01-02T00:00:00.000Z','1997-02-13T00:00:00.000Z','1997-01-10T00:00:00.000Z',67.879999999999995454,'Ernst Handel','Kirchgasse 6','Graz','8010','Austria');
INSERT INTO bd_bModel_transactional_Orders VALUES('43c02d6d-0348-4557-b5cf-b571c688c240','2025-10-27T13:29:22.666Z','anonymous','2025-10-27T13:29:22.666Z','anonymous',10403,'ERNSH',4,3,'be963b74-101a-4d7c-99f4-0f772c578f0b','e1ce3fd3-45c5-4871-b190-c8186f084874','8ea627a0-40c9-4179-9859-ee8b8c5c0d24','1997-01-03T00:00:00.000Z','1997-01-31T00:00:00.000Z','1997-01-09T00:00:00.000Z',73.790000000000006254,'Ernst Handel','Kirchgasse 6','Graz','8010','Austria');
INSERT INTO bd_bModel_transactional_Orders VALUES('15199c31-f8ac-4279-8e0a-8ee11373c8fc','2025-10-27T13:29:22.666Z','anonymous','2025-10-27T13:29:22.666Z','anonymous',10404,'MAGAA',2,1,'6fc459c5-8687-427d-bf1f-d672afcda46b','d4beb5bb-e6d0-4717-bbd0-3460aad9de91','47a2f778-93e0-47b7-9022-22a53dfccf7f','1997-01-03T00:00:00.000Z','1997-01-31T00:00:00.000Z','1997-01-08T00:00:00.000Z',155.96999999999999886,'Magazzini Alimentari Riuniti','Via Ludovico il Moro 22','Bergamo','24100','Italy');
INSERT INTO bd_bModel_transactional_Orders VALUES('38941b96-88a4-40b0-98f7-13bdc821bfbd','2025-10-27T13:29:22.666Z','anonymous','2025-10-27T13:29:22.666Z','anonymous',10405,'LINOD',1,1,'e6813e3f-d981-4b47-ac7e-8022479e5823','c1bba1e1-76e2-4a34-bf6d-70644a453b86','47a2f778-93e0-47b7-9022-22a53dfccf7f','1997-01-06T00:00:00.000Z','1997-02-03T00:00:00.000Z','1997-01-22T00:00:00.000Z',34.820000000000000284,'LINO-Delicateses','Ave. 5 de Mayo Porlamar','I. de Margarita','4980','Venezuela');
INSERT INTO bd_bModel_transactional_Orders VALUES('86af0fa6-e68a-4933-8bb1-8369c4b06fd8','2025-10-27T13:29:22.666Z','anonymous','2025-10-27T13:29:22.666Z','anonymous',10406,'QUEEN',7,1,'fb2a77d7-e1e9-4969-bc87-057d68640d23','22a4583d-6a94-4b0c-9b95-b655438758e9','47a2f778-93e0-47b7-9022-22a53dfccf7f','1997-01-07T00:00:00.000Z','1997-02-18T00:00:00.000Z','1997-01-13T00:00:00.000Z',108.04000000000000625,'Queen Cozinha','Alameda dos Canàrios, 891','Sao Paulo','05487-020','Brazil');
INSERT INTO bd_bModel_transactional_Orders VALUES('4c347181-d660-44ea-95ff-d4e0d926cb8d','2025-10-27T13:29:22.666Z','anonymous','2025-10-27T13:29:22.666Z','anonymous',10407,'OTTIK',2,2,'450ec100-2c63-4926-94a0-119cc58d4ac4','d4beb5bb-e6d0-4717-bbd0-3460aad9de91','717e80ba-169e-4387-9a76-f8a1c3191679','1997-01-07T00:00:00.000Z','1997-02-04T00:00:00.000Z','1997-01-30T00:00:00.000Z',91.480000000000003977,'Ottilies Käseladen','Mehrheimerstr. 369','Köln','50739','Germany');
INSERT INTO bd_bModel_transactional_Orders VALUES('a832af44-3b58-4b58-a6ff-fb7e087b0a42','2025-10-27T13:29:22.666Z','anonymous','2025-10-27T13:29:22.666Z','anonymous',10408,'FOLIG',8,1,'5df4d15e-c300-4bca-a410-eda660934457','525274a2-db97-4f25-a9be-4a616f8f6ece','47a2f778-93e0-47b7-9022-22a53dfccf7f','1997-01-08T00:00:00.000Z','1997-02-05T00:00:00.000Z','1997-01-14T00:00:00.000Z',11.259999999999999786,'Folies gourmandes','184, chaussée de Tournai','Lille','59000','France');
INSERT INTO bd_bModel_transactional_Orders VALUES('fcaf6472-3edc-4258-ba25-ce255001a26a','2025-10-27T13:29:22.666Z','anonymous','2025-10-27T13:29:22.666Z','anonymous',10409,'OCEAN',3,1,'e5d52c05-e1e1-4457-9c80-03489b000448','2c592581-ef22-4041-9d96-c6cfcd855b4b','47a2f778-93e0-47b7-9022-22a53dfccf7f','1997-01-09T00:00:00.000Z','1997-02-06T00:00:00.000Z','1997-01-14T00:00:00.000Z',29.829999999999998294,'Océano Atlántico Ltda.','Ing. Gustavo Moncada 8585 Piso 20-A','Buenos Aires','1010','Argentina');
INSERT INTO bd_bModel_transactional_Orders VALUES('b3d1364e-409e-4b70-a78d-b2a8142bdfb2','2025-10-27T13:29:22.666Z','anonymous','2025-10-27T13:29:22.666Z','anonymous',10410,'BOTTM',3,3,'8c12f305-a9d0-40b2-9ab5-d1b98a00c1d3','2c592581-ef22-4041-9d96-c6cfcd855b4b','8ea627a0-40c9-4179-9859-ee8b8c5c0d24','1997-01-10T00:00:00.000Z','1997-02-07T00:00:00.000Z','1997-01-15T00:00:00.000Z',2.3999999999999999111,'Bottom-Dollar Markets','23 Tsawassen Blvd.','Tsawassen','T2F 8M4','Canada');
INSERT INTO bd_bModel_transactional_Orders VALUES('d48655bb-3a16-4240-a4a6-d6b446776e1c','2025-10-27T13:29:22.666Z','anonymous','2025-10-27T13:29:22.666Z','anonymous',10411,'BOTTM',9,3,'8c12f305-a9d0-40b2-9ab5-d1b98a00c1d3','8f73e309-98dc-47ba-9544-3e549fe30f62','8ea627a0-40c9-4179-9859-ee8b8c5c0d24','1997-01-10T00:00:00.000Z','1997-02-07T00:00:00.000Z','1997-01-21T00:00:00.000Z',23.649999999999998579,'Bottom-Dollar Markets','23 Tsawassen Blvd.','Tsawassen','T2F 8M4','Canada');
INSERT INTO bd_bModel_transactional_Orders VALUES('38841784-cb1e-4ab8-9a7a-508d72da8970','2025-10-27T13:29:22.666Z','anonymous','2025-10-27T13:29:22.666Z','anonymous',10412,'WARTH',8,2,'10b828f9-beff-4a2c-bf3e-d497bb0345f7','525274a2-db97-4f25-a9be-4a616f8f6ece','717e80ba-169e-4387-9a76-f8a1c3191679','1997-01-13T00:00:00.000Z','1997-02-10T00:00:00.000Z','1997-01-15T00:00:00.000Z',3.7700000000000000177,'Wartian Herkku','Torikatu 38','Oulu','90110','Finland');
INSERT INTO bd_bModel_transactional_Orders VALUES('ecbbee77-3015-467c-afc0-691c4e5ec99d','2025-10-27T13:29:22.666Z','anonymous','2025-10-27T13:29:22.666Z','anonymous',10413,'LAMAI',3,2,'9fafe09d-cebf-4600-a036-55ec6972e2ae','2c592581-ef22-4041-9d96-c6cfcd855b4b','717e80ba-169e-4387-9a76-f8a1c3191679','1997-01-14T00:00:00.000Z','1997-02-11T00:00:00.000Z','1997-01-16T00:00:00.000Z',95.659999999999996587,'La maison d''Asie','1 rue Alsace-Lorraine','Toulouse','31000','France');
INSERT INTO bd_bModel_transactional_Orders VALUES('ea777724-306c-4503-9d6b-9d2db4e13be2','2025-10-27T13:29:22.666Z','anonymous','2025-10-27T13:29:22.666Z','anonymous',10414,'FAMIA',2,3,'c9e89b0b-d0d7-4892-be53-1784bb0ade0f','d4beb5bb-e6d0-4717-bbd0-3460aad9de91','8ea627a0-40c9-4179-9859-ee8b8c5c0d24','1997-01-14T00:00:00.000Z','1997-02-11T00:00:00.000Z','1997-01-17T00:00:00.000Z',21.480000000000000425,'Familia Arquibaldo','Rua Orós, 92','Sao Paulo','05442-030','Brazil');
INSERT INTO bd_bModel_transactional_Orders VALUES('034779bb-31ac-4ce2-9b3c-440454f565b6','2025-10-27T13:29:22.666Z','anonymous','2025-10-27T13:29:22.666Z','anonymous',10415,'HUNGC',3,1,'1244d4b7-294f-45b5-8bf4-1087fc9d6761','2c592581-ef22-4041-9d96-c6cfcd855b4b','47a2f778-93e0-47b7-9022-22a53dfccf7f','1997-01-15T00:00:00.000Z','1997-02-12T00:00:00.000Z','1997-01-24T00:00:00.000Z',0.2000000000000000111,'Hungry Coyote Import Store','City Center Plaza 516 Main St.','Elgin','97827','USA');
INSERT INTO bd_bModel_transactional_Orders VALUES('28c5fb8b-440b-4f7d-924a-08ac99ad14ea','2025-10-27T13:29:22.666Z','anonymous','2025-10-27T13:29:22.666Z','anonymous',10416,'WARTH',8,3,'10b828f9-beff-4a2c-bf3e-d497bb0345f7','525274a2-db97-4f25-a9be-4a616f8f6ece','8ea627a0-40c9-4179-9859-ee8b8c5c0d24','1997-01-16T00:00:00.000Z','1997-02-13T00:00:00.000Z','1997-01-27T00:00:00.000Z',22.719999999999998863,'Wartian Herkku','Torikatu 38','Oulu','90110','Finland');
INSERT INTO bd_bModel_transactional_Orders VALUES('95798ac2-4b61-4835-8c9c-7704983bf147','2025-10-27T13:29:22.666Z','anonymous','2025-10-27T13:29:22.666Z','anonymous',10417,'SIMOB',4,3,'21f718d9-5158-4f42-b3dd-198708794aa0','e1ce3fd3-45c5-4871-b190-c8186f084874','8ea627a0-40c9-4179-9859-ee8b8c5c0d24','1997-01-16T00:00:00.000Z','1997-02-13T00:00:00.000Z','1997-01-28T00:00:00.000Z',70.290000000000006251,'Simons bistro','Vinbæltet 34','Kobenhavn','1734','Denmark');
INSERT INTO bd_bModel_transactional_Orders VALUES('3a63366a-4ada-4656-a492-b751ac555c4a','2025-10-27T13:29:22.666Z','anonymous','2025-10-27T13:29:22.666Z','anonymous',10418,'QUICK',4,1,'51c05fae-6add-493a-8004-136d9ccc907e','e1ce3fd3-45c5-4871-b190-c8186f084874','47a2f778-93e0-47b7-9022-22a53dfccf7f','1997-01-17T00:00:00.000Z','1997-02-14T00:00:00.000Z','1997-01-24T00:00:00.000Z',17.55000000000000071,'QUICK-Stop','Taucherstraße 10','Cunewalde','01307','Germany');
INSERT INTO bd_bModel_transactional_Orders VALUES('adc8377a-70b9-4d1b-95d3-b5a04dbb562b','2025-10-27T13:29:22.666Z','anonymous','2025-10-27T13:29:22.666Z','anonymous',10419,'RICSU',4,2,'93637861-fd0a-4d50-b4b9-59217fa2ce16','e1ce3fd3-45c5-4871-b190-c8186f084874','717e80ba-169e-4387-9a76-f8a1c3191679','1997-01-20T00:00:00.000Z','1997-02-17T00:00:00.000Z','1997-01-30T00:00:00.000Z',137.34999999999999431,'Richter Supermarkt','Starenweg 5','Genève','1204','Switzerland');
INSERT INTO bd_bModel_transactional_Orders VALUES('33bd5fae-44e2-4bca-b14c-ae4610af9868','2025-10-27T13:29:22.666Z','anonymous','2025-10-27T13:29:22.666Z','anonymous',10420,'WELLI',3,1,'7ae74edc-88fa-4411-84b0-f337d4309674','2c592581-ef22-4041-9d96-c6cfcd855b4b','47a2f778-93e0-47b7-9022-22a53dfccf7f','1997-01-21T00:00:00.000Z','1997-02-18T00:00:00.000Z','1997-01-27T00:00:00.000Z',44.11999999999999744,'Wellington Importadora','Rua do Mercado, 12','Resende','08737-363','Brazil');
INSERT INTO bd_bModel_transactional_Orders VALUES('b4310da1-ff4f-4aff-835a-7e65304774b7','2025-10-27T13:29:22.666Z','anonymous','2025-10-27T13:29:22.666Z','anonymous',10421,'QUEDE',8,1,'31653a1d-248f-4a2a-866d-9b58ec1fd4e4','525274a2-db97-4f25-a9be-4a616f8f6ece','47a2f778-93e0-47b7-9022-22a53dfccf7f','1997-01-21T00:00:00.000Z','1997-03-04T00:00:00.000Z','1997-01-27T00:00:00.000Z',99.230000000000003982,'Que Delícia','Rua da Panificadora, 12','Rio de Janeiro','02389-673','Brazil');
INSERT INTO bd_bModel_transactional_Orders VALUES('c61079e1-1741-4c85-a0b0-45eaa0c7cee5','2025-10-27T13:29:22.666Z','anonymous','2025-10-27T13:29:22.666Z','anonymous',10422,'FRANS',2,1,'b5aae606-88d3-43aa-86c2-864fae8c8f0b','d4beb5bb-e6d0-4717-bbd0-3460aad9de91','47a2f778-93e0-47b7-9022-22a53dfccf7f','1997-01-22T00:00:00.000Z','1997-02-19T00:00:00.000Z','1997-01-31T00:00:00.000Z',3.0200000000000000177,'Franchi S.p.A.','Via Monte Bianco 34','Torino','10100','Italy');
INSERT INTO bd_bModel_transactional_Orders VALUES('ff300183-e028-4299-85d0-c43e08f4512c','2025-10-27T13:29:22.666Z','anonymous','2025-10-27T13:29:22.666Z','anonymous',10423,'GOURL',6,3,'40fbfcf6-324f-41fb-8eae-76d4b4275fd3','5c76508f-9dd7-46da-aed3-566c64b1bd3f','8ea627a0-40c9-4179-9859-ee8b8c5c0d24','1997-01-23T00:00:00.000Z','1997-02-06T00:00:00.000Z','1997-02-24T00:00:00.000Z',24.5,'Gourmet Lanchonetes','Av. Brasil, 442','Campinas','04876-786','Brazil');
INSERT INTO bd_bModel_transactional_Orders VALUES('b8f285f9-2c4a-4735-ad0c-21ecf7b62a61','2025-10-27T13:29:22.666Z','anonymous','2025-10-27T13:29:22.666Z','anonymous',10424,'MEREP',7,2,'22f69c37-9a06-4c7b-bce3-851b6670084f','22a4583d-6a94-4b0c-9b95-b655438758e9','717e80ba-169e-4387-9a76-f8a1c3191679','1997-01-23T00:00:00.000Z','1997-02-20T00:00:00.000Z','1997-01-27T00:00:00.000Z',370.61000000000001363,'Mère Paillarde','43 rue St. Laurent','Montréal','H1J 1C3','Canada');
INSERT INTO bd_bModel_transactional_Orders VALUES('5b9eeac3-861e-4c84-9c94-bc8bb44ecede','2025-10-27T13:29:22.666Z','anonymous','2025-10-27T13:29:22.666Z','anonymous',10425,'LAMAI',6,2,'9fafe09d-cebf-4600-a036-55ec6972e2ae','5c76508f-9dd7-46da-aed3-566c64b1bd3f','717e80ba-169e-4387-9a76-f8a1c3191679','1997-01-24T00:00:00.000Z','1997-02-21T00:00:00.000Z','1997-02-14T00:00:00.000Z',7.9299999999999997157,'La maison d''Asie','1 rue Alsace-Lorraine','Toulouse','31000','France');
INSERT INTO bd_bModel_transactional_Orders VALUES('906a4517-d7cf-4c24-b6e5-6dc62d1ae76b','2025-10-27T13:29:22.666Z','anonymous','2025-10-27T13:29:22.666Z','anonymous',10426,'GALED',4,1,'1462c553-7105-4ced-bb1e-3606372ec6c0','e1ce3fd3-45c5-4871-b190-c8186f084874','47a2f778-93e0-47b7-9022-22a53dfccf7f','1997-01-27T00:00:00.000Z','1997-02-24T00:00:00.000Z','1997-02-06T00:00:00.000Z',18.690000000000001278,'Galería del gastronómo','Rambla de Cataluña, 23','Barcelona','8022','Spain');
INSERT INTO bd_bModel_transactional_Orders VALUES('5accc6c3-6d00-45ef-a00b-1c63d8a3a8ef','2025-10-27T13:29:22.666Z','anonymous','2025-10-27T13:29:22.666Z','anonymous',10427,'PICCO',4,2,'a1d8b40c-fb4e-4788-89bd-d421f0aad160','e1ce3fd3-45c5-4871-b190-c8186f084874','717e80ba-169e-4387-9a76-f8a1c3191679','1997-01-27T00:00:00.000Z','1997-02-24T00:00:00.000Z','1997-03-03T00:00:00.000Z',31.289999999999999146,'Piccolo und mehr','Geislweg 14','Salzburg','5020','Austria');
INSERT INTO bd_bModel_transactional_Orders VALUES('632ccc96-4886-4291-8796-2eda8d1a6688','2025-10-27T13:29:22.666Z','anonymous','2025-10-27T13:29:22.666Z','anonymous',10428,'REGGC',7,1,'4fb86114-f2c1-4394-a350-f74dcaed21c1','22a4583d-6a94-4b0c-9b95-b655438758e9','47a2f778-93e0-47b7-9022-22a53dfccf7f','1997-01-28T00:00:00.000Z','1997-02-25T00:00:00.000Z','1997-02-04T00:00:00.000Z',11.089999999999999857,'Reggiani Caseifici','Strada Provinciale 124','Reggio Emilia','42100','Italy');
INSERT INTO bd_bModel_transactional_Orders VALUES('3d987a87-1306-4965-a3c3-14d2d0dcd42d','2025-10-27T13:29:22.666Z','anonymous','2025-10-27T13:29:22.666Z','anonymous',10429,'HUNGO',3,2,'d8315cb2-7552-41bd-8a8b-dea2cbd89edb','2c592581-ef22-4041-9d96-c6cfcd855b4b','717e80ba-169e-4387-9a76-f8a1c3191679','1997-01-29T00:00:00.000Z','1997-03-12T00:00:00.000Z','1997-02-07T00:00:00.000Z',56.630000000000002557,'Hungry Owl All-Night Grocers','8 Johnstown Road','Cork',NULL,'Ireland');
INSERT INTO bd_bModel_transactional_Orders VALUES('23705e37-a881-43be-9b34-7a63bd7eff3c','2025-10-27T13:29:22.666Z','anonymous','2025-10-27T13:29:22.666Z','anonymous',10430,'ERNSH',4,1,'be963b74-101a-4d7c-99f4-0f772c578f0b','e1ce3fd3-45c5-4871-b190-c8186f084874','47a2f778-93e0-47b7-9022-22a53dfccf7f','1997-01-30T00:00:00.000Z','1997-02-13T00:00:00.000Z','1997-02-03T00:00:00.000Z',458.77999999999997272,'Ernst Handel','Kirchgasse 6','Graz','8010','Austria');
INSERT INTO bd_bModel_transactional_Orders VALUES('57a66435-3c26-4fb1-8a63-e3b31a8aee3c','2025-10-27T13:29:22.666Z','anonymous','2025-10-27T13:29:22.666Z','anonymous',10431,'BOTTM',4,2,'8c12f305-a9d0-40b2-9ab5-d1b98a00c1d3','e1ce3fd3-45c5-4871-b190-c8186f084874','717e80ba-169e-4387-9a76-f8a1c3191679','1997-01-30T00:00:00.000Z','1997-02-13T00:00:00.000Z','1997-02-07T00:00:00.000Z',44.170000000000001704,'Bottom-Dollar Markets','23 Tsawassen Blvd.','Tsawassen','T2F 8M4','Canada');
INSERT INTO bd_bModel_transactional_Orders VALUES('f675ad25-e7f4-491e-9459-f995de131a55','2025-10-27T13:29:22.666Z','anonymous','2025-10-27T13:29:22.666Z','anonymous',10432,'SPLIR',3,2,'03175c2e-8a31-4f78-9feb-c5751e0c432d','2c592581-ef22-4041-9d96-c6cfcd855b4b','717e80ba-169e-4387-9a76-f8a1c3191679','1997-01-31T00:00:00.000Z','1997-02-14T00:00:00.000Z','1997-02-07T00:00:00.000Z',4.3399999999999998578,'Split Rail Beer & Ale','P.O. Box 555','Lander','82520','USA');
INSERT INTO bd_bModel_transactional_Orders VALUES('ba4516be-dd4f-42d1-8745-53429fa08d3d','2025-10-27T13:29:22.666Z','anonymous','2025-10-27T13:29:22.666Z','anonymous',10433,'PRINI',3,3,'1ee53ed2-88fc-4d80-aa99-c02fbf171661','2c592581-ef22-4041-9d96-c6cfcd855b4b','8ea627a0-40c9-4179-9859-ee8b8c5c0d24','1997-02-03T00:00:00.000Z','1997-03-03T00:00:00.000Z','1997-03-04T00:00:00.000Z',73.829999999999998292,'Princesa Isabel Vinhos','Estrada da saúde n. 58','Lisboa','1756','Portugal');
INSERT INTO bd_bModel_transactional_Orders VALUES('568a796d-a7f0-4b5d-9182-987b9b9c539a','2025-10-27T13:29:22.666Z','anonymous','2025-10-27T13:29:22.666Z','anonymous',10434,'FOLKO',3,2,'30abbb3a-fb62-4b16-b095-7b9c4a10c508','2c592581-ef22-4041-9d96-c6cfcd855b4b','717e80ba-169e-4387-9a76-f8a1c3191679','1997-02-03T00:00:00.000Z','1997-03-03T00:00:00.000Z','1997-02-13T00:00:00.000Z',17.920000000000001705,'Folk och fä HB','Åkergatan 24','Bräcke','S-844 67','Sweden');
INSERT INTO bd_bModel_transactional_Orders VALUES('f7676bed-c933-4149-b2b2-c38b0d4d39ed','2025-10-27T13:29:22.666Z','anonymous','2025-10-27T13:29:22.666Z','anonymous',10435,'CONSH',8,2,'bf26226b-467b-44ff-a0e3-9ca6f56e22b6','525274a2-db97-4f25-a9be-4a616f8f6ece','717e80ba-169e-4387-9a76-f8a1c3191679','1997-02-04T00:00:00.000Z','1997-03-18T00:00:00.000Z','1997-02-07T00:00:00.000Z',9.2100000000000008526,'Consolidated Holdings','Berkeley Gardens 12  Brewery','London','WX1 6LT','UK');
INSERT INTO bd_bModel_transactional_Orders VALUES('ff13113e-ec40-4f9c-b3fe-c0738bf65cda','2025-10-27T13:29:22.666Z','anonymous','2025-10-27T13:29:22.666Z','anonymous',10436,'BLONP',3,2,'df34a75d-bf4f-4389-a45a-cc5479d42d1c','2c592581-ef22-4041-9d96-c6cfcd855b4b','717e80ba-169e-4387-9a76-f8a1c3191679','1997-02-05T00:00:00.000Z','1997-03-05T00:00:00.000Z','1997-02-11T00:00:00.000Z',156.65999999999999658,'Blondel père et fils','24, place Kléber','Strasbourg','67000','France');
INSERT INTO bd_bModel_transactional_Orders VALUES('e7a7b502-6543-445b-aa7e-6dd17a944a0e','2025-10-27T13:29:22.666Z','anonymous','2025-10-27T13:29:22.666Z','anonymous',10437,'WARTH',8,1,'10b828f9-beff-4a2c-bf3e-d497bb0345f7','525274a2-db97-4f25-a9be-4a616f8f6ece','47a2f778-93e0-47b7-9022-22a53dfccf7f','1997-02-05T00:00:00.000Z','1997-03-05T00:00:00.000Z','1997-02-12T00:00:00.000Z',19.969999999999998863,'Wartian Herkku','Torikatu 38','Oulu','90110','Finland');
INSERT INTO bd_bModel_transactional_Orders VALUES('2d13bd31-de4c-4efb-bd04-64abdbdd0e71','2025-10-27T13:29:22.666Z','anonymous','2025-10-27T13:29:22.666Z','anonymous',10438,'TOMSP',3,2,'0420513b-cfb6-4f2e-b49d-baf6fde4d4fc','2c592581-ef22-4041-9d96-c6cfcd855b4b','717e80ba-169e-4387-9a76-f8a1c3191679','1997-02-06T00:00:00.000Z','1997-03-06T00:00:00.000Z','1997-02-14T00:00:00.000Z',8.2400000000000002131,'Toms Spezialitäten','Luisenstr. 48','Münster','44087','Germany');
INSERT INTO bd_bModel_transactional_Orders VALUES('368ea496-57cd-4e57-a4fa-e50c87158915','2025-10-27T13:29:22.666Z','anonymous','2025-10-27T13:29:22.666Z','anonymous',10439,'MEREP',6,3,'22f69c37-9a06-4c7b-bce3-851b6670084f','5c76508f-9dd7-46da-aed3-566c64b1bd3f','8ea627a0-40c9-4179-9859-ee8b8c5c0d24','1997-02-07T00:00:00.000Z','1997-03-07T00:00:00.000Z','1997-02-10T00:00:00.000Z',4.0700000000000002842,'Mère Paillarde','43 rue St. Laurent','Montréal','H1J 1C3','Canada');
INSERT INTO bd_bModel_transactional_Orders VALUES('5eae948a-58f1-4e8f-936a-d528faf57bf2','2025-10-27T13:29:22.666Z','anonymous','2025-10-27T13:29:22.666Z','anonymous',10440,'SAVEA',4,2,'eb78fe32-6e61-4d63-a6f5-dc86c0326e24','e1ce3fd3-45c5-4871-b190-c8186f084874','717e80ba-169e-4387-9a76-f8a1c3191679','1997-02-10T00:00:00.000Z','1997-03-10T00:00:00.000Z','1997-02-28T00:00:00.000Z',86.530000000000001133,'Save-a-lot Markets','187 Suffolk Ln.','Boise','83720','USA');
INSERT INTO bd_bModel_transactional_Orders VALUES('e2ac5a8d-9699-4bb1-a587-3507212c0f9d','2025-10-27T13:29:22.666Z','anonymous','2025-10-27T13:29:22.666Z','anonymous',10441,'OLDWO',3,2,'d428d4e0-7bea-4cf9-a9c2-e917a2849b9b','2c592581-ef22-4041-9d96-c6cfcd855b4b','717e80ba-169e-4387-9a76-f8a1c3191679','1997-02-10T00:00:00.000Z','1997-03-24T00:00:00.000Z','1997-03-14T00:00:00.000Z',73.01999999999999602,'Old World Delicatessen','2743 Bering St.','Anchorage','99508','USA');
INSERT INTO bd_bModel_transactional_Orders VALUES('cc922c8a-3348-45fb-a239-54f7b585c98d','2025-10-27T13:29:22.666Z','anonymous','2025-10-27T13:29:22.666Z','anonymous',10442,'ERNSH',3,2,'be963b74-101a-4d7c-99f4-0f772c578f0b','2c592581-ef22-4041-9d96-c6cfcd855b4b','717e80ba-169e-4387-9a76-f8a1c3191679','1997-02-11T00:00:00.000Z','1997-03-11T00:00:00.000Z','1997-02-18T00:00:00.000Z',47.939999999999997727,'Ernst Handel','Kirchgasse 6','Graz','8010','Austria');
INSERT INTO bd_bModel_transactional_Orders VALUES('e9f1de44-21f4-401b-be72-c000d617028d','2025-10-27T13:29:22.666Z','anonymous','2025-10-27T13:29:22.666Z','anonymous',10443,'REGGC',8,1,'4fb86114-f2c1-4394-a350-f74dcaed21c1','525274a2-db97-4f25-a9be-4a616f8f6ece','47a2f778-93e0-47b7-9022-22a53dfccf7f','1997-02-12T00:00:00.000Z','1997-03-12T00:00:00.000Z','1997-02-14T00:00:00.000Z',13.949999999999999289,'Reggiani Caseifici','Strada Provinciale 124','Reggio Emilia','42100','Italy');
INSERT INTO bd_bModel_transactional_Orders VALUES('57a343cf-9c95-4e99-9754-f380ce3dfd7f','2025-10-27T13:29:22.666Z','anonymous','2025-10-27T13:29:22.666Z','anonymous',10444,'BERGS',3,3,'8f0e02ac-11f7-4fd1-8f59-8d0b1bf4374f','2c592581-ef22-4041-9d96-c6cfcd855b4b','8ea627a0-40c9-4179-9859-ee8b8c5c0d24','1997-02-12T00:00:00.000Z','1997-03-12T00:00:00.000Z','1997-02-21T00:00:00.000Z',3.5,'Berglunds snabbköp','Berguvsvägen  8','Luleå','S-958 22','Sweden');
INSERT INTO bd_bModel_transactional_Orders VALUES('0dec018b-313b-424a-bca4-51d51e839af0','2025-10-27T13:29:22.666Z','anonymous','2025-10-27T13:29:22.666Z','anonymous',10445,'BERGS',3,1,'8f0e02ac-11f7-4fd1-8f59-8d0b1bf4374f','2c592581-ef22-4041-9d96-c6cfcd855b4b','47a2f778-93e0-47b7-9022-22a53dfccf7f','1997-02-13T00:00:00.000Z','1997-03-13T00:00:00.000Z','1997-02-20T00:00:00.000Z',9.3000000000000007105,'Berglunds snabbköp','Berguvsvägen  8','Luleå','S-958 22','Sweden');
INSERT INTO bd_bModel_transactional_Orders VALUES('db04aa99-b944-4d97-ada2-85197426fddc','2025-10-27T13:29:22.666Z','anonymous','2025-10-27T13:29:22.666Z','anonymous',10446,'TOMSP',6,1,'0420513b-cfb6-4f2e-b49d-baf6fde4d4fc','5c76508f-9dd7-46da-aed3-566c64b1bd3f','47a2f778-93e0-47b7-9022-22a53dfccf7f','1997-02-14T00:00:00.000Z','1997-03-14T00:00:00.000Z','1997-02-19T00:00:00.000Z',14.679999999999999715,'Toms Spezialitäten','Luisenstr. 48','Münster','44087','Germany');
INSERT INTO bd_bModel_transactional_Orders VALUES('bf00403f-b681-409f-bb88-185657dd23df','2025-10-27T13:29:22.666Z','anonymous','2025-10-27T13:29:22.666Z','anonymous',10447,'RICAR',4,2,'111831d0-5f11-4093-a444-2a9174c87de2','e1ce3fd3-45c5-4871-b190-c8186f084874','717e80ba-169e-4387-9a76-f8a1c3191679','1997-02-14T00:00:00.000Z','1997-03-14T00:00:00.000Z','1997-03-07T00:00:00.000Z',68.659999999999996589,'Ricardo Adocicados','Av. Copacabana, 267','Rio de Janeiro','02389-890','Brazil');
/*CREATE TABLE bd_bModel_master_Customers (
  ID NVARCHAR(36) NOT NULL,
  createdAt TIMESTAMP_TEXT,
  createdBy NVARCHAR(255),
  modifiedAt TIMESTAMP_TEXT,
  modifiedBy NVARCHAR(255),
  CustomerID INTEGER,
  CompanyName NVARCHAR(100) NOT NULL,
  ContactName NVARCHAR(100),
  ContactTitle NVARCHAR(100),
  Address NVARCHAR(250),
  City NVARCHAR(100),
  Country NVARCHAR(100),
  PostalCode NVARCHAR(20),
  Phone NVARCHAR(20),
  Fax NVARCHAR(50),
  PRIMARY KEY(ID)
);
*/INSERT INTO bd_bModel_master_Customers VALUES('87e356f4-a24f-4fec-99e1-6786a0e0d268','2025-10-27T13:29:22.666Z','anonymous','2025-10-27T13:29:22.666Z','anonymous','ALFKI','Alfreds Futterkiste','Maria Anders','Sales Representative','Obere Str. 57','Berlin','Germany','12209','030-0074321','030-0076545');
INSERT INTO bd_bModel_master_Customers VALUES('48e9de26-f527-4890-9870-68e490a085ce','2025-10-27T13:29:22.666Z','anonymous','2025-10-27T13:29:22.666Z','anonymous','ANATR','Ana Trujillo Emparedados y helados','Ana Trujillo','Owner','Avda. de la Constitución 2222','México D.F.','Mexico','05021','(5) 555-4729','(5) 555-3745');
INSERT INTO bd_bModel_master_Customers VALUES('e0877564-8557-4fda-9d48-1051b734dff3','2025-10-27T13:29:22.666Z','anonymous','2025-10-27T13:29:22.666Z','anonymous','ANTON','Antonio Moreno Taquería','Antonio Moreno','Owner','Mataderos  2312','México D.F.','Mexico','05023','(5) 555-3932',NULL);
INSERT INTO bd_bModel_master_Customers VALUES('bded729c-53b1-492a-ab0c-38d1a40576b7','2025-10-27T13:29:22.666Z','anonymous','2025-10-27T13:29:22.666Z','anonymous','AROUT','Around the Horn','Thomas Hardy','Sales Representative','120 Hanover Sq.','London','UK','WA1 1DP','(171) 555-7788','(171) 555-6750');
INSERT INTO bd_bModel_master_Customers VALUES('8f0e02ac-11f7-4fd1-8f59-8d0b1bf4374f','2025-10-27T13:29:22.666Z','anonymous','2025-10-27T13:29:22.666Z','anonymous','BERGS','Berglunds snabbköp','Christina Berglund','Order Administrator','Berguvsvägen  8','Luleå','Sweden','S-958 22','0921-12 34 65','0921-12 34 67');
INSERT INTO bd_bModel_master_Customers VALUES('c2222f3f-361b-4be5-ab1e-dc3249db38f1','2025-10-27T13:29:22.666Z','anonymous','2025-10-27T13:29:22.666Z','anonymous','BLAUS','Blauer See Delikatessen','Hanna Moos','Sales Representative','Forsterstr. 57','Mannheim','Germany','68306','0621-08460','0621-08924');
INSERT INTO bd_bModel_master_Customers VALUES('df34a75d-bf4f-4389-a45a-cc5479d42d1c','2025-10-27T13:29:22.666Z','anonymous','2025-10-27T13:29:22.666Z','anonymous','BLONP','Blondesddsl père et fils','Frédérique Citeaux','Marketing Manager','24, place Kléber','Strasbourg','France','67000','88.60.15.31','88.60.15.32');
INSERT INTO bd_bModel_master_Customers VALUES('fe845d20-24e0-41f7-9648-ba1e2a23658d','2025-10-27T13:29:22.666Z','anonymous','2025-10-27T13:29:22.666Z','anonymous','BOLID','Bólido Comidas preparadas','Martín Sommer','Owner','C/ Araquil, 67','Madrid','Spain','28023','(91) 555 22 82','(91) 555 91 99');
INSERT INTO bd_bModel_master_Customers VALUES('44ee63ca-f003-43d3-80d6-0c497ee096b5','2025-10-27T13:29:22.666Z','anonymous','2025-10-27T13:29:22.666Z','anonymous','BONAP','Bon app''','Laurence Lebihan','Owner','12, rue des Bouchers','Marseille','France','13008','91.24.45.40','91.24.45.41');
INSERT INTO bd_bModel_master_Customers VALUES('8c12f305-a9d0-40b2-9ab5-d1b98a00c1d3','2025-10-27T13:29:22.666Z','anonymous','2025-10-27T13:29:22.666Z','anonymous','BOTTM','Bottom-Dollar Markets','Elizabeth Lincoln','Accounting Manager','23 Tsawassen Blvd.','Tsawassen','Canada','T2F 8M4','(604) 555-4729','(604) 555-3745');
INSERT INTO bd_bModel_master_Customers VALUES('aa7ab528-2717-4a19-ae65-7470dab007e7','2025-10-27T13:29:22.666Z','anonymous','2025-10-27T13:29:22.666Z','anonymous','BSBEV','B''s Beverages','Victoria Ashworth','Sales Representative','Fauntleroy Circus','London','UK','EC2 5NT','(171) 555-1212',NULL);
INSERT INTO bd_bModel_master_Customers VALUES('5e9b7305-a752-4b03-b262-dc08287b5aba','2025-10-27T13:29:22.666Z','anonymous','2025-10-27T13:29:22.666Z','anonymous','CACTU','Cactus Comidas para llevar','Patricio Simpson','Sales Agent','Cerrito 333','Buenos Aires','Argentina','1010','(1) 135-5555','(1) 135-4892');
INSERT INTO bd_bModel_master_Customers VALUES('637b00e2-fcbc-4ad3-a23a-d9e1249ec81c','2025-10-27T13:29:22.666Z','anonymous','2025-10-27T13:29:22.666Z','anonymous','CENTC','Centro comercial Moctezuma','Francisco Chang','Marketing Manager','Sierras de Granada 9993','México D.F.','Mexico','05022','(5) 555-3392','(5) 555-7293');
INSERT INTO bd_bModel_master_Customers VALUES('b8940eb7-eb5c-4f3d-8a8f-dbd08a1e3026','2025-10-27T13:29:22.666Z','anonymous','2025-10-27T13:29:22.666Z','anonymous','CHOPS','Chop-suey Chinese','Yang Wang','Owner','Hauptstr. 29','Bern','Switzerland','3012','0452-076545',NULL);
INSERT INTO bd_bModel_master_Customers VALUES('4652b5b0-c83f-472c-b46c-c17640ff3bb9','2025-10-27T13:29:22.666Z','anonymous','2025-10-27T13:29:22.666Z','anonymous','COMMI','Comércio Mineiro','Pedro Afonso','Sales Associate','Av. dos Lusíadas, 23','Sao Paulo','Brazil','05432-043','(11) 555-7647',NULL);
INSERT INTO bd_bModel_master_Customers VALUES('bf26226b-467b-44ff-a0e3-9ca6f56e22b6','2025-10-27T13:29:22.666Z','anonymous','2025-10-27T13:29:22.666Z','anonymous','CONSH','Consolidated Holdings','Elizabeth Brown','Sales Representative','Berkeley Gardens 12  Brewery','London','UK','WX1 6LT','(171) 555-2282','(171) 555-9199');
INSERT INTO bd_bModel_master_Customers VALUES('27a1079e-f780-4c4d-993f-a2ab65191ec4','2025-10-27T13:29:22.666Z','anonymous','2025-10-27T13:29:22.666Z','anonymous','DRACD','Drachenblut Delikatessen','Sven Ottlieb','Order Administrator','Walserweg 21','Aachen','Germany','52066','0241-039123','0241-059428');
INSERT INTO bd_bModel_master_Customers VALUES('1e3608cc-f0f8-4dc5-b459-e8d69634dcd3','2025-10-27T13:29:22.666Z','anonymous','2025-10-27T13:29:22.666Z','anonymous','DUMON','Du monde entier','Janine Labrune','Owner','67, rue des Cinquante Otages','Nantes','France','44000','40.67.88.88','40.67.89.89');
INSERT INTO bd_bModel_master_Customers VALUES('1c6d20e9-fa8b-43a4-b854-3bb0273815fa','2025-10-27T13:29:22.666Z','anonymous','2025-10-27T13:29:22.666Z','anonymous','EASTC','Eastern Connection','Ann Devon','Sales Agent','35 King George','London','UK','WX3 6FW','(171) 555-0297','(171) 555-3373');
INSERT INTO bd_bModel_master_Customers VALUES('be963b74-101a-4d7c-99f4-0f772c578f0b','2025-10-27T13:29:22.666Z','anonymous','2025-10-27T13:29:22.666Z','anonymous','ERNSH','Ernst Handel','Roland Mendel','Sales Manager','Kirchgasse 6','Graz','Austria','8010','7675-3425','7675-3426');
INSERT INTO bd_bModel_master_Customers VALUES('c9e89b0b-d0d7-4892-be53-1784bb0ade0f','2025-10-27T13:29:22.666Z','anonymous','2025-10-27T13:29:22.666Z','anonymous','FAMIA','Familia Arquibaldo','Aria Cruz','Marketing Assistant','Rua Orós, 92','Sao Paulo','Brazil','05442-030','(11) 555-9857',NULL);
INSERT INTO bd_bModel_master_Customers VALUES('821ed5d7-7268-48db-92d9-3cd08039058b','2025-10-27T13:29:22.666Z','anonymous','2025-10-27T13:29:22.666Z','anonymous','FISSA','FISSA Fabrica Inter. Salchichas S.A.','Diego Roel','Accounting Manager','C/ Moralzarzal, 86','Madrid','Spain','28034','(91) 555 94 44','(91) 555 55 93');
INSERT INTO bd_bModel_master_Customers VALUES('5df4d15e-c300-4bca-a410-eda660934457','2025-10-27T13:29:22.666Z','anonymous','2025-10-27T13:29:22.666Z','anonymous','FOLIG','Folies gourmandes','Martine Rancé','Assistant Sales Agent','184, chaussée de Tournai','Lille','France','59000','20.16.10.16','20.16.10.17');
INSERT INTO bd_bModel_master_Customers VALUES('30abbb3a-fb62-4b16-b095-7b9c4a10c508','2025-10-27T13:29:22.666Z','anonymous','2025-10-27T13:29:22.666Z','anonymous','FOLKO','Folk och fä HB','Maria Larsson','Owner','Åkergatan 24','Bräcke','Sweden','S-844 67','0695-34 67 21',NULL);
INSERT INTO bd_bModel_master_Customers VALUES('20714b84-ad79-4cfd-8493-abb0d0559352','2025-10-27T13:29:22.666Z','anonymous','2025-10-27T13:29:22.666Z','anonymous','FRANK','Frankenversand','Peter Franken','Marketing Manager','Berliner Platz 43','München','Germany','80805','089-0877310','089-0877451');
INSERT INTO bd_bModel_master_Customers VALUES('6f2b14a9-7ddb-4152-9e9d-cb1e2f81d4ca','2025-10-27T13:29:22.666Z','anonymous','2025-10-27T13:29:22.666Z','anonymous','FRANR','France restauration','Carine Schmitt','Marketing Manager','54, rue Royale','Nantes','France','44000','40.32.21.21','40.32.21.20');
INSERT INTO bd_bModel_master_Customers VALUES('b5aae606-88d3-43aa-86c2-864fae8c8f0b','2025-10-27T13:29:22.666Z','anonymous','2025-10-27T13:29:22.666Z','anonymous','FRANS','Franchi S.p.A.','Paolo Accorti','Sales Representative','Via Monte Bianco 34','Torino','Italy','10100','011-4988260','011-4988261');
INSERT INTO bd_bModel_master_Customers VALUES('27e92bb0-2f0a-4cd1-9376-0ad940b78637','2025-10-27T13:29:22.666Z','anonymous','2025-10-27T13:29:22.666Z','anonymous','FURIB','Furia Bacalhau e Frutos do Mar','Lino Rodriguez','Sales Manager','Jardim das rosas n. 32','Lisboa','Portugal','1675','(1) 354-2534','(1) 354-2535');
INSERT INTO bd_bModel_master_Customers VALUES('1462c553-7105-4ced-bb1e-3606372ec6c0','2025-10-27T13:29:22.666Z','anonymous','2025-10-27T13:29:22.666Z','anonymous','GALED','Galería del gastrónomo','Eduardo Saavedra','Marketing Manager','Rambla de Cataluña, 23','Barcelona','Spain','08022','(93) 203 4560','(93) 203 4561');
INSERT INTO bd_bModel_master_Customers VALUES('64152471-66bb-4c16-9e59-a54bac923491','2025-10-27T13:29:22.666Z','anonymous','2025-10-27T13:29:22.666Z','anonymous','GODOS','Godos Cocina Típica','José Pedro Freyre','Sales Manager','C/ Romero, 33','Sevilla','Spain','41101','(95) 555 82 82',NULL);
INSERT INTO bd_bModel_master_Customers VALUES('40fbfcf6-324f-41fb-8eae-76d4b4275fd3','2025-10-27T13:29:22.666Z','anonymous','2025-10-27T13:29:22.666Z','anonymous','GOURL','Gourmet Lanchonetes','André Fonseca','Sales Associate','Av. Brasil, 442','Campinas','Brazil','04876-786','(11) 555-9482',NULL);
INSERT INTO bd_bModel_master_Customers VALUES('e9e9a203-235c-4e8b-97b0-7cd9dd95a4bf','2025-10-27T13:29:22.666Z','anonymous','2025-10-27T13:29:22.666Z','anonymous','GREAL','Great Lakes Food Market','Howard Snyder','Marketing Manager','2732 Baker Blvd.','Eugene','USA','97403','(503) 555-7555',NULL);
INSERT INTO bd_bModel_master_Customers VALUES('55de2c37-5073-4c43-9bbe-12025cb8b549','2025-10-27T13:29:22.666Z','anonymous','2025-10-27T13:29:22.666Z','anonymous','GROSR','GROSELLA-Restaurante','Manuel Pereira','Owner','5ª Ave. Los Palos Grandes','Caracas','Venezuela','1081','(2) 283-2951','(2) 283-3397');
INSERT INTO bd_bModel_master_Customers VALUES('3d21c928-13fd-4c07-b4b7-e5b53c621348','2025-10-27T13:29:22.666Z','anonymous','2025-10-27T13:29:22.666Z','anonymous','HANAR','Hanari Carnes','Mario Pontes','Accounting Manager','Rua do Paço, 67','Rio de Janeiro','Brazil','05454-876','(21) 555-0091','(21) 555-8765');
INSERT INTO bd_bModel_master_Customers VALUES('32267e3a-0a4f-4be2-b2f6-8d0767c37b4e','2025-10-27T13:29:22.666Z','anonymous','2025-10-27T13:29:22.666Z','anonymous','HILAA','HILARION-Abastos','Carlos Hernández','Sales Representative','Carrera 22 con Ave. Carlos Soublette #8-35','San Cristóbal','Venezuela','5022','(5) 555-1340','(5) 555-1948');
INSERT INTO bd_bModel_master_Customers VALUES('1244d4b7-294f-45b5-8bf4-1087fc9d6761','2025-10-27T13:29:22.666Z','anonymous','2025-10-27T13:29:22.666Z','anonymous','HUNGC','Hungry Coyote Import Store','Yoshi Latimer','Sales Representative','City Center Plaza 516 Main St.','Elgin','USA','97827','(503) 555-6874','(503) 555-2376');
INSERT INTO bd_bModel_master_Customers VALUES('d8315cb2-7552-41bd-8a8b-dea2cbd89edb','2025-10-27T13:29:22.666Z','anonymous','2025-10-27T13:29:22.666Z','anonymous','HUNGO','Hungry Owl All-Night Grocers','Patricia McKenna','Sales Associate','8 Johnstown Road','Cork','Ireland',NULL,'2967 542','2967 3333');
INSERT INTO bd_bModel_master_Customers VALUES('5c367a89-27ca-4d02-8c44-81c3ef29e611','2025-10-27T13:29:22.666Z','anonymous','2025-10-27T13:29:22.666Z','anonymous','ISLAT','Island Trading','Helen Bennett','Marketing Manager','Garden House Crowther Way','Cowes','UK','PO31 7PJ','(198) 555-8888',NULL);
INSERT INTO bd_bModel_master_Customers VALUES('43bff302-ddb9-4581-9227-83888fdb8fae','2025-10-27T13:29:22.666Z','anonymous','2025-10-27T13:29:22.666Z','anonymous','KOENE','Königlich Essen','Philip Cramer','Sales Associate','Maubelstr. 90','Brandenburg','Germany','14776','0555-09876',NULL);
INSERT INTO bd_bModel_master_Customers VALUES('4479adfa-3ade-4bbf-8220-3965c8505d1b','2025-10-27T13:29:22.666Z','anonymous','2025-10-27T13:29:22.666Z','anonymous','LACOR','La corne d''abondance','Daniel Tonini','Sales Representative','67, avenue de l''Europe','Versailles','France','78000','30.59.84.10','30.59.85.11');
INSERT INTO bd_bModel_master_Customers VALUES('9fafe09d-cebf-4600-a036-55ec6972e2ae','2025-10-27T13:29:22.666Z','anonymous','2025-10-27T13:29:22.666Z','anonymous','LAMAI','La maison d''Asie','Annette Roulet','Sales Manager','1 rue Alsace-Lorraine','Toulouse','France','31000','61.77.61.10','61.77.61.11');
INSERT INTO bd_bModel_master_Customers VALUES('13b8f422-c013-41aa-94ef-12e585905b06','2025-10-27T13:29:22.666Z','anonymous','2025-10-27T13:29:22.666Z','anonymous','LAUGB','Laughing Bacchus Wine Cellars','Yoshi Tannamuri','Marketing Assistant','1900 Oak St.','Vancouver','Canada','V3F 2K1','(604) 555-3392','(604) 555-7293');
INSERT INTO bd_bModel_master_Customers VALUES('507dd85d-04d6-4cbe-bede-bcd6be99fb7a','2025-10-27T13:29:22.666Z','anonymous','2025-10-27T13:29:22.666Z','anonymous','LAZYK','Lazy K Kountry Store','John Steel','Marketing Manager','12 Orchestra Terrace','Walla Walla','USA','99362','(509) 555-7969','(509) 555-6221');
INSERT INTO bd_bModel_master_Customers VALUES('e2409824-e276-49ba-8af3-2a5d066159f3','2025-10-27T13:29:22.666Z','anonymous','2025-10-27T13:29:22.666Z','anonymous','LEHMS','Lehmanns Marktstand','Renate Messner','Sales Representative','Magazinweg 7','Frankfurt a.M.','Germany','60528','069-0245984','069-0245874');
INSERT INTO bd_bModel_master_Customers VALUES('e1217e1a-7453-48c2-bea3-79d6ec20fe04','2025-10-27T13:29:22.666Z','anonymous','2025-10-27T13:29:22.666Z','anonymous','LETSS','Let''s Stop N Shop','Jaime Yorres','Owner','87 Polk St. Suite 5','San Francisco','USA','94117','(415) 555-5938',NULL);
INSERT INTO bd_bModel_master_Customers VALUES('70daee43-9d99-4f69-8126-becf4e569ab0','2025-10-27T13:29:22.666Z','anonymous','2025-10-27T13:29:22.666Z','anonymous','LILAS','LILA-Supermercado','Carlos González','Accounting Manager','Carrera 52 con Ave. Bolívar #65-98 Llano Largo','Barquisimeto','Venezuela','3508','(9) 331-6954','(9) 331-7256');
INSERT INTO bd_bModel_master_Customers VALUES('e6813e3f-d981-4b47-ac7e-8022479e5823','2025-10-27T13:29:22.666Z','anonymous','2025-10-27T13:29:22.666Z','anonymous','LINOD','LINO-Delicateses','Felipe Izquierdo','Owner','Ave. 5 de Mayo Porlamar','I. de Margarita','Venezuela','4980','(8) 34-56-12','(8) 34-93-93');
INSERT INTO bd_bModel_master_Customers VALUES('9384536e-c849-432d-9ffd-dd0a5022407b','2025-10-27T13:29:22.666Z','anonymous','2025-10-27T13:29:22.666Z','anonymous','LONEP','Lonesome Pine Restaurant','Fran Wilson','Sales Manager','89 Chiaroscuro Rd.','Portland','USA','97219','(503) 555-9573','(503) 555-9646');
INSERT INTO bd_bModel_master_Customers VALUES('6fc459c5-8687-427d-bf1f-d672afcda46b','2025-10-27T13:29:22.666Z','anonymous','2025-10-27T13:29:22.666Z','anonymous','MAGAA','Magazzini Alimentari Riuniti','Giovanni Rovelli','Marketing Manager','Via Ludovico il Moro 22','Bergamo','Italy','24100','035-640230','035-640231');
INSERT INTO bd_bModel_master_Customers VALUES('a0f3f285-8b42-431e-a5d2-1472f18653d3','2025-10-27T13:29:22.666Z','anonymous','2025-10-27T13:29:22.666Z','anonymous','MAISD','Maison Dewey','Catherine Dewey','Sales Agent','Rue Joseph-Bens 532','Bruxelles','Belgium','B-1180','(02) 201 24 67','(02) 201 24 68');
INSERT INTO bd_bModel_master_Customers VALUES('22f69c37-9a06-4c7b-bce3-851b6670084f','2025-10-27T13:29:22.666Z','anonymous','2025-10-27T13:29:22.666Z','anonymous','MEREP','Mère Paillarde','Jean Fresnière','Marketing Assistant','43 rue St. Laurent','Montréal','Canada','H1J 1C3','(514) 555-8054','(514) 555-8055');
INSERT INTO bd_bModel_master_Customers VALUES('b7f9a516-8a88-4a04-99b3-62b20086c3ea','2025-10-27T13:29:22.666Z','anonymous','2025-10-27T13:29:22.666Z','anonymous','MORGK','Morgenstern Gesundkost','Alexander Feuer','Marketing Assistant','Heerstr. 22','Leipzig','Germany','04179','0342-023176',NULL);
INSERT INTO bd_bModel_master_Customers VALUES('a8d8de41-e65f-4035-ba88-9f20ba940d49','2025-10-27T13:29:22.666Z','anonymous','2025-10-27T13:29:22.666Z','anonymous','NORTS','North/South','Simon Crowther','Sales Associate','South House 300 Queensbridge','London','UK','SW7 1RZ','(171) 555-7733','(171) 555-2530');
INSERT INTO bd_bModel_master_Customers VALUES('e5d52c05-e1e1-4457-9c80-03489b000448','2025-10-27T13:29:22.666Z','anonymous','2025-10-27T13:29:22.666Z','anonymous','OCEAN','Océano Atlántico Ltda.','Yvonne Moncada','Sales Agent','Ing. Gustavo Moncada 8585 Piso 20-A','Buenos Aires','Argentina','1010','(1) 135-5333','(1) 135-5535');
INSERT INTO bd_bModel_master_Customers VALUES('d428d4e0-7bea-4cf9-a9c2-e917a2849b9b','2025-10-27T13:29:22.666Z','anonymous','2025-10-27T13:29:22.666Z','anonymous','OLDWO','Old World Delicatessen','Rene Phillips','Sales Representative','2743 Bering St.','Anchorage','USA','99508','(907) 555-7584','(907) 555-2880');
INSERT INTO bd_bModel_master_Customers VALUES('450ec100-2c63-4926-94a0-119cc58d4ac4','2025-10-27T13:29:22.666Z','anonymous','2025-10-27T13:29:22.666Z','anonymous','OTTIK','Ottilies Käseladen','Henriette Pfalzheim','Owner','Mehrheimerstr. 369','Köln','Germany','50739','0221-0644327','0221-0765721');
INSERT INTO bd_bModel_master_Customers VALUES('5c57d7e8-6dd7-450b-932b-0a469fb3a130','2025-10-27T13:29:22.666Z','anonymous','2025-10-27T13:29:22.666Z','anonymous','PARIS','Paris spécialités','Marie Bertrand','Owner','265, boulevard Charonne','Paris','France','75012','(1) 42.34.22.66','(1) 42.34.22.77');
INSERT INTO bd_bModel_master_Customers VALUES('e8022fe7-003c-42e4-aacb-7b9ac60b95d9','2025-10-27T13:29:22.666Z','anonymous','2025-10-27T13:29:22.666Z','anonymous','PERIC','Pericles Comidas clásicas','Guillermo Fernández','Sales Representative','Calle Dr. Jorge Cash 321','México D.F.','Mexico','05033','(5) 552-3745','(5) 545-3745');
INSERT INTO bd_bModel_master_Customers VALUES('a1d8b40c-fb4e-4788-89bd-d421f0aad160','2025-10-27T13:29:22.666Z','anonymous','2025-10-27T13:29:22.666Z','anonymous','PICCO','Piccolo und mehr','Georg Pipps','Sales Manager','Geislweg 14','Salzburg','Austria','5020','6562-9722','6562-9723');
INSERT INTO bd_bModel_master_Customers VALUES('1ee53ed2-88fc-4d80-aa99-c02fbf171661','2025-10-27T13:29:22.666Z','anonymous','2025-10-27T13:29:22.666Z','anonymous','PRINI','Princesa Isabel Vinhos','Isabel de Castro','Sales Representative','Estrada da saúde n. 58','Lisboa','Portugal','1756','(1) 356-5634',NULL);
INSERT INTO bd_bModel_master_Customers VALUES('31653a1d-248f-4a2a-866d-9b58ec1fd4e4','2025-10-27T13:29:22.666Z','anonymous','2025-10-27T13:29:22.666Z','anonymous','QUEDE','Que Delícia','Bernardo Batista','Accounting Manager','Rua da Panificadora, 12','Rio de Janeiro','Brazil','02389-673','(21) 555-4252','(21) 555-4545');
INSERT INTO bd_bModel_master_Customers VALUES('fb2a77d7-e1e9-4969-bc87-057d68640d23','2025-10-27T13:29:22.666Z','anonymous','2025-10-27T13:29:22.666Z','anonymous','QUEEN','Queen Cozinha','Lúcia Carvalho','Marketing Assistant','Alameda dos Canàrios, 891','Sao Paulo','Brazil','05487-020','(11) 555-1189',NULL);
INSERT INTO bd_bModel_master_Customers VALUES('51c05fae-6add-493a-8004-136d9ccc907e','2025-10-27T13:29:22.666Z','anonymous','2025-10-27T13:29:22.666Z','anonymous','QUICK','QUICK-Stop','Horst Kloss','Accounting Manager','Taucherstraße 10','Cunewalde','Germany','01307','0372-035188',NULL);
INSERT INTO bd_bModel_master_Customers VALUES('c5773700-62ca-4ae0-9451-aed0eded84eb','2025-10-27T13:29:22.666Z','anonymous','2025-10-27T13:29:22.666Z','anonymous','RANCH','Rancho grande','Sergio Gutiérrez','Sales Representative','Av. del Libertador 900','Buenos Aires','Argentina','1010','(1) 123-5555','(1) 123-5556');
INSERT INTO bd_bModel_master_Customers VALUES('f15eb348-98a3-4e0c-a427-060637e31d10','2025-10-27T13:29:22.666Z','anonymous','2025-10-27T13:29:22.666Z','anonymous','RATTC','Rattlesnake Canyon Grocery','Paula Wilson','Assistant Sales Representative','2817 Milton Dr.','Albuquerque','USA','87110','(505) 555-5939','(505) 555-3620');
INSERT INTO bd_bModel_master_Customers VALUES('4fb86114-f2c1-4394-a350-f74dcaed21c1','2025-10-27T13:29:22.666Z','anonymous','2025-10-27T13:29:22.666Z','anonymous','REGGC','Reggiani Caseifici','Maurizio Moroni','Sales Associate','Strada Provinciale 124','Reggio Emilia','Italy','42100','0522-556721','0522-556722');
INSERT INTO bd_bModel_master_Customers VALUES('111831d0-5f11-4093-a444-2a9174c87de2','2025-10-27T13:29:22.666Z','anonymous','2025-10-27T13:29:22.666Z','anonymous','RICAR','Ricardo Adocicados','Janete Limeira','Assistant Sales Agent','Av. Copacabana, 267','Rio de Janeiro','Brazil','02389-890','(21) 555-3412',NULL);
INSERT INTO bd_bModel_master_Customers VALUES('93637861-fd0a-4d50-b4b9-59217fa2ce16','2025-10-27T13:29:22.666Z','anonymous','2025-10-27T13:29:22.666Z','anonymous','RICSU','Richter Supermarkt','Michael Holz','Sales Manager','Grenzacherweg 237','Genève','Switzerland','1203','0897-034214',NULL);
INSERT INTO bd_bModel_master_Customers VALUES('512e9b43-6578-44a0-91de-07f196560672','2025-10-27T13:29:22.666Z','anonymous','2025-10-27T13:29:22.666Z','anonymous','ROMEY','Romero y tomillo','Alejandra Camino','Accounting Manager','Gran Vía, 1','Madrid','Spain','28001','(91) 745 6200','(91) 745 6210');
INSERT INTO bd_bModel_master_Customers VALUES('7b10c623-c489-4214-8cb0-3a231836dd12','2025-10-27T13:29:22.666Z','anonymous','2025-10-27T13:29:22.666Z','anonymous','SANTG','Santé Gourmet','Jonas Bergulfsen','Owner','Erling Skakkes gate 78','Stavern','Norway','4110','07-98 92 35','07-98 92 47');
INSERT INTO bd_bModel_master_Customers VALUES('eb78fe32-6e61-4d63-a6f5-dc86c0326e24','2025-10-27T13:29:22.666Z','anonymous','2025-10-27T13:29:22.666Z','anonymous','SAVEA','Save-a-lot Markets','Jose Pavarotti','Sales Representative','187 Suffolk Ln.','Boise','USA','83720','(208) 555-8097',NULL);
INSERT INTO bd_bModel_master_Customers VALUES('e549816d-acf6-43e0-a655-17f3e331d798','2025-10-27T13:29:22.666Z','anonymous','2025-10-27T13:29:22.666Z','anonymous','SEVES','Seven Seas Imports','Hari Kumar','Sales Manager','90 Wadhurst Rd.','London','UK','OX15 4NB','(171) 555-1717','(171) 555-5646');
INSERT INTO bd_bModel_master_Customers VALUES('21f718d9-5158-4f42-b3dd-198708794aa0','2025-10-27T13:29:22.666Z','anonymous','2025-10-27T13:29:22.666Z','anonymous','SIMOB','Simons bistro','Jytte Petersen','Owner','Vinbæltet 34','Kobenhavn','Denmark','1734','31 12 34 56','31 13 35 57');
INSERT INTO bd_bModel_master_Customers VALUES('71b4bc36-1fed-46c1-9c9f-4d408984fa22','2025-10-27T13:29:22.666Z','anonymous','2025-10-27T13:29:22.666Z','anonymous','SPECD','Spécialités du monde','Dominique Perrier','Marketing Manager','25, rue Lauriston','Paris','France','75016','(1) 47.55.60.10','(1) 47.55.60.20');
INSERT INTO bd_bModel_master_Customers VALUES('03175c2e-8a31-4f78-9feb-c5751e0c432d','2025-10-27T13:29:22.666Z','anonymous','2025-10-27T13:29:22.666Z','anonymous','SPLIR','Split Rail Beer & Ale','Art Braunschweiger','Sales Manager','P.O. Box 555','Lander','USA','82520','(307) 555-4680','(307) 555-6525');
INSERT INTO bd_bModel_master_Customers VALUES('39918438-bf9c-46fa-abda-686d2aef46fd','2025-10-27T13:29:22.666Z','anonymous','2025-10-27T13:29:22.666Z','anonymous','SUPRD','Suprêmes délices','Pascale Cartrain','Accounting Manager','Boulevard Tirou, 255','Charleroi','Belgium','B-6000','(071) 23 67 22 20','(071) 23 67 22 21');
INSERT INTO bd_bModel_master_Customers VALUES('96574316-da36-43ff-9254-dfa2e0241117','2025-10-27T13:29:22.666Z','anonymous','2025-10-27T13:29:22.666Z','anonymous','THEBI','The Big Cheese','Liz Nixon','Marketing Manager','89 Jefferson Way Suite 2','Portland','USA','97201','(503) 555-3612',NULL);
INSERT INTO bd_bModel_master_Customers VALUES('c3b695c3-316d-480c-b90d-289c17a0afdf','2025-10-27T13:29:22.666Z','anonymous','2025-10-27T13:29:22.666Z','anonymous','THECR','The Cracker Box','Liu Wong','Marketing Assistant','55 Grizzly Peak Rd.','Butte','USA','59801','(406) 555-5834','(406) 555-8083');
INSERT INTO bd_bModel_master_Customers VALUES('0420513b-cfb6-4f2e-b49d-baf6fde4d4fc','2025-10-27T13:29:22.666Z','anonymous','2025-10-27T13:29:22.666Z','anonymous','TOMSP','Toms Spezialitäten','Karin Josephs','Marketing Manager','Luisenstr. 48','Münster','Germany','44087','0251-031259','0251-035695');
INSERT INTO bd_bModel_master_Customers VALUES('2c68663e-386b-4e0d-9765-c6cb1b5d23aa','2025-10-27T13:29:22.666Z','anonymous','2025-10-27T13:29:22.666Z','anonymous','TORTU','Tortuga Restaurante','Miguel Angel Paolino','Owner','Avda. Azteca 123','México D.F.','Mexico','05033','(5) 555-2933',NULL);
INSERT INTO bd_bModel_master_Customers VALUES('b8be027b-44d7-4270-aaf5-fe35c8f7839c','2025-10-27T13:29:22.666Z','anonymous','2025-10-27T13:29:22.666Z','anonymous','TRADH','Tradição Hipermercados','Anabela Domingues','Sales Representative','Av. Inês de Castro, 414','Sao Paulo','Brazil','05634-030','(11) 555-2167','(11) 555-2168');
INSERT INTO bd_bModel_master_Customers VALUES('d8bc0c1c-fd07-43eb-bed8-5fe17f2571a6','2025-10-27T13:29:22.666Z','anonymous','2025-10-27T13:29:22.666Z','anonymous','TRAIH','Trail''s Head Gourmet Provisioners','Helvetius Nagy','Sales Associate','722 DaVinci Blvd.','Kirkland','USA','98034','(206) 555-8257','(206) 555-2174');
INSERT INTO bd_bModel_master_Customers VALUES('77e5689e-aa24-40fa-85b3-77f6aa0fcfc8','2025-10-27T13:29:22.666Z','anonymous','2025-10-27T13:29:22.666Z','anonymous','VAFFE','Vaffeljernet','Palle Ibsen','Sales Manager','Smagsloget 45','Århus','Denmark','8200','86 21 32 43','86 22 33 44');
INSERT INTO bd_bModel_master_Customers VALUES('4dd72d67-5590-4969-a3d1-450714fb8027','2025-10-27T13:29:22.666Z','anonymous','2025-10-27T13:29:22.666Z','anonymous','VICTE','Victuailles en stock','Mary Saveley','Sales Agent','2, rue du Commerce','Lyon','France','69004','78.32.54.86','78.32.54.87');
INSERT INTO bd_bModel_master_Customers VALUES('792afc76-d95e-4a47-9b7a-712e5602f883','2025-10-27T13:29:22.666Z','anonymous','2025-10-27T13:29:22.666Z','anonymous','VINET','Vins et alcools Chevalier','Paul Henriot','Accounting Manager','59 rue de l''Abbaye','Reims','France','51100','26.47.15.10','26.47.15.11');
INSERT INTO bd_bModel_master_Customers VALUES('d5ca6dc2-b3a9-4b2b-8363-7eb610bac217','2025-10-27T13:29:22.666Z','anonymous','2025-10-27T13:29:22.666Z','anonymous','WANDK','Die Wandernde Kuh','Rita Müller','Sales Representative','Adenauerallee 900','Stuttgart','Germany','70563','0711-020361','0711-035428');
INSERT INTO bd_bModel_master_Customers VALUES('10b828f9-beff-4a2c-bf3e-d497bb0345f7','2025-10-27T13:29:22.666Z','anonymous','2025-10-27T13:29:22.666Z','anonymous','WARTH','Wartian Herkku','Pirkko Koskitalo','Accounting Manager','Torikatu 38','Oulu','Finland','90110','981-443655','981-443655');
INSERT INTO bd_bModel_master_Customers VALUES('7ae74edc-88fa-4411-84b0-f337d4309674','2025-10-27T13:29:22.666Z','anonymous','2025-10-27T13:29:22.666Z','anonymous','WELLI','Wellington Importadora','Paula Parente','Sales Manager','Rua do Mercado, 12','Resende','Brazil','08737-363','(14) 555-8122',NULL);
INSERT INTO bd_bModel_master_Customers VALUES('7beb0322-4651-4e21-9c3d-9e367f5eae19','2025-10-27T13:29:22.666Z','anonymous','2025-10-27T13:29:22.666Z','anonymous','WHITC','White Clover Markets','Karl Jablonski','Owner','305 - 14th Ave. S. Suite 3B','Seattle','USA','98128','(206) 555-4112','(206) 555-4115');
INSERT INTO bd_bModel_master_Customers VALUES('f2e78300-6d02-4c64-97f0-0ad54cea842d','2025-10-27T13:29:22.666Z','anonymous','2025-10-27T13:29:22.666Z','anonymous','WILMK','Wilman Kala','Matti Karttunen','Owner/Marketing Assistant','Keskuskatu 45','Helsinki','Finland','21240','90-224 8858','90-224 8858');
INSERT INTO bd_bModel_master_Customers VALUES('eb35c521-7a1e-4bac-930b-e6b27872ad6f','2025-10-27T13:29:22.666Z','anonymous','2025-10-27T13:29:22.666Z','anonymous','WOLZA','Wolski  Zajazd','Zbyszek Piestrzeniewicz','Owner','ul. Filtrowa 68','Warszawa','Poland','01-012','(26) 642-7012','(26) 642-7012');
/*CREATE TABLE bd_bModel_master_Employees (
  ID NVARCHAR(36) NOT NULL,
  createdAt TIMESTAMP_TEXT,
  createdBy NVARCHAR(255),
  modifiedAt TIMESTAMP_TEXT,
  modifiedBy NVARCHAR(255),
  EmployeeID INTEGER,
  reportsTo_ID NVARCHAR(36),
  territory_ID NVARCHAR(36),
  LastName NVARCHAR(100),
  FirstName NVARCHAR(100),
  Title NVARCHAR(100),
  TitleOfCourtesy NVARCHAR(50),
  BirthDate DATETIME_TEXT NOT NULL,
  HireDate DATETIME_TEXT NOT NULL,
  Address NVARCHAR(200),
  City NVARCHAR(100),
  PostalCode NVARCHAR(20),
  Country NVARCHAR(100),
  HomePhone NVARCHAR(50),
  Extension NVARCHAR(20),
  Notes NVARCHAR(255),
  PRIMARY KEY(ID)
);
*/INSERT INTO bd_bModel_master_Employees VALUES('c1bba1e1-76e2-4a34-bf6d-70644a453b86','2025-10-27T13:29:22.666Z','anonymous','2025-10-27T13:29:22.666Z','anonymous',1,'d4beb5bb-e6d0-4717-bbd0-3460aad9de91',NULL,'Davolio','Nancy','Sales Representative','Ms.','1948-12-08T00:00:00.000Z','1992-05-01T00:00:00.000Z',replace(replace('507 - 20th Ave. E.\r\nApt. 2A','\r',char(13)),'\n',char(10)),'Seattle','98122','USA','(206) 555-9857','5467','Education includes a BA in psychology from Colorado State University in 1970.  She also completed "The Art of the Cold Call."  Nancy is a member of Toastmasters International.');
INSERT INTO bd_bModel_master_Employees VALUES('d4beb5bb-e6d0-4717-bbd0-3460aad9de91','2025-10-27T13:29:22.666Z','anonymous','2025-10-27T13:29:22.666Z','anonymous',2,NULL,NULL,'Fuller','Andrew','Vice President, Sales','Dr.','1952-02-19T00:00:00.000Z','1992-08-14T00:00:00.000Z','908 W. Capital Way','Tacoma','98401','USA','(206) 555-9482','3457','Andrew received his BTS commercial in 1974 and a Ph.D. in international marketing from the University of Dallas in 1981.  He is fluent in French and Italian and reads German.  He joined the company as a sales representative, was promoted to sales manager in January 1992 and to vice president of sales in March 1993.  Andrew is a member of the Sales Management Roundtable, the Seattle Chamber of Commerce, and the Pacific Rim Importers Association.');
INSERT INTO bd_bModel_master_Employees VALUES('2c592581-ef22-4041-9d96-c6cfcd855b4b','2025-10-27T13:29:22.666Z','anonymous','2025-10-27T13:29:22.666Z','anonymous',3,'d4beb5bb-e6d0-4717-bbd0-3460aad9de91',NULL,'Leverling','Janet','Sales Representative','Ms.','1963-08-30T00:00:00.000Z','1992-04-01T00:00:00.000Z','722 Moss Bay Blvd.','Kirkland','98033','USA','(206) 555-3412','3355','Janet has a BS degree in chemistry from Boston College (1984).  She has also completed a certificate program in food retailing management.  Janet was hired as a sales associate in 1991 and promoted to sales representative in February 1992.');
INSERT INTO bd_bModel_master_Employees VALUES('e1ce3fd3-45c5-4871-b190-c8186f084874','2025-10-27T13:29:22.666Z','anonymous','2025-10-27T13:29:22.666Z','anonymous',4,'d4beb5bb-e6d0-4717-bbd0-3460aad9de91',NULL,'Peacock','Margaret','Sales Representative','Mrs.','1937-09-19T00:00:00.000Z','1993-05-03T00:00:00.000Z','4110 Old Redmond Rd.','Redmond','98052','USA','(206) 555-8122','5176','Margaret holds a BA in English literature from Concordia College (1958) and an MA from the American Institute of Culinary Arts (1966).  She was assigned to the London office temporarily from July through November 1992.');
INSERT INTO bd_bModel_master_Employees VALUES('bc46806c-b2e3-4cfd-9833-54fe5b92edaf','2025-10-27T13:29:22.666Z','anonymous','2025-10-27T13:29:22.666Z','anonymous',5,'d4beb5bb-e6d0-4717-bbd0-3460aad9de91',NULL,'Buchanan','Steven','Sales Manager','Mr.','1955-03-04T00:00:00.000Z','1993-10-17T00:00:00.000Z','14 Garrett Hill','London','SW1 8JR','UK','(71) 555-4848','3453','Steven Buchanan graduated from St. Andrews University, Scotland, with a BSC degree in 1976.  Upon joining the company as a sales representative in 1992, he spent 6 months in an orientation program at the Seattle office and then returned to his permanent post in London.  He was promoted to sales manager in March 1993.  Mr. Buchanan has completed the courses "Successful Telemarketing" and "International Sales Management."  He is fluent in French.');
INSERT INTO bd_bModel_master_Employees VALUES('5c76508f-9dd7-46da-aed3-566c64b1bd3f','2025-10-27T13:29:22.666Z','anonymous','2025-10-27T13:29:22.666Z','anonymous',6,'5c76508f-9dd7-46da-aed3-566c64b1bd3f',NULL,'Suyama','Michael','Sales Representative','Mr.','1963-07-02T00:00:00.000Z','1993-10-17T00:00:00.000Z',replace(replace('Coventry House\r\nMiner Rd.','\r',char(13)),'\n',char(10)),'London','EC2 7JR','UK','(71) 555-7773','428','Michael is a graduate of Sussex University (MA, economics, 1983) and the University of California at Los Angeles (MBA, marketing, 1986).  He has also taken the courses "Multi-Cultural Selling" and "Time Management for the Sales Professional."  He is fluent in Japanese and can read and write French, Portuguese, and Spanish.');
INSERT INTO bd_bModel_master_Employees VALUES('22a4583d-6a94-4b0c-9b95-b655438758e9','2025-10-27T13:29:22.666Z','anonymous','2025-10-27T13:29:22.666Z','anonymous',7,'5c76508f-9dd7-46da-aed3-566c64b1bd3f',NULL,'King','Robert','Sales Representative','Mr.','1960-05-29T00:00:00.000Z','1994-01-02T00:00:00.000Z',replace(replace('Edgeham Hollow\r\nWinchester Way','\r',char(13)),'\n',char(10)),'London','RG1 9SP','UK','(71) 555-5598','465','Robert King served in the Peace Corps and traveled extensively before completing his degree in English at the University of Michigan in 1992, the year he joined the company.  After completing a course entitled "Selling in Europe," he was transferred to the London office in March 1993.');
INSERT INTO bd_bModel_master_Employees VALUES('525274a2-db97-4f25-a9be-4a616f8f6ece','2025-10-27T13:29:22.666Z','anonymous','2025-10-27T13:29:22.666Z','anonymous',8,'d4beb5bb-e6d0-4717-bbd0-3460aad9de91',NULL,'Callahan','Laura','Inside Sales Coordinator','Ms.','1958-01-09T00:00:00.000Z','1994-03-05T00:00:00.000Z','4726 - 11th Ave. N.E.','Seattle','98105','USA','(206) 555-1189','2344','Laura received a BA in psychology from the University of Washington.  She has also completed a course in business French.  She reads and writes French.');
INSERT INTO bd_bModel_master_Employees VALUES('8f73e309-98dc-47ba-9544-3e549fe30f62','2025-10-27T13:29:22.666Z','anonymous','2025-10-27T13:29:22.666Z','anonymous',9,'5c76508f-9dd7-46da-aed3-566c64b1bd3f',NULL,'Dodsworth','Anne','Sales Representative','Ms.','1966-01-27T00:00:00.000Z','1994-11-15T00:00:00.000Z','7 Houndstooth Rd.','London','WG2 7LT','UK','(71) 555-4444','452','Anne has a BA degree in English from St. Lawrence College.  She is fluent in French and German.');
/*CREATE TABLE bd_bModel_master_Territories (
  ID NVARCHAR(36) NOT NULL,
  TerritoryID INTEGER,
  RegionID INTEGER,
  region_ID NVARCHAR(36),
  Description NVARCHAR(250) NOT NULL,
  PRIMARY KEY(ID)
);
*/INSERT INTO bd_bModel_master_Territories VALUES('3df59cfd-91ce-4e3b-92c9-d3d7e3449777',1581,1,'5a13ea79-2b5f-4996-a5a0-d36b6386421d','Westboro');
INSERT INTO bd_bModel_master_Territories VALUES('20fc92af-d768-4714-bade-ec60be89e348',1730,1,'5a13ea79-2b5f-4996-a5a0-d36b6386421d','Bedford');
INSERT INTO bd_bModel_master_Territories VALUES('11b70072-1522-48b6-8ab1-66c717ab9f48',1833,1,'5a13ea79-2b5f-4996-a5a0-d36b6386421d','Georgetow');
INSERT INTO bd_bModel_master_Territories VALUES('5e1591ba-ba13-4b40-960d-99282167d93a',2116,1,'5a13ea79-2b5f-4996-a5a0-d36b6386421d','Boston');
INSERT INTO bd_bModel_master_Territories VALUES('f276e924-177f-4c9b-b14e-5d49de01cbfa',2139,1,'5a13ea79-2b5f-4996-a5a0-d36b6386421d','Cambridge');
INSERT INTO bd_bModel_master_Territories VALUES('cab73b8a-794a-49f2-bcd1-09ad858482f4',2184,1,'5a13ea79-2b5f-4996-a5a0-d36b6386421d','Braintree');
INSERT INTO bd_bModel_master_Territories VALUES('13c624b9-49c5-48d2-b7de-1f4b26b295d3',2903,1,'5a13ea79-2b5f-4996-a5a0-d36b6386421d','Providence');
INSERT INTO bd_bModel_master_Territories VALUES('12abe70e-179f-4ddd-bdb3-259adca15abd',3049,3,'66291784-b0d0-4019-8950-d78feb882f3a','Hollis');
INSERT INTO bd_bModel_master_Territories VALUES('8bd84265-17dc-4aa4-82af-cfc480be2cd1',3801,3,'66291784-b0d0-4019-8950-d78feb882f3a','Portsmouth');
INSERT INTO bd_bModel_master_Territories VALUES('a6c981f7-86a8-4998-ba22-f7bbd95f0769',6897,1,'5a13ea79-2b5f-4996-a5a0-d36b6386421d','Wilton');
INSERT INTO bd_bModel_master_Territories VALUES('e1d0c97e-6772-4e87-ab1c-9140b030d2e6',7960,1,'5a13ea79-2b5f-4996-a5a0-d36b6386421d','Morristown');
INSERT INTO bd_bModel_master_Territories VALUES('6c73d87b-fd13-4acd-a645-e49ceea79610',8837,1,'5a13ea79-2b5f-4996-a5a0-d36b6386421d','Edison');
INSERT INTO bd_bModel_master_Territories VALUES('af48c4a6-2a3c-4e84-976c-3ab5d509d89f',10019,1,'5a13ea79-2b5f-4996-a5a0-d36b6386421d','New York');
INSERT INTO bd_bModel_master_Territories VALUES('50ce565e-bf80-4bd7-a8c3-add03d4d351f',10038,1,'5a13ea79-2b5f-4996-a5a0-d36b6386421d','New York');
INSERT INTO bd_bModel_master_Territories VALUES('44c64290-df16-45dd-b47f-71faef3696f9',11747,1,'5a13ea79-2b5f-4996-a5a0-d36b6386421d','Mellvile');
INSERT INTO bd_bModel_master_Territories VALUES('e4a7c73c-c271-4956-85e5-1afe94460280',14450,1,'5a13ea79-2b5f-4996-a5a0-d36b6386421d','Fairport');
INSERT INTO bd_bModel_master_Territories VALUES('6345eaad-45b6-42ff-8851-bbab206f5820',19428,3,'66291784-b0d0-4019-8950-d78feb882f3a','Philadelphia');
INSERT INTO bd_bModel_master_Territories VALUES('c7853e31-e6ff-4c0c-b20a-7b0475dc8d4f',19713,1,'5a13ea79-2b5f-4996-a5a0-d36b6386421d','Neward');
INSERT INTO bd_bModel_master_Territories VALUES('b2b8af07-576b-41c5-b05b-e68fd76d7769',20852,1,'5a13ea79-2b5f-4996-a5a0-d36b6386421d','Rockville');
INSERT INTO bd_bModel_master_Territories VALUES('eae4962f-2d9d-4fe8-b767-16e87911a720',27403,1,'5a13ea79-2b5f-4996-a5a0-d36b6386421d','Greensboro');
INSERT INTO bd_bModel_master_Territories VALUES('3d438b40-91e4-48c6-8984-b97402270ec3',27511,1,'5a13ea79-2b5f-4996-a5a0-d36b6386421d','Cary');
INSERT INTO bd_bModel_master_Territories VALUES('5591e632-f114-407b-9866-6ab889534d61',29202,4,'50c51923-5dac-4f6c-9df5-3a43730ef18c','Columbia');
INSERT INTO bd_bModel_master_Territories VALUES('5bcd4cf6-1f0c-446b-8845-c2b95a06e10c',30346,4,'50c51923-5dac-4f6c-9df5-3a43730ef18c','Atlanta');
INSERT INTO bd_bModel_master_Territories VALUES('59805b8f-8dc1-4839-82ee-98599b72d58b',31406,4,'50c51923-5dac-4f6c-9df5-3a43730ef18c','Savannah');
INSERT INTO bd_bModel_master_Territories VALUES('f6148a53-4847-452d-ba6b-e6902cf3becd',32859,4,'50c51923-5dac-4f6c-9df5-3a43730ef18c','Orlando');
INSERT INTO bd_bModel_master_Territories VALUES('87f7cbcc-9963-4a8b-a773-286371edc05c',33607,4,'50c51923-5dac-4f6c-9df5-3a43730ef18c','Tampa');
INSERT INTO bd_bModel_master_Territories VALUES('2a481681-ac81-45ac-af62-690ba8ee542a',40222,1,'5a13ea79-2b5f-4996-a5a0-d36b6386421d','Louisville');
INSERT INTO bd_bModel_master_Territories VALUES('951353f3-a509-4863-ad09-82c28676bf28',44122,3,'66291784-b0d0-4019-8950-d78feb882f3a','Beachwood');
INSERT INTO bd_bModel_master_Territories VALUES('3d874854-26d9-47e1-878f-e6628ccc3331',45839,3,'66291784-b0d0-4019-8950-d78feb882f3a','Findlay');
INSERT INTO bd_bModel_master_Territories VALUES('a2d36c3d-6aac-4d12-8f28-ea913c85e807',48075,3,'66291784-b0d0-4019-8950-d78feb882f3a','Southfield');
INSERT INTO bd_bModel_master_Territories VALUES('9a929dad-7414-42e7-b2b9-6f36da060400',48084,3,'66291784-b0d0-4019-8950-d78feb882f3a','Troy');
INSERT INTO bd_bModel_master_Territories VALUES('d505ac01-da3a-42e3-bb46-2624f79de483',48304,3,'66291784-b0d0-4019-8950-d78feb882f3a','Bloomfield Hills');
INSERT INTO bd_bModel_master_Territories VALUES('e36120c2-5ef6-4c58-97d4-9ed3d15ae575',53404,3,'66291784-b0d0-4019-8950-d78feb882f3a','Racine');
INSERT INTO bd_bModel_master_Territories VALUES('0f327bdd-0566-46c6-a4bf-dab47adcff29',55113,3,'66291784-b0d0-4019-8950-d78feb882f3a','Roseville');
INSERT INTO bd_bModel_master_Territories VALUES('ae5e6c22-60cc-4b66-be6b-8bdb4ad7b06c',55439,3,'66291784-b0d0-4019-8950-d78feb882f3a','Minneapolis');
INSERT INTO bd_bModel_master_Territories VALUES('708e6e19-7edc-4a82-8b57-5a4dc89f99d1',60179,2,'8bcddb31-d06a-4911-9fb6-6a08920afac9','Hoffman Estates');
INSERT INTO bd_bModel_master_Territories VALUES('f6d2993a-94b3-4bc2-8eb5-4e53933c71c4',60601,2,'8bcddb31-d06a-4911-9fb6-6a08920afac9','Chicago');
INSERT INTO bd_bModel_master_Territories VALUES('51b3f176-c002-4a91-82ea-c86f0a634306',72716,4,'50c51923-5dac-4f6c-9df5-3a43730ef18c','Bentonville');
INSERT INTO bd_bModel_master_Territories VALUES('34e97992-a636-4108-934d-281c43599db8',75234,4,'50c51923-5dac-4f6c-9df5-3a43730ef18c','Dallas');
INSERT INTO bd_bModel_master_Territories VALUES('45ffc3f5-d853-4aef-9d37-d91b557cd1d2',78759,4,'50c51923-5dac-4f6c-9df5-3a43730ef18c','Austin');
INSERT INTO bd_bModel_master_Territories VALUES('e398a733-cecb-40a2-a28e-465102254e6b',80202,2,'8bcddb31-d06a-4911-9fb6-6a08920afac9','Denver');
INSERT INTO bd_bModel_master_Territories VALUES('09669d6c-8ce0-4a97-95b4-e84751a9d105',80909,2,'8bcddb31-d06a-4911-9fb6-6a08920afac9','Colorado Springs');
INSERT INTO bd_bModel_master_Territories VALUES('7f36330e-274e-4465-b3f5-43f7ffdd6a64',85014,2,'8bcddb31-d06a-4911-9fb6-6a08920afac9','Phoenix');
INSERT INTO bd_bModel_master_Territories VALUES('f520d6f0-e21b-4b8f-aa34-212ac41fffb6',85251,2,'8bcddb31-d06a-4911-9fb6-6a08920afac9','Scottsdale');
INSERT INTO bd_bModel_master_Territories VALUES('c173b2e6-d92f-42d6-99ea-fa9e4b43b7d8',90405,2,'8bcddb31-d06a-4911-9fb6-6a08920afac9','Santa Monica');
INSERT INTO bd_bModel_master_Territories VALUES('fca5da85-e049-4364-8a2d-94161a96278f',94025,2,'8bcddb31-d06a-4911-9fb6-6a08920afac9','Menlo Park');
INSERT INTO bd_bModel_master_Territories VALUES('09dc108a-c7db-4b13-8b99-611c51948dbf',94105,2,'8bcddb31-d06a-4911-9fb6-6a08920afac9','San Francisco');
INSERT INTO bd_bModel_master_Territories VALUES('aa3ba8b8-f673-4a81-946a-198daed2591f',95008,2,'8bcddb31-d06a-4911-9fb6-6a08920afac9','Campbell');
INSERT INTO bd_bModel_master_Territories VALUES('e22f402f-d469-42fa-b649-8fd5a4f5cce0',95054,2,'8bcddb31-d06a-4911-9fb6-6a08920afac9','Santa Clara');
INSERT INTO bd_bModel_master_Territories VALUES('a638d903-7909-4938-8081-db7444271a61',95060,2,'8bcddb31-d06a-4911-9fb6-6a08920afac9','Santa Cruz');
INSERT INTO bd_bModel_master_Territories VALUES('9e937393-1766-457d-8c4c-d765ab667ce3',98004,2,'8bcddb31-d06a-4911-9fb6-6a08920afac9','Bellevue');
INSERT INTO bd_bModel_master_Territories VALUES('ee4127ef-ee9d-480a-b359-d814a9746d38',98052,2,'8bcddb31-d06a-4911-9fb6-6a08920afac9','Redmond');
INSERT INTO bd_bModel_master_Territories VALUES('346231e4-9aea-4fbd-b7c2-1dffd462eb5a',98104,2,'8bcddb31-d06a-4911-9fb6-6a08920afac9','Seattle');
/*CREATE TABLE bd_bModel_master_Regions (
  ID NVARCHAR(36) NOT NULL,
  RegionID INTEGER,
  Description NVARCHAR(250) NOT NULL,
  PRIMARY KEY(ID)
);
*/INSERT INTO bd_bModel_master_Regions VALUES('5a13ea79-2b5f-4996-a5a0-d36b6386421d',1,'Eastern');
INSERT INTO bd_bModel_master_Regions VALUES('8bcddb31-d06a-4911-9fb6-6a08920afac9',2,'Western');
INSERT INTO bd_bModel_master_Regions VALUES('66291784-b0d0-4019-8950-d78feb882f3a',3,'Northern');
INSERT INTO bd_bModel_master_Regions VALUES('50c51923-5dac-4f6c-9df5-3a43730ef18c',4,'Southern');
/*CREATE TABLE bd_bModel_master_Shippers (
  ID NVARCHAR(36) NOT NULL,
  createdAt TIMESTAMP_TEXT,
  createdBy NVARCHAR(255),
  modifiedAt TIMESTAMP_TEXT,
  modifiedBy NVARCHAR(255),
  ShipperID INTEGER,
  CompanyName NVARCHAR(100) NOT NULL,
  Phone NVARCHAR(20) DEFAULT '9099973246',
  PRIMARY KEY(ID)
);
*/INSERT INTO bd_bModel_master_Shippers VALUES('47a2f778-93e0-47b7-9022-22a53dfccf7f','2025-10-27T13:29:22.666Z','anonymous','2025-10-27T13:29:22.666Z','anonymous',1,'Speedy Express','(503) 555-9831');
INSERT INTO bd_bModel_master_Shippers VALUES('717e80ba-169e-4387-9a76-f8a1c3191679','2025-10-27T13:29:22.666Z','anonymous','2025-10-27T13:29:22.666Z','anonymous',2,'United Package','(503) 555-3199');
INSERT INTO bd_bModel_master_Shippers VALUES('8ea627a0-40c9-4179-9859-ee8b8c5c0d24','2025-10-27T13:29:22.666Z','anonymous','2025-10-27T13:29:22.666Z','anonymous',3,'Federal Shipping','(503) 555-9931');
/*CREATE TABLE bd_bModel_master_Suppliers (
  ID NVARCHAR(36) NOT NULL,
  createdAt TIMESTAMP_TEXT,
  createdBy NVARCHAR(255),
  modifiedAt TIMESTAMP_TEXT,
  modifiedBy NVARCHAR(255),
  CompanyName NVARCHAR(100) NOT NULL,
  ContactName NVARCHAR(100) NOT NULL,
  ContactTitle NVARCHAR(100),
  Address NVARCHAR(250),
  City NVARCHAR(100),
  PostalCode NVARCHAR(20),
  Country NVARCHAR(100),
  Phone NVARCHAR(50),
  Fax NVARCHAR(50),
  Website NVARCHAR(100) DEFAULT 'www.notexist.com',
  PRIMARY KEY(ID)
);
*/INSERT INTO bd_bModel_master_Suppliers VALUES('8d7bb7a4-6c6e-41dd-8808-5f9fed02009a','2025-10-27T13:29:22.666Z','anonymous','2025-10-27T13:29:22.666Z','anonymous','Exotic Liquids','Charlotte Cooper','Purchasing Manager','49 Gilbert St.','London','EC1 4SD','UK','(171) 555-2222',NULL,'www.notexist.com');
INSERT INTO bd_bModel_master_Suppliers VALUES('aca0dc78-533e-4657-a5a1-e500b417b50c','2025-10-27T13:29:22.666Z','anonymous','2025-10-27T13:29:22.666Z','anonymous','New Orleans Cajun Delights','Shelley Burke','Order Administrator','P.O. Box 78934','New Orleans','70117','USA','(100) 555-4822',NULL,'www.notexist.com');
INSERT INTO bd_bModel_master_Suppliers VALUES('8ad92cff-0490-4035-add4-de96fa2f91b8','2025-10-27T13:29:22.666Z','anonymous','2025-10-27T13:29:22.666Z','anonymous','Grandma Kelly''s Homestead','Regina Murphy','Sales Representative','707 Oxford Rd.','Ann Arbor','48104','USA','(313) 555-5735','(313) 555-3349','www.notexist.com');
INSERT INTO bd_bModel_master_Suppliers VALUES('c2fee4c8-c1d8-427a-9557-a3af41dd84fe','2025-10-27T13:29:22.666Z','anonymous','2025-10-27T13:29:22.666Z','anonymous','Tokyo Traders','Yoshi Nagase','Marketing Manager','9-8 Sekimai Musashino-shi','Tokyo','100','Japan','(03) 3555-5011',NULL,'www.notexist.com');
INSERT INTO bd_bModel_master_Suppliers VALUES('f44e3eff-64e2-400d-af42-61bf094e2f04','2025-10-27T13:29:22.666Z','anonymous','2025-10-27T13:29:22.666Z','anonymous','Cooperativa de Quesos ''Las Cabras''','Antonio del Valle Saavedra','Export Administrator','Calle del Rosal 4','Oviedo','33007','Spain','(98) 598 76 54',NULL,'www.notexist.com');
INSERT INTO bd_bModel_master_Suppliers VALUES('c0951073-ca62-41db-b1dd-c2f324fcbbfb','2025-10-27T13:29:22.666Z','anonymous','2025-10-27T13:29:22.666Z','anonymous','Mayumi''s','Mayumi Ohno','Marketing Representative','92 Setsuko Chuo-ku','Osaka','545','Japan','(06) 431-7877',NULL,'www.notexist.com');
INSERT INTO bd_bModel_master_Suppliers VALUES('d4fcf7b2-92a2-469e-bb6d-e3a71729a92b','2025-10-27T13:29:22.666Z','anonymous','2025-10-27T13:29:22.666Z','anonymous','Pavlova, Ltd.','Ian Devling','Marketing Manager','74 Rose St. Moonie Ponds','Melbourne','3058','Australia','(03) 444-2343','(03) 444-6588','www.notexist.com');
INSERT INTO bd_bModel_master_Suppliers VALUES('73a84c5d-f85e-4b72-ad78-1c1f0daf5102','2025-10-27T13:29:22.666Z','anonymous','2025-10-27T13:29:22.666Z','anonymous','Specialty Biscuits, Ltd.','Peter Wilson','Sales Representative','29 King''s Way','Manchester','M14 GSD','UK','(161) 555-4448',NULL,'www.notexist.com');
INSERT INTO bd_bModel_master_Suppliers VALUES('e75a48d0-ede3-4847-b6e4-9d31854f9725','2025-10-27T13:29:22.666Z','anonymous','2025-10-27T13:29:22.666Z','anonymous','PB Knäckebröd AB','Lars Peterson','Sales Agent','Kaloadagatan 13','Göteborg','S-345 67','Sweden','031-987 65 43','031-987 65 91','www.notexist.com');
INSERT INTO bd_bModel_master_Suppliers VALUES('9f9e14ef-5130-4f12-86e1-d2d12f78cc0f','2025-10-27T13:29:22.666Z','anonymous','2025-10-27T13:29:22.666Z','anonymous','Refrescos Americanas LTDA','Carlos Diaz','Marketing Manager','Av. das Americanas 12.890','Sao Paulo','5442','Brazil','(11) 555 4640',NULL,'www.notexist.com');
INSERT INTO bd_bModel_master_Suppliers VALUES('9f0ee6ab-74b2-4e27-88e2-924378d008aa','2025-10-27T13:29:22.666Z','anonymous','2025-10-27T13:29:22.666Z','anonymous','Heli Süßwaren GmbH & Co. KG','Petra Winkler','Sales Manager','Tiergartenstraße 5','Berlin','10785','Germany','(010) 9984510',NULL,'www.notexist.com');
INSERT INTO bd_bModel_master_Suppliers VALUES('4af6a023-a9b1-4b08-9a22-6af515d2aeeb','2025-10-27T13:29:22.666Z','anonymous','2025-10-27T13:29:22.666Z','anonymous','Plutzer Lebensmittelgroßmärkte AG','Martin Bein','International Marketing Mgr.','Bogenallee 51','Frankfurt','60439','Germany','(069) 992755',NULL,'www.notexist.com');
INSERT INTO bd_bModel_master_Suppliers VALUES('bd3fbd0c-d1d1-430a-90cb-48445a5e0ca8','2025-10-27T13:29:22.666Z','anonymous','2025-10-27T13:29:22.666Z','anonymous','Nord-Ost-Fisch Handelsgesellschaft mbH','Sven Petersen','Coordinator Foreign Markets','Frahmredder 112a','Cuxhaven','27478','Germany','(04721) 8713','(04721) 8714','www.notexist.com');
INSERT INTO bd_bModel_master_Suppliers VALUES('75f2bea0-49fe-4853-8d45-993a0f8fa0b6','2025-10-27T13:29:22.666Z','anonymous','2025-10-27T13:29:22.666Z','anonymous','Formaggi Fortini s.r.l.','Elio Rossi','Sales Representative','Viale Dante, 75','Ravenna','48100','Italy','(0544) 60323','(0544) 60603','www.notexist.com');
INSERT INTO bd_bModel_master_Suppliers VALUES('a2953d68-3d1f-4954-a27e-a0d91a9b1645','2025-10-27T13:29:22.666Z','anonymous','2025-10-27T13:29:22.666Z','anonymous','Norske Meierier','Beate Vileid','Marketing Manager','Hatlevegen 5','Sandvika','1320','Norway','(0)2-953010',NULL,'www.notexist.com');
INSERT INTO bd_bModel_master_Suppliers VALUES('e2827c41-8376-468b-b8ad-b85386dc5df3','2025-10-27T13:29:22.666Z','anonymous','2025-10-27T13:29:22.666Z','anonymous','Bigfoot Breweries','Cheryl Saylor','Regional Account Rep.','3400 - 8th Avenue Suite 210','Bend','97101','USA','(503) 555-9931',NULL,'www.notexist.com');
INSERT INTO bd_bModel_master_Suppliers VALUES('d1c0b2e6-0c95-4c0b-8b14-456ea2bcb683','2025-10-27T13:29:22.666Z','anonymous','2025-10-27T13:29:22.666Z','anonymous','Svensk Sjöföda AB','Michael Björn','Sales Representative','Brovallavägen 231','Stockholm','S-123 45','Sweden','08-123 45 67',NULL,'www.notexist.com');
INSERT INTO bd_bModel_master_Suppliers VALUES('3089ebe7-7eb8-42f3-a277-7267389004c0','2025-10-27T13:29:22.666Z','anonymous','2025-10-27T13:29:22.666Z','anonymous','Aux joyeux ecclésiastiques','Guylène Nodier','Sales Manager','203, Rue des Francs-Bourgeois','Paris','75004','France','(1) 03.83.00.68','(1) 03.83.00.62','www.notexist.com');
INSERT INTO bd_bModel_master_Suppliers VALUES('c110a7ef-104a-413f-b3f2-3ace7c4a1b18','2025-10-27T13:29:22.666Z','anonymous','2025-10-27T13:29:22.666Z','anonymous','New England Seafood Cannery','Robb Merchant','Wholesale Account Agent','Order Processing Dept. 2100 Paul Revere Blvd.','Boston','02134','USA','(617) 555-3267','(617) 555-3389','www.notexist.com');
INSERT INTO bd_bModel_master_Suppliers VALUES('f33f0f83-15f2-48d9-83f8-c438d19fb54d','2025-10-27T13:29:22.666Z','anonymous','2025-10-27T13:29:22.666Z','anonymous','Leka Trading','Chandra Leka','Owner','471 Serangoon Loop, Suite #402','Singapore','0512','Singapore','555-8787',NULL,'www.notexist.com');
INSERT INTO bd_bModel_master_Suppliers VALUES('ff0cfdb3-6410-477c-a510-a3a2b5b81ecb','2025-10-27T13:29:22.666Z','anonymous','2025-10-27T13:29:22.666Z','anonymous','Lyngbysild','Niels Petersen','Sales Manager','Lyngbysild Fiskebakken 10','Lyngby','2800','Denmark','43844108','43844115','www.notexist.com');
INSERT INTO bd_bModel_master_Suppliers VALUES('2b9ea391-b8a1-4f79-b7e6-4a74c8b823d7','2025-10-27T13:29:22.666Z','anonymous','2025-10-27T13:29:22.666Z','anonymous','Zaanse Snoepfabriek','Dirk Luchte','Accounting Manager','Verkoop Rijnweg 22','Zaandam','9999 ZZ','Netherlands','(12345) 1212','(12345) 1210','www.notexist.com');
INSERT INTO bd_bModel_master_Suppliers VALUES('91aef6a9-7111-4cfc-b243-7178e0e0132f','2025-10-27T13:29:22.666Z','anonymous','2025-10-27T13:29:22.666Z','anonymous','Karkki Oy','Anne Heikkonen','Product Manager','Valtakatu 12','Lappeenranta','53120','Finland','(953) 10956',NULL,'www.notexist.com');
INSERT INTO bd_bModel_master_Suppliers VALUES('770e88f2-15e8-4fe3-a54b-543ef5aeaaea','2025-10-27T13:29:22.666Z','anonymous','2025-10-27T13:29:22.666Z','anonymous','G''day, Mate','Wendy Mackenzie','Sales Representative','170 Prince Edward Parade Hunter''s Hill','Sydney','2042','Australia','(02) 555-5914','(02) 555-4873','www.notexist.com');
INSERT INTO bd_bModel_master_Suppliers VALUES('3dd38cad-aade-4ba2-90a1-4b69d856527e','2025-10-27T13:29:22.666Z','anonymous','2025-10-27T13:29:22.666Z','anonymous','Ma Maison','Jean-Guy Lauzon','Marketing Manager','2960 Rue St. Laurent','Montréal','H1J 1C3','Canada','(514) 555-9022',NULL,'www.notexist.com');
INSERT INTO bd_bModel_master_Suppliers VALUES('be055417-b94c-489d-9f8c-ff37e8ec4d25','2025-10-27T13:29:22.666Z','anonymous','2025-10-27T13:29:22.666Z','anonymous','Pasta Buttini s.r.l.','Giovanni Giudici','Order Administrator','Via dei Gelsomini, 153','Salerno','84100','Italy','(089) 6547665','(089) 6547667','www.notexist.com');
INSERT INTO bd_bModel_master_Suppliers VALUES('ac853677-aff4-43a4-960c-5057adc8d0d7','2025-10-27T13:29:22.666Z','anonymous','2025-10-27T13:29:22.666Z','anonymous','Escargots Nouveaux','Marie Delamare','Sales Manager','22, rue H. Voiron','Montceau','71300','France','85.57.00.07',NULL,'www.notexist.com');
INSERT INTO bd_bModel_master_Suppliers VALUES('05491e17-404b-4d19-a37d-b3ffd9072845','2025-10-27T13:29:22.666Z','anonymous','2025-10-27T13:29:22.666Z','anonymous','Gai pâturage','Eliane Noz','Sales Representative','Bat. B 3, rue des Alpes','Annecy','74000','France','38.76.98.06','38.76.98.58','www.notexist.com');
INSERT INTO bd_bModel_master_Suppliers VALUES('e285699e-f7db-4c1f-8630-3bd8679d66d2','2025-10-27T13:29:22.666Z','anonymous','2025-10-27T13:29:22.666Z','anonymous','Forêts d''érables','Chantal Goulet','Accounting Manager','148 rue Chasseur','Ste-Hyacinthe','J2S 7S8','Canada','(514) 555-2955','(514) 555-2921','www.notexist.com');
/*CREATE TABLE cds_outbox_Messages (
  ID NVARCHAR(36) NOT NULL,
  timestamp TIMESTAMP_TEXT,
  target NVARCHAR(255),
  msg NCLOB,
  attempts INTEGER DEFAULT 0,
  "partition" INTEGER DEFAULT 0,
  lastError NCLOB,
  lastAttemptTimestamp TIMESTAMP_TEXT,
  status NVARCHAR(23),
  PRIMARY KEY(ID)
);*/
/*CREATE VIEW CatalogService_Categories AS SELECT
  Categories_0.ID,
  Categories_0.CategoryName,
  Categories_0.Description
FROM bd_bModel_master_Categories AS Categories_0;*/
COMMIT;
